{"directed": false, "links": [{"target": "7391", "weight": 1.0, "tag_story": [["[7391,7492]", "2018/02/20", "2018/02/20"]], "label": "tag_76+date_start=2018/02/20", "source": "7492", "id": "218", "spells": [["2018/02/20", "2018/02/20"]]}, {"target": "7567", "weight": 1.0, "tag_story": [["[7394,7567]", "2018/02/20", "2018/02/20"]], "label": "tag_157+date_start=2018/02/20", "source": "7394", "id": "556", "spells": [["2018/02/20", "2018/02/20"]]}, {"edgemeta": ["story"], "target": "57", "weight": 1.0, "label": "create_130+date_start=2018/02/20", "source": "7394", "edgeweight": {"7394": 2.0, "57": 2.0}, "id": "93", "create_story": [["[57,7394]", "2018/02/20", "2018/02/20"]], "spells": [["2018/02/20", "2018/02/20"]]}, {"target": "7539", "weight": 1.0, "tag_story": [["[7394,7539]", "2018/02/20", "2018/02/20"]], "label": "tag_127+date_start=2018/02/20", "source": "7394", "id": "503", "spells": [["2018/02/20", "2018/02/20"]]}, {"target": "7476", "weight": 1.0, "tag_story": [["[7394,7476]", "2018/02/20", "2018/02/20"]], "label": "tag_60+date_start=2018/02/20", "source": "7394", "id": "187", "spells": [["2018/02/20", "2018/02/20"]]}, {"target": "7556", "weight": 1.0, "tag_story": [["[7394,7556]", "2018/02/20", "2018/02/20"]], "label": "tag_144+date_start=2018/02/20", "source": "7394", "id": "530", "spells": [["2018/02/20", "2018/02/20"]]}, {"target": "7555", "weight": 1.0, "tag_story": [["[7394,7555]", "2018/02/20", "2018/02/20"]], "label": "tag_143+date_start=2018/02/20", "source": "7394", "id": "529", "spells": [["2018/02/20", "2018/02/20"]]}, {"target": "7398", "weight": 1.0, "tag_story": [["[7398,7694]", "2018/02/28", "2018/02/28"]], "label": "tag_298+date_start=2018/02/28", "source": "7694", "id": "706", "spells": [["2018/02/28", "2018/02/28"]]}, {"target": "7398", "weight": 1.0, "tag_story": [["[7398,7696]", "2018/02/28", "2018/02/28"]], "label": "tag_300+date_start=2018/02/28", "source": "7696", "id": "708", "spells": [["2018/02/28", "2018/02/28"]]}, {"target": "7398", "weight": 1.0, "tag_story": [["[7398,7697]", "2018/02/28", "2018/02/28"]], "label": "tag_301+date_start=2018/02/28", "source": "7697", "id": "709", "spells": [["2018/02/28", "2018/02/28"]]}, {"target": "7389", "weight": 1.0, "tag_story": [["[7389,7690]", "2018/02/02", "2018/02/02"]], "label": "tag_291+date_start=2018/02/02", "source": "7690", "id": "696", "spells": [["2018/02/02", "2018/02/02"]]}, {"target": "7390", "weight": 1.0, "tag_story": [["[7390,7691]", "2018/02/18", "2018/02/18"]], "label": "tag_292+date_start=2018/02/18", "source": "7691", "id": "698", "spells": [["2018/02/18", "2018/02/18"]]}, {"target": "7391", "weight": 1.0, "tag_story": [["[7391,7692]", "2018/02/20", "2018/02/20"]], "label": "tag_293+date_start=2018/02/20", "source": "7692", "id": "702", "spells": [["2018/02/20", "2018/02/20"]]}, {"target": "7395", "weight": 1.0, "tag_story": [["[7395,7693]", "2018/02/20", "2018/02/20"]], "label": "tag_294+date_start=2018/02/20", "source": "7693", "id": "703", "spells": [["2018/02/20", "2018/02/20"]]}, {"target": "7398", "weight": 1.0, "tag_story": [["[7398,7698]", "2018/02/28", "2018/02/28"]], "label": "tag_302+date_start=2018/02/28", "source": "7698", "id": "710", "spells": [["2018/02/28", "2018/02/28"]]}, {"target": "7398", "weight": 1.0, "tag_story": [["[7398,7699]", "2018/02/28", "2018/02/28"]], "label": "tag_303+date_start=2018/02/28", "source": "7699", "id": "711", "spells": [["2018/02/28", "2018/02/28"]]}, {"target": "7397", "weight": 1.0, "tag_story": [["[7397,7548]", "2018/02/20", "2018/02/20"]], "label": "tag_136+date_start=2018/02/20", "source": "7548", "id": "525", "spells": [["2018/02/20", "2018/02/20"]]}, {"target": "7397", "weight": 1.0, "tag_story": [["[7397,7540]", "2018/02/20", "2018/02/20"]], "label": "tag_128+date_start=2018/02/20", "source": "7540", "id": "512", "spells": [["2018/02/20", "2018/02/20"]]}, {"target": "7393", "weight": 1.0, "tag_story": [["[7393,7543]", "2018/02/20", "2018/02/20"]], "label": "tag_131+date_start=2018/02/20", "source": "7543", "id": "515", "spells": [["2018/02/20", "2018/02/20"]]}, {"target": "7393", "weight": 1.0, "tag_story": [["[7393,7544]", "2018/02/20", "2018/02/20"]], "label": "tag_132+date_start=2018/02/20", "source": "7544", "id": "516", "spells": [["2018/02/20", "2018/02/20"]]}, {"target": "7397", "weight": 1.0, "tag_story": [["[7397,7545]", "2018/02/20", "2018/02/20"]], "label": "tag_133+date_start=2018/02/20", "source": "7545", "id": "521", "spells": [["2018/02/20", "2018/02/20"]]}, {"target": "7396", "weight": 1.0, "tag_story": [["[7396,7545]", "2018/02/20", "2018/02/20"]], "label": "tag_133+date_start=2018/02/20", "source": "7545", "id": "520", "spells": [["2018/02/20", "2018/02/20"]]}, {"target": "7391", "weight": 1.0, "tag_story": [["[7391,7545]", "2018/02/20", "2018/02/20"]], "label": "tag_133+date_start=2018/02/20", "source": "7545", "id": "518", "spells": [["2018/02/20", "2018/02/20"]]}, {"target": "7390", "weight": 1.0, "tag_story": [["[7390,7545]", "2018/02/18", "2018/02/18"]], "label": "tag_133+date_start=2018/02/18", "source": "7545", "id": "517", "spells": [["2018/02/18", "2018/02/18"]]}, {"target": "7393", "weight": 1.0, "tag_story": [["[7393,7545]", "2018/02/20", "2018/02/20"]], "label": "tag_133+date_start=2018/02/20", "source": "7545", "id": "519", "spells": [["2018/02/20", "2018/02/20"]]}, {"target": "7396", "weight": 1.0, "tag_story": [["[7396,7546]", "2018/02/20", "2018/02/20"]], "label": "tag_134+date_start=2018/02/20", "source": "7546", "id": "523", "spells": [["2018/02/20", "2018/02/20"]]}, {"target": "7396", "weight": 1.0, "tag_story": [["[7396,7547]", "2018/02/20", "2018/02/20"]], "label": "tag_135+date_start=2018/02/20", "source": "7547", "id": "524", "spells": [["2018/02/20", "2018/02/20"]]}, {"target": "7395", "weight": 1.0, "tag_story": [["[7395,7567]", "2018/02/20", "2018/02/20"]], "label": "tag_157+date_start=2018/02/20", "source": "7567", "id": "557", "spells": [["2018/02/20", "2018/02/20"]]}, {"target": "7397", "weight": 1.0, "tag_story": [["[7397,7567]", "2018/02/20", "2018/02/20"]], "label": "tag_157+date_start=2018/02/20", "source": "7567", "id": "559", "spells": [["2018/02/20", "2018/02/20"]]}, {"target": "7396", "weight": 1.0, "tag_story": [["[7396,7567]", "2018/02/20", "2018/02/20"]], "label": "tag_157+date_start=2018/02/20", "source": "7567", "id": "558", "spells": [["2018/02/20", "2018/02/20"]]}, {"target": "7391", "weight": 1.0, "tag_story": [["[7391,7567]", "2018/02/20", "2018/02/20"]], "label": "tag_157+date_start=2018/02/20", "source": "7567", "id": "553", "spells": [["2018/02/20", "2018/02/20"]]}, {"target": "7390", "weight": 1.0, "tag_story": [["[7390,7567]", "2018/02/18", "2018/02/18"]], "label": "tag_157+date_start=2018/02/18", "source": "7567", "id": "552", "spells": [["2018/02/18", "2018/02/18"]]}, {"target": "7393", "weight": 1.0, "tag_story": [["[7393,7567]", "2018/02/20", "2018/02/20"]], "label": "tag_157+date_start=2018/02/20", "source": "7567", "id": "555", "spells": [["2018/02/20", "2018/02/20"]]}, {"target": "7392", "weight": 1.0, "tag_story": [["[7392,7567]", "2018/02/20", "2018/02/20"]], "label": "tag_157+date_start=2018/02/20", "source": "7567", "id": "554", "spells": [["2018/02/20", "2018/02/20"]]}, {"target": "7397", "weight": 1.0, "tag_story": [["[7397,7562]", "2018/02/20", "2018/02/20"]], "label": "tag_152+date_start=2018/02/20", "source": "7562", "id": "533", "spells": [["2018/02/20", "2018/02/20"]]}, {"target": "7393", "weight": 1.0, "tag_story": [["[7393,7563]", "2018/02/20", "2018/02/20"]], "label": "tag_153+date_start=2018/02/20", "source": "7563", "id": "534", "spells": [["2018/02/20", "2018/02/20"]]}, {"target": "7397", "weight": 1.0, "tag_story": [["[7397,7504]", "2018/02/20", "2018/02/20"]], "label": "tag_92+date_start=2018/02/20", "source": "7504", "id": "374", "spells": [["2018/02/20", "2018/02/20"]]}, {"target": "7395", "weight": 1.0, "tag_story": [["[7395,7506]", "2018/02/20", "2018/02/20"]], "label": "tag_94+date_start=2018/02/20", "source": "7506", "id": "398", "spells": [["2018/02/20", "2018/02/20"]]}, {"target": "7392", "weight": 1.0, "tag_story": [["[7392,7506]", "2018/02/20", "2018/02/20"]], "label": "tag_94+date_start=2018/02/20", "source": "7506", "id": "397", "spells": [["2018/02/20", "2018/02/20"]]}, {"target": "7396", "weight": 1.0, "tag_story": [["[7396,7500]", "2018/02/20", "2018/02/20"]], "label": "tag_88+date_start=2018/02/20", "source": "7500", "id": "249", "spells": [["2018/02/20", "2018/02/20"]]}, {"target": "7391", "weight": 1.0, "tag_story": [["[7391,7500]", "2018/02/20", "2018/02/20"]], "label": "tag_88+date_start=2018/02/20", "source": "7500", "id": "248", "spells": [["2018/02/20", "2018/02/20"]]}, {"target": "7391", "weight": 1.0, "tag_story": [["[7391,7501]", "2018/02/20", "2018/02/20"]], "label": "tag_89+date_start=2018/02/20", "source": "7501", "id": "258", "spells": [["2018/02/20", "2018/02/20"]]}, {"edgemeta": ["story"], "target": "45", "weight": 1.0, "label": "create_121+date_start=2018/02/02", "source": "7389", "edgeweight": {"7389": 2.0, "45": 2.0}, "id": "88", "create_story": [["[45,7389]", "2018/02/02", "2018/02/02"]], "spells": [["2018/02/02", "2018/02/02"]]}, {"target": "7602", "weight": 1.0, "tag_story": [["[7389,7602]", "2018/02/02", "2018/02/02"]], "label": "tag_198+date_start=2018/02/02", "source": "7389", "id": "602", "spells": [["2018/02/02", "2018/02/02"]]}, {"target": "7687", "weight": 1.0, "tag_story": [["[7389,7687]", "2018/02/02", "2018/02/02"]], "label": "tag_288+date_start=2018/02/02", "source": "7389", "id": "693", "spells": [["2018/02/02", "2018/02/02"]]}, {"target": "7686", "weight": 1.0, "tag_story": [["[7389,7686]", "2018/02/02", "2018/02/02"]], "label": "tag_287+date_start=2018/02/02", "source": "7389", "id": "692", "spells": [["2018/02/02", "2018/02/02"]]}, {"target": "7685", "weight": 1.0, "tag_story": [["[7389,7685]", "2018/02/02", "2018/02/02"]], "label": "tag_286+date_start=2018/02/02", "source": "7389", "id": "691", "spells": [["2018/02/02", "2018/02/02"]]}, {"target": "7689", "weight": 1.0, "tag_story": [["[7389,7689]", "2018/02/02", "2018/02/02"]], "label": "tag_290+date_start=2018/02/02", "source": "7389", "id": "695", "spells": [["2018/02/02", "2018/02/02"]]}, {"target": "7688", "weight": 1.0, "tag_story": [["[7389,7688]", "2018/02/02", "2018/02/02"]], "label": "tag_289+date_start=2018/02/02", "source": "7389", "id": "694", "spells": [["2018/02/02", "2018/02/02"]]}, {"target": "7392", "weight": 1.0, "tag_story": [["[7392,7659]", "2018/02/20", "2018/02/20"]], "label": "tag_255+date_start=2018/02/20", "source": "7659", "id": "661", "spells": [["2018/02/20", "2018/02/20"]]}, {"target": "7390", "weight": 1.0, "tag_story": [["[7390,7512]", "2018/02/18", "2018/02/18"]], "label": "tag_100+date_start=2018/02/18", "source": "7512", "id": "415", "spells": [["2018/02/18", "2018/02/18"]]}, {"target": "7396", "weight": 1.0, "tag_story": [["[7396,7485]", "2018/02/20", "2018/02/20"]], "label": "tag_69+date_start=2018/02/20", "source": "7485", "id": "201", "spells": [["2018/02/20", "2018/02/20"]]}, {"target": "7390", "weight": 1.0, "tag_story": [["[7390,7485]", "2018/02/18", "2018/02/18"]], "label": "tag_69+date_start=2018/02/18", "source": "7485", "id": "200", "spells": [["2018/02/18", "2018/02/18"]]}, {"target": "7579", "weight": 1.0, "tag_story": [["[7393,7579]", "2018/02/20", "2018/02/20"]], "label": "tag_174+date_start=2018/02/20", "source": "7393", "id": "578", "spells": [["2018/02/20", "2018/02/20"]]}, {"edgemeta": ["story"], "target": "57", "weight": 1.0, "label": "create_129+date_start=2018/02/20", "source": "7393", "edgeweight": {"57": 2.0, "7393": 2.0}, "id": "92", "create_story": [["[57,7393]", "2018/02/20", "2018/02/20"]], "spells": [["2018/02/20", "2018/02/20"]]}, {"target": "7539", "weight": 1.0, "tag_story": [["[7393,7539]", "2018/02/20", "2018/02/20"]], "label": "tag_127+date_start=2018/02/20", "source": "7393", "id": "502", "spells": [["2018/02/20", "2018/02/20"]]}, {"edgemeta": ["story"], "target": "57", "weight": 1.0, "label": "create_128+date_start=2018/02/20", "source": "7392", "edgeweight": {"57": 2.0, "7392": 2.0}, "id": "91", "create_story": [["[57,7392]", "2018/02/20", "2018/02/20"]], "spells": [["2018/02/20", "2018/02/20"]]}, {"target": "7539", "weight": 1.0, "tag_story": [["[7392,7539]", "2018/02/20", "2018/02/20"]], "label": "tag_127+date_start=2018/02/20", "source": "7392", "id": "501", "spells": [["2018/02/20", "2018/02/20"]]}, {"target": "7553", "weight": 1.0, "tag_story": [["[7392,7553]", "2018/02/20", "2018/02/20"]], "label": "tag_141+date_start=2018/02/20", "source": "7392", "id": "528", "spells": [["2018/02/20", "2018/02/20"]]}, {"target": "7398", "weight": 1.0, "tag_story": [["[7398,7700]", "2018/02/28", "2018/02/28"]], "label": "tag_304+date_start=2018/02/28", "source": "7700", "id": "712", "spells": [["2018/02/28", "2018/02/28"]]}, {"target": "7398", "weight": 1.0, "tag_story": [["[7398,7695]", "2018/02/28", "2018/02/28"]], "label": "tag_299+date_start=2018/02/28", "source": "7695", "id": "707", "spells": [["2018/02/28", "2018/02/28"]]}, {"target": "7395", "weight": 1.0, "tag_story": [["[7395,7539]", "2018/02/20", "2018/02/20"]], "label": "tag_127+date_start=2018/02/20", "source": "7539", "id": "504", "spells": [["2018/02/20", "2018/02/20"]]}, {"target": "7397", "weight": 1.0, "tag_story": [["[7397,7539]", "2018/02/20", "2018/02/20"]], "label": "tag_127+date_start=2018/02/20", "source": "7539", "id": "506", "spells": [["2018/02/20", "2018/02/20"]]}, {"target": "7396", "weight": 1.0, "tag_story": [["[7396,7539]", "2018/02/20", "2018/02/20"]], "label": "tag_127+date_start=2018/02/20", "source": "7539", "id": "505", "spells": [["2018/02/20", "2018/02/20"]]}, {"target": "7391", "weight": 1.0, "tag_story": [["[7391,7539]", "2018/02/20", "2018/02/20"]], "label": "tag_127+date_start=2018/02/20", "source": "7539", "id": "500", "spells": [["2018/02/20", "2018/02/20"]]}, {"target": "7390", "weight": 1.0, "tag_story": [["[7390,7539]", "2018/02/18", "2018/02/18"]], "label": "tag_127+date_start=2018/02/18", "source": "7539", "id": "499", "spells": [["2018/02/18", "2018/02/18"]]}, {"edgemeta": ["story"], "target": "7395", "weight": 1.0, "label": "create_131+date_start=2018/02/20", "source": "57", "edgeweight": {"7395": 2.0, "57": 2.0}, "id": "94", "create_story": [["[57,7395]", "2018/02/20", "2018/02/20"]], "spells": [["2018/02/20", "2018/02/20"]]}, {"edgemeta": ["story"], "target": "7397", "weight": 1.0, "label": "create_133+date_start=2018/02/20", "source": "57", "edgeweight": {"7397": 2.0, "57": 2.0}, "id": "96", "create_story": [["[57,7397]", "2018/02/20", "2018/02/20"]], "spells": [["2018/02/20", "2018/02/20"]]}, {"edgemeta": ["story"], "target": "7396", "weight": 1.0, "label": "create_132+date_start=2018/02/20", "source": "57", "edgeweight": {"57": 2.0, "7396": 2.0}, "id": "95", "create_story": [["[57,7396]", "2018/02/20", "2018/02/20"]], "spells": [["2018/02/20", "2018/02/20"]]}, {"edgemeta": ["story"], "target": "7391", "weight": 1.0, "label": "create_127+date_start=2018/02/20", "source": "57", "edgeweight": {"57": 2.0, "7391": 2.0}, "id": "90", "create_story": [["[57,7391]", "2018/02/20", "2018/02/20"]], "spells": [["2018/02/20", "2018/02/20"]]}, {"edgemeta": ["story"], "target": "7390", "weight": 1.0, "label": "create_124+date_start=2018/02/18", "source": "57", "edgeweight": {"57": 2.0, "7390": 2.0}, "id": "89", "create_story": [["[57,7390]", "2018/02/18", "2018/02/18"]], "spells": [["2018/02/18", "2018/02/18"]]}, {"target": "7395", "weight": 1.0, "tag_story": [["[7395,7557]", "2018/02/20", "2018/02/20"]], "label": "tag_146+date_start=2018/02/20", "source": "7557", "id": "531", "spells": [["2018/02/20", "2018/02/20"]]}, {"target": "7578", "weight": 1.0, "tag_story": [["[7390,7578]", "2018/02/18", "2018/02/18"]], "label": "tag_169+date_start=2018/02/18", "source": "7390", "id": "577", "spells": [["2018/02/18", "2018/02/18"]]}, {"target": "7477", "weight": 1.0, "tag_story": [["[7390,7477]", "2018/02/18", "2018/02/18"]], "label": "tag_61+date_start=2018/02/18", "source": "7390", "id": "189", "spells": [["2018/02/18", "2018/02/18"]]}, {"edgemeta": ["story"], "target": "70", "weight": 1.0, "label": "create_136+date_start=2018/02/28", "source": "7398", "edgeweight": {"7398": 2.0, "70": 2.0}, "id": "97", "create_story": [["[70,7398]", "2018/02/28", "2018/02/28"]], "spells": [["2018/02/28", "2018/02/28"]]}], "multigraph": false, "graph": {"start": "2016/06/01", "node_default": {}, "end": "2018/07/10", "mode": "dynamic", "edge_default": {}}, "date": "2018/03/01", "nodes": [{"nodemeta": ["story"], "stats": {}, "name": "unemployment", "tags": [], "spells": [["2017/11/15", "2017/11/15"], ["2018/02/20", "2018/02/20"]], "tag_story": [["[7391,7492]", "2018/02/20", "2018/02/20"]], "label": "tag_76", "edgetotals": {"transaction": 0, "story": 0, "social": 0, "listing": 0}, "date": "2018/01/01", "avg_totals": {"listing": 0, "story": 0, "transaction": 0, "social": 0}, "kcore": 0, "type": "tag", "id": "7492", "cumu_totals": {"listing": 0, "story": 0, "transaction": 0, "social": 0}}, {"nodemeta": ["story", "story", "story"], "stats": {"story": {"rcreate_story": [], "rtag_story": [], "create_story": [["[57,7394]", "2018/02/20", "2018/02/20"]], "tag_story": [["[7394,7567]", "2018/02/20", "2018/02/20"], ["[7394,7539]", "2018/02/20", "2018/02/20"], ["[7394,7476]", "2018/02/20", "2018/02/20"], ["[7394,7556]", "2018/02/20", "2018/02/20"], ["[7394,7555]", "2018/02/20", "2018/02/20"]]}, "2018/02/20": {"story": {"tag_story": [5, 0]}}}, "title": "Popular Gym San Lorenzo", "spells": [["2018/02/20", "2018/02/20"], ["2018/02/20", "2018/02/20"], ["2018/02/20", "2018/02/20"], ["2018/02/20", "2018/02/20"], ["2018/02/20", "2018/02/20"], ["2018/02/20", "2018/02/20"]], "tag_story": [["[7394,7476]", "2018/02/20", "2018/02/20"], ["[7394,7539]", "2018/02/20", "2018/02/20"], ["[7394,7555]", "2018/02/20", "2018/02/20"], ["[7394,7556]", "2018/02/20", "2018/02/20"], ["[7394,7567]", "2018/02/20", "2018/02/20"]], "label": "story_130", "tags": ["good practices", "buone pratiche", "palestra popolare di san lorenzo", "sport", "culture"], "edgetotals": {"transaction": 0, "story": 2.0, "social": 0, "listing": 0}, "date": "2018/01/01", "avg_totals": {"social": 0.0, "story": 4.0, "transaction": 0.0, "listing": 0.0}, "kcore": 1, "type": "story", "id": "7394", "create_story": [["[57,7394]", "2018/02/20", "2018/02/20"]], "cumu_totals": {"social": 0.0, "story": 1.0, "transaction": 0.0, "listing": 0.0}}, {"nodemeta": ["story"], "stats": {}, "name": "care", "tags": [], "spells": [["2018/02/28", "2018/02/28"]], "tag_story": [["[7398,7694]", "2018/02/28", "2018/02/28"]], "label": "tag_298", "edgetotals": {"transaction": 0, "story": 0, "social": 0, "listing": 0}, "date": "2018/01/01", "avg_totals": {"listing": 0, "story": 0, "transaction": 0, "social": 0}, "kcore": 0, "type": "tag", "id": "7694", "cumu_totals": {"listing": 0, "story": 0, "transaction": 0, "social": 0}}, {"nodemeta": ["story"], "stats": {}, "name": "selforganization", "tags": [], "spells": [["2018/02/28", "2018/02/28"]], "tag_story": [["[7398,7696]", "2018/02/28", "2018/02/28"]], "label": "tag_300", "edgetotals": {"transaction": 0, "story": 0, "social": 0, "listing": 0}, "date": "2018/01/01", "avg_totals": {"listing": 0, "story": 0, "transaction": 0, "social": 0}, "kcore": 0, "type": "tag", "id": "7696", "cumu_totals": {"listing": 0, "story": 0, "transaction": 0, "social": 0}}, {"nodemeta": ["story"], "stats": {}, "name": "childhood", "tags": [], "spells": [["2018/02/28", "2018/02/28"]], "tag_story": [["[7398,7697]", "2018/02/28", "2018/02/28"]], "label": "tag_301", "edgetotals": {"transaction": 0, "story": 0, "social": 0, "listing": 0}, "date": "2018/01/01", "avg_totals": {"listing": 0, "story": 0, "transaction": 0, "social": 0}, "kcore": 0, "type": "tag", "id": "7697", "cumu_totals": {"listing": 0, "story": 0, "transaction": 0, "social": 0}}, {"nodemeta": ["story"], "stats": {}, "name": "griekenland", "tags": [], "spells": [["2018/02/02", "2018/02/02"]], "tag_story": [["[7389,7690]", "2018/02/02", "2018/02/02"]], "label": "tag_291", "edgetotals": {"transaction": 0, "story": 0, "social": 0, "listing": 0}, "date": "2018/01/01", "avg_totals": {"listing": 0, "story": 0, "transaction": 0, "social": 0}, "kcore": 0, "type": "tag", "id": "7690", "cumu_totals": {"listing": 0, "story": 0, "transaction": 0, "social": 0}}, {"kcore": 0, "stats": {}, "name": "cultura", "tags": [], "spells": [["2018/02/18", "2018/02/18"], ["2018/03/09", "2018/03/09"], ["2018/05/09", "2018/05/09"], ["2018/07/05", "2018/07/05"], ["2018/06/22", "2018/06/22"]], "tag_story": [["[7390,7691]", "2018/02/18", "2018/02/18"]], "label": "tag_292", "cumu_totals": {"listing": 0, "story": 0, "transaction": 0, "social": 0}, "edgetotals": {"transaction": 0, "story": 0, "social": 0, "listing": 0}, "date": "2018/01/01", "avg_totals": {"listing": 0, "story": 0, "transaction": 0, "social": 0}, "nodemeta": ["story"], "type": "tag", "id": "7691", "tag_commoner": []}, {"nodemeta": ["story"], "stats": {}, "name": "labour", "tags": [], "spells": [["2018/02/20", "2018/02/20"]], "tag_story": [["[7391,7692]", "2018/02/20", "2018/02/20"]], "label": "tag_293", "edgetotals": {"transaction": 0, "story": 0, "social": 0, "listing": 0}, "date": "2018/01/01", "avg_totals": {"listing": 0, "story": 0, "transaction": 0, "social": 0}, "kcore": 0, "type": "tag", "id": "7692", "cumu_totals": {"listing": 0, "story": 0, "transaction": 0, "social": 0}}, {"nodemeta": ["story"], "stats": {}, "name": "roma", "tags": [], "spells": [["2018/02/20", "2018/02/20"], ["2018/03/19", "2018/03/19"], ["2018/07/03", "2018/07/03"]], "tag_story": [["[7395,7693]", "2018/02/20", "2018/02/20"]], "label": "tag_294", "edgetotals": {"transaction": 0, "story": 0, "social": 0, "listing": 0}, "date": "2018/01/01", "avg_totals": {"listing": 0, "story": 0, "transaction": 0, "social": 0}, "kcore": 0, "type": "tag", "id": "7693", "cumu_totals": {"listing": 0, "story": 0, "transaction": 0, "social": 0}}, {"nodemeta": ["story"], "stats": {}, "name": "parenthood", "tags": [], "spells": [["2018/02/28", "2018/02/28"]], "tag_story": [["[7398,7698]", "2018/02/28", "2018/02/28"]], "label": "tag_302", "edgetotals": {"transaction": 0, "story": 0, "social": 0, "listing": 0}, "date": "2018/01/01", "avg_totals": {"listing": 0, "story": 0, "transaction": 0, "social": 0}, "kcore": 0, "type": "tag", "id": "7698", "cumu_totals": {"listing": 0, "story": 0, "transaction": 0, "social": 0}}, {"nodemeta": ["story"], "stats": {}, "name": "milan", "tags": [], "spells": [["2018/02/28", "2018/02/28"]], "tag_story": [["[7398,7699]", "2018/02/28", "2018/02/28"]], "label": "tag_303", "edgetotals": {"transaction": 0, "story": 0, "social": 0, "listing": 0}, "date": "2018/01/01", "avg_totals": {"listing": 0, "story": 0, "transaction": 0, "social": 0}, "kcore": 0, "type": "tag", "id": "7699", "cumu_totals": {"listing": 0, "story": 0, "transaction": 0, "social": 0}}, {"nodemeta": ["story"], "stats": {}, "name": "ambulatorio medico popolare", "tags": [], "spells": [["2018/02/20", "2018/02/20"]], "tag_story": [["[7397,7548]", "2018/02/20", "2018/02/20"]], "label": "tag_136", "edgetotals": {"transaction": 0, "story": 0, "social": 0, "listing": 0}, "date": "2018/01/01", "avg_totals": {"listing": 0, "story": 0, "transaction": 0, "social": 0}, "kcore": 0, "type": "tag", "id": "7548", "cumu_totals": {"listing": 0, "story": 0, "transaction": 0, "social": 0}}, {"nodemeta": ["story"], "stats": {}, "name": "salute", "tags": [], "spells": [["2018/02/20", "2018/02/20"], ["2018/07/05", "2018/07/05"]], "tag_story": [["[7397,7540]", "2018/02/20", "2018/02/20"]], "label": "tag_128", "edgetotals": {"transaction": 0, "story": 0, "social": 0, "listing": 0}, "date": "2018/01/01", "avg_totals": {"listing": 0, "story": 0, "transaction": 0, "social": 0}, "kcore": 0, "type": "tag", "id": "7540", "cumu_totals": {"listing": 0, "story": 0, "transaction": 0, "social": 0}}, {"nodemeta": ["story"], "stats": {}, "name": "soprasotto", "tags": [], "spells": [["2018/02/20", "2018/02/20"]], "tag_story": [["[7393,7543]", "2018/02/20", "2018/02/20"]], "label": "tag_131", "edgetotals": {"transaction": 0, "story": 0, "social": 0, "listing": 0}, "date": "2018/01/01", "avg_totals": {"listing": 0, "story": 0, "transaction": 0, "social": 0}, "kcore": 0, "type": "tag", "id": "7543", "cumu_totals": {"listing": 0, "story": 0, "transaction": 0, "social": 0}}, {"nodemeta": ["story"], "stats": {}, "name": "asilo nido", "tags": [], "spells": [["2018/02/20", "2018/02/20"]], "tag_story": [["[7393,7544]", "2018/02/20", "2018/02/20"]], "label": "tag_132", "edgetotals": {"transaction": 0, "story": 0, "social": 0, "listing": 0}, "date": "2018/01/01", "avg_totals": {"listing": 0, "story": 0, "transaction": 0, "social": 0}, "kcore": 0, "type": "tag", "id": "7544", "cumu_totals": {"listing": 0, "story": 0, "transaction": 0, "social": 0}}, {"nodemeta": ["story"], "stats": {}, "name": "milano", "tags": [], "spells": [["2018/02/18", "2018/02/18"], ["2018/02/20", "2018/02/20"], ["2018/02/20", "2018/02/20"], ["2018/02/20", "2018/02/20"], ["2018/02/20", "2018/02/20"], ["2018/03/19", "2018/03/19"]], "tag_story": [["[7390,7545]", "2018/02/18", "2018/02/18"], ["[7391,7545]", "2018/02/20", "2018/02/20"], ["[7393,7545]", "2018/02/20", "2018/02/20"], ["[7396,7545]", "2018/02/20", "2018/02/20"], ["[7397,7545]", "2018/02/20", "2018/02/20"]], "label": "tag_133", "edgetotals": {"transaction": 0, "story": 0, "social": 0, "listing": 0}, "date": "2018/01/01", "avg_totals": {"listing": 0, "story": 0, "transaction": 0, "social": 0}, "kcore": 0, "type": "tag", "id": "7545", "cumu_totals": {"listing": 0, "story": 0, "transaction": 0, "social": 0}}, {"nodemeta": ["story"], "stats": {}, "name": "coworking", "tags": [], "spells": [["2018/02/20", "2018/02/20"]], "tag_story": [["[7396,7546]", "2018/02/20", "2018/02/20"]], "label": "tag_134", "edgetotals": {"transaction": 0, "story": 0, "social": 0, "listing": 0}, "date": "2018/01/01", "avg_totals": {"listing": 0, "story": 0, "transaction": 0, "social": 0}, "kcore": 0, "type": "tag", "id": "7546", "cumu_totals": {"listing": 0, "story": 0, "transaction": 0, "social": 0}}, {"nodemeta": ["story"], "stats": {}, "name": "unit\u00e0 di produzione", "tags": [], "spells": [["2018/02/20", "2018/02/20"]], "tag_story": [["[7396,7547]", "2018/02/20", "2018/02/20"]], "label": "tag_135", "edgetotals": {"transaction": 0, "story": 0, "social": 0, "listing": 0}, "date": "2018/01/01", "avg_totals": {"listing": 0, "story": 0, "transaction": 0, "social": 0}, "kcore": 0, "type": "tag", "id": "7547", "cumu_totals": {"listing": 0, "story": 0, "transaction": 0, "social": 0}}, {"nodemeta": ["story"], "stats": {}, "name": "good practices", "tags": [], "spells": [["2017/10/30", "2017/10/30"], ["2017/10/30", "2017/10/30"], ["2017/10/30", "2017/10/30"], ["2017/10/30", "2017/10/30"], ["2017/10/30", "2017/10/30"], ["2017/03/02", "2017/03/02"], ["2017/03/03", "2017/03/03"], ["2017/09/23", "2017/09/23"], ["2017/04/26", "2017/04/26"], ["2018/01/04", "2018/01/04"], ["2017/09/26", "2017/09/26"], ["2017/03/02", "2017/03/02"], ["2018/01/10", "2018/01/10"], ["2018/02/18", "2018/02/18"], ["2018/02/20", "2018/02/20"], ["2018/02/20", "2018/02/20"], ["2018/02/20", "2018/02/20"], ["2018/02/20", "2018/02/20"], ["2018/02/20", "2018/02/20"], ["2018/02/20", "2018/02/20"], ["2018/02/20", "2018/02/20"], ["2018/05/16", "2018/05/16"]], "tag_story": [["[7390,7567]", "2018/02/18", "2018/02/18"], ["[7391,7567]", "2018/02/20", "2018/02/20"], ["[7392,7567]", "2018/02/20", "2018/02/20"], ["[7393,7567]", "2018/02/20", "2018/02/20"], ["[7394,7567]", "2018/02/20", "2018/02/20"], ["[7395,7567]", "2018/02/20", "2018/02/20"], ["[7396,7567]", "2018/02/20", "2018/02/20"], ["[7397,7567]", "2018/02/20", "2018/02/20"]], "label": "tag_157", "edgetotals": {"transaction": 0, "story": 0, "social": 0, "listing": 0}, "date": "2018/01/01", "avg_totals": {"listing": 0, "story": 0, "transaction": 0, "social": 0}, "kcore": 0, "type": "tag", "id": "7567", "cumu_totals": {"listing": 0, "story": 0, "transaction": 0, "social": 0}}, {"nodemeta": ["story"], "stats": {}, "name": "healthcare", "tags": [], "spells": [["2018/02/20", "2018/02/20"]], "tag_story": [["[7397,7562]", "2018/02/20", "2018/02/20"]], "label": "tag_152", "edgetotals": {"transaction": 0, "story": 0, "social": 0, "listing": 0}, "date": "2018/01/01", "avg_totals": {"listing": 0, "story": 0, "transaction": 0, "social": 0}, "kcore": 0, "type": "tag", "id": "7562", "cumu_totals": {"listing": 0, "story": 0, "transaction": 0, "social": 0}}, {"nodemeta": ["story"], "stats": {}, "name": "education", "tags": [], "spells": [["2018/02/20", "2018/02/20"]], "tag_story": [["[7393,7563]", "2018/02/20", "2018/02/20"]], "label": "tag_153", "edgetotals": {"transaction": 0, "story": 0, "social": 0, "listing": 0}, "date": "2018/01/01", "avg_totals": {"listing": 0, "story": 0, "transaction": 0, "social": 0}, "kcore": 0, "type": "tag", "id": "7563", "cumu_totals": {"listing": 0, "story": 0, "transaction": 0, "social": 0}}, {"nodemeta": ["story"], "stats": {}, "name": "social services", "tags": [], "spells": [["2017/09/01", "2017/09/01"], ["2017/09/01", "2017/09/01"], ["2017/09/01", "2017/09/01"], ["2017/09/01", "2017/09/01"], ["2017/09/01", "2017/09/01"], ["2017/09/01", "2017/09/01"], ["2017/09/01", "2017/09/01"], ["2017/09/01", "2017/09/01"], ["2017/09/01", "2017/09/01"], ["2017/09/01", "2017/09/01"], ["2017/09/01", "2017/09/01"], ["2017/09/01", "2017/09/01"], ["2017/09/01", "2017/09/01"], ["2017/09/01", "2017/09/01"], ["2017/09/01", "2017/09/01"], ["2017/09/01", "2017/09/01"], ["2017/09/01", "2017/09/01"], ["2017/09/01", "2017/09/01"], ["2017/09/01", "2017/09/01"], ["2017/09/01", "2017/09/01"], ["2017/09/01", "2017/09/01"], ["2017/09/01", "2017/09/01"], ["2017/09/01", "2017/09/01"], ["2017/09/01", "2017/09/01"], ["2018/02/20", "2018/02/20"], ["2018/07/09", "2018/07/09"], ["2018/07/09", "2018/07/09"]], "tag_story": [["[7397,7504]", "2018/02/20", "2018/02/20"]], "label": "tag_92", "edgetotals": {"transaction": 0, "story": 0, "social": 0, "listing": 0}, "date": "2018/01/01", "avg_totals": {"listing": 0, "story": 0, "transaction": 0, "social": 0}, "kcore": 0, "type": "tag", "id": "7504", "cumu_totals": {"listing": 0, "story": 0, "transaction": 0, "social": 0}}, {"nodemeta": ["story"], "stats": {}, "name": "housing", "tags": [], "spells": [["2017/09/01", "2017/09/01"], ["2017/09/01", "2017/09/01"], ["2017/09/01", "2017/09/01"], ["2017/09/01", "2017/09/01"], ["2017/09/01", "2017/09/01"], ["2017/09/01", "2017/09/01"], ["2017/09/01", "2017/09/01"], ["2017/09/23", "2017/09/23"], ["2018/02/20", "2018/02/20"], ["2018/02/20", "2018/02/20"]], "tag_story": [["[7392,7506]", "2018/02/20", "2018/02/20"], ["[7395,7506]", "2018/02/20", "2018/02/20"]], "label": "tag_94", "edgetotals": {"transaction": 0, "story": 0, "social": 0, "listing": 0}, "date": "2018/01/01", "avg_totals": {"listing": 0, "story": 0, "transaction": 0, "social": 0}, "kcore": 0, "type": "tag", "id": "7506", "cumu_totals": {"listing": 0, "story": 0, "transaction": 0, "social": 0}}, {"kcore": 0, "stats": {}, "name": "work", "tags": [], "spells": [["2017/09/01", "2017/09/01"], ["2017/09/01", "2017/09/01"], ["2017/09/01", "2017/09/01"], ["2017/09/01", "2017/09/01"], ["2017/09/01", "2017/09/01"], ["2017/09/01", "2017/09/01"], ["2017/09/01", "2017/09/01"], ["2017/09/01", "2017/09/01"], ["2017/09/01", "2017/09/01"], ["2017/09/01", "2017/09/01"], ["2017/09/01", "2017/09/01"], ["2017/09/01", "2017/09/01"], ["2017/09/01", "2017/09/01"], ["2017/09/01", "2017/09/01"], ["2017/09/01", "2017/09/01"], ["2017/09/01", "2017/09/01"], ["2017/09/01", "2017/09/01"], ["2017/09/01", "2017/09/01"], ["2017/03/02", "2017/03/02"], ["2018/02/20", "2018/02/20"], ["2018/02/20", "2018/02/20"], ["2018/03/01", "2018/03/01"], ["2018/05/09", "2018/05/09"], ["2018/06/15", "2018/06/15"], ["2018/06/22", "2018/06/22"]], "tag_story": [["[7391,7500]", "2018/02/20", "2018/02/20"], ["[7396,7500]", "2018/02/20", "2018/02/20"]], "label": "tag_88", "cumu_totals": {"listing": 0, "story": 0, "transaction": 0, "social": 0}, "edgetotals": {"transaction": 0, "story": 0, "social": 0, "listing": 0}, "date": "2018/01/01", "avg_totals": {"listing": 0, "story": 0, "transaction": 0, "social": 0}, "nodemeta": ["story"], "type": "tag", "id": "7500", "tag_commoner": []}, {"nodemeta": ["story"], "stats": {}, "name": "lavoro", "tags": [], "spells": [["2017/09/01", "2017/09/01"], ["2017/09/01", "2017/09/01"], ["2017/09/01", "2017/09/01"], ["2017/09/01", "2017/09/01"], ["2017/09/01", "2017/09/01"], ["2018/02/20", "2018/02/20"], ["2018/03/01", "2018/03/01"], ["2018/03/19", "2018/03/19"], ["2018/04/16", "2018/04/16"], ["2018/05/09", "2018/05/09"], ["2018/06/15", "2018/06/15"]], "tag_story": [["[7391,7501]", "2018/02/20", "2018/02/20"]], "label": "tag_89", "edgetotals": {"transaction": 0, "story": 0, "social": 0, "listing": 0}, "date": "2018/01/01", "avg_totals": {"listing": 0, "story": 0, "transaction": 0, "social": 0}, "kcore": 0, "type": "tag", "id": "7501", "cumu_totals": {"listing": 0, "story": 0, "transaction": 0, "social": 0}}, {"nodemeta": ["story", "story", "story"], "stats": {"story": {"rcreate_story": [], "rtag_story": [], "create_story": [["[45,7389]", "2018/02/02", "2018/02/02"]], "tag_story": [["[7389,7602]", "2018/02/02", "2018/02/02"], ["[7389,7687]", "2018/02/02", "2018/02/02"], ["[7389,7686]", "2018/02/02", "2018/02/02"], ["[7389,7685]", "2018/02/02", "2018/02/02"], ["[7389,7690]", "2018/02/02", "2018/02/02"], ["[7389,7689]", "2018/02/02", "2018/02/02"], ["[7389,7688]", "2018/02/02", "2018/02/02"]]}, "2018/02/02": {"story": {"tag_story": [7, 0]}}}, "title": "Cryptocurrency \u2018for real\u2019", "spells": [["2018/02/02", "2018/02/02"], ["2018/02/02", "2018/02/02"], ["2018/02/02", "2018/02/02"], ["2018/02/02", "2018/02/02"], ["2018/02/02", "2018/02/02"], ["2018/02/02", "2018/02/02"], ["2018/02/02", "2018/02/02"], ["2018/02/02", "2018/02/02"]], "tag_story": [["[7389,7602]", "2018/02/02", "2018/02/02"], ["[7389,7685]", "2018/02/02", "2018/02/02"], ["[7389,7686]", "2018/02/02", "2018/02/02"], ["[7389,7687]", "2018/02/02", "2018/02/02"], ["[7389,7688]", "2018/02/02", "2018/02/02"], ["[7389,7689]", "2018/02/02", "2018/02/02"], ["[7389,7690]", "2018/02/02", "2018/02/02"]], "label": "story_121", "tags": ["griekenland", "cryptocurrency", "local node", "greece", "athens", "athene", "gryptogeld"], "edgetotals": {"transaction": 0, "story": 2.0, "social": 0, "listing": 0}, "date": "2018/01/01", "avg_totals": {"social": 0.0, "story": 4.0, "transaction": 0.0, "listing": 0.0}, "kcore": 1, "type": "story", "id": "7389", "create_story": [["[45,7389]", "2018/02/02", "2018/02/02"]], "cumu_totals": {"social": 0.0, "story": 1.0, "transaction": 0.0, "listing": 0.0}}, {"nodemeta": ["story"], "stats": {}, "name": "social inclusion", "tags": [], "spells": [["2018/01/10", "2018/01/10"], ["2018/02/20", "2018/02/20"]], "tag_story": [["[7392,7659]", "2018/02/20", "2018/02/20"]], "label": "tag_255", "edgetotals": {"transaction": 0, "story": 0, "social": 0, "listing": 0}, "date": "2018/01/01", "avg_totals": {"listing": 0, "story": 0, "transaction": 0, "social": 0}, "kcore": 0, "type": "tag", "id": "7659", "cumu_totals": {"listing": 0, "story": 0, "transaction": 0, "social": 0}}, {"kcore": 0, "stats": {}, "name": "cultural events", "tags": [], "spells": [["2017/09/01", "2017/09/01"], ["2018/02/18", "2018/02/18"], ["2018/05/09", "2018/05/09"], ["2018/06/22", "2018/06/22"]], "tag_story": [["[7390,7512]", "2018/02/18", "2018/02/18"]], "label": "tag_100", "cumu_totals": {"listing": 0, "story": 0, "transaction": 0, "social": 0}, "edgetotals": {"transaction": 0, "story": 0, "social": 0, "listing": 0}, "date": "2018/01/01", "avg_totals": {"listing": 0, "story": 0, "transaction": 0, "social": 0}, "nodemeta": ["story"], "type": "tag", "id": "7512", "tag_commoner": []}, {"nodemeta": ["story"], "stats": {}, "name": "social innovation", "tags": [], "spells": [["2017/11/13", "2017/11/13"], ["2017/11/15", "2017/11/15"], ["2017/11/22", "2017/11/22"], ["2018/02/18", "2018/02/18"], ["2018/02/20", "2018/02/20"], ["2018/03/21", "2018/03/21"]], "tag_story": [["[7390,7485]", "2018/02/18", "2018/02/18"], ["[7396,7485]", "2018/02/20", "2018/02/20"]], "label": "tag_69", "edgetotals": {"transaction": 0, "story": 0, "social": 0, "listing": 0}, "date": "2018/01/01", "avg_totals": {"listing": 0, "story": 0, "transaction": 0, "social": 0}, "kcore": 0, "type": "tag", "id": "7485", "cumu_totals": {"listing": 0, "story": 0, "transaction": 0, "social": 0}}, {"nodemeta": ["story", "story", "story"], "stats": {"story": {"rcreate_story": [], "rtag_story": [], "create_story": [["[57,7393]", "2018/02/20", "2018/02/20"]], "tag_story": [["[7393,7567]", "2018/02/20", "2018/02/20"], ["[7393,7563]", "2018/02/20", "2018/02/20"], ["[7393,7579]", "2018/02/20", "2018/02/20"], ["[7393,7539]", "2018/02/20", "2018/02/20"], ["[7393,7543]", "2018/02/20", "2018/02/20"], ["[7393,7544]", "2018/02/20", "2018/02/20"], ["[7393,7545]", "2018/02/20", "2018/02/20"]]}, "2018/02/20": {"story": {"tag_story": [7, 0]}}}, "title": "Soprasotto - Self-managed nursery", "spells": [["2018/02/20", "2018/02/20"], ["2018/02/20", "2018/02/20"], ["2018/02/20", "2018/02/20"], ["2018/02/20", "2018/02/20"], ["2018/02/20", "2018/02/20"], ["2018/02/20", "2018/02/20"], ["2018/02/20", "2018/02/20"], ["2018/02/20", "2018/02/20"]], "tag_story": [["[7393,7539]", "2018/02/20", "2018/02/20"], ["[7393,7543]", "2018/02/20", "2018/02/20"], ["[7393,7544]", "2018/02/20", "2018/02/20"], ["[7393,7545]", "2018/02/20", "2018/02/20"], ["[7393,7563]", "2018/02/20", "2018/02/20"], ["[7393,7567]", "2018/02/20", "2018/02/20"], ["[7393,7579]", "2018/02/20", "2018/02/20"]], "label": "story_129", "tags": ["soprasotto", "asilo nido", "milano", "good practices", "education", "buone pratiche", "nursery"], "edgetotals": {"transaction": 0, "story": 2.0, "social": 0, "listing": 0}, "date": "2018/01/01", "avg_totals": {"social": 0.0, "story": 4.0, "transaction": 0.0, "listing": 0.0}, "kcore": 1, "type": "story", "id": "7393", "create_story": [["[57,7393]", "2018/02/20", "2018/02/20"]], "cumu_totals": {"social": 0.0, "story": 1.0, "transaction": 0.0, "listing": 0.0}}, {"nodemeta": ["story", "story", "story"], "stats": {"story": {"rcreate_story": [], "rtag_story": [], "create_story": [["[57,7392]", "2018/02/20", "2018/02/20"]], "tag_story": [["[7392,7567]", "2018/02/20", "2018/02/20"], ["[7392,7506]", "2018/02/20", "2018/02/20"], ["[7392,7539]", "2018/02/20", "2018/02/20"], ["[7392,7553]", "2018/02/20", "2018/02/20"], ["[7392,7659]", "2018/02/20", "2018/02/20"]]}, "2018/02/20": {"story": {"tag_story": [5, 0]}}}, "title": "Spazio di Mutuo Soccorso (SMS)", "spells": [["2018/02/20", "2018/02/20"], ["2018/02/20", "2018/02/20"], ["2018/02/20", "2018/02/20"], ["2018/02/20", "2018/02/20"], ["2018/02/20", "2018/02/20"], ["2018/02/20", "2018/02/20"]], "tag_story": [["[7392,7506]", "2018/02/20", "2018/02/20"], ["[7392,7539]", "2018/02/20", "2018/02/20"], ["[7392,7553]", "2018/02/20", "2018/02/20"], ["[7392,7567]", "2018/02/20", "2018/02/20"], ["[7392,7659]", "2018/02/20", "2018/02/20"]], "label": "story_128", "tags": ["housing", "good practices", "social inclusion", "buone pratiche", "spazio di mutuo soccorso"], "edgetotals": {"transaction": 0, "story": 2.0, "social": 0, "listing": 0}, "date": "2018/01/01", "avg_totals": {"social": 0.0, "story": 4.0, "transaction": 0.0, "listing": 0.0}, "kcore": 1, "type": "story", "id": "7392", "create_story": [["[57,7392]", "2018/02/20", "2018/02/20"]], "cumu_totals": {"social": 0.0, "story": 1.0, "transaction": 0.0, "listing": 0.0}}, {"nodemeta": ["story"], "stats": {}, "name": "kindergarden", "tags": [], "spells": [["2018/02/28", "2018/02/28"]], "tag_story": [["[7398,7700]", "2018/02/28", "2018/02/28"]], "label": "tag_304", "edgetotals": {"transaction": 0, "story": 0, "social": 0, "listing": 0}, "date": "2018/01/01", "avg_totals": {"listing": 0, "story": 0, "transaction": 0, "social": 0}, "kcore": 0, "type": "tag", "id": "7700", "cumu_totals": {"listing": 0, "story": 0, "transaction": 0, "social": 0}}, {"nodemeta": ["story"], "stats": {}, "name": "freecare", "tags": [], "spells": [["2018/02/28", "2018/02/28"]], "tag_story": [["[7398,7695]", "2018/02/28", "2018/02/28"]], "label": "tag_299", "edgetotals": {"transaction": 0, "story": 0, "social": 0, "listing": 0}, "date": "2018/01/01", "avg_totals": {"listing": 0, "story": 0, "transaction": 0, "social": 0}, "kcore": 0, "type": "tag", "id": "7695", "cumu_totals": {"listing": 0, "story": 0, "transaction": 0, "social": 0}}, {"nodemeta": ["story"], "avg_totals": {"social": 0.0, "story": 4.0, "transaction": 0.0, "listing": 0.0}, "transaction": [], "comment_story": [], "tag_commoner": [], "tags": [], "spells": [["2016/06/01", "2016/06/01"], ["2017/03/02", "2017/03/02"], ["2017/03/03", "2017/03/03"], ["2017/09/23", "2017/09/23"], ["2017/04/26", "2017/04/26"], ["2018/01/04", "2018/01/04"], ["2017/10/31", "2017/10/31"], ["2017/10/21", "2017/10/21"], ["2017/09/26", "2017/09/26"], ["2017/05/31", "2017/05/31"], ["2017/03/02", "2017/03/02"], ["2018/01/14", "2018/01/14"], ["2018/02/02", "2018/02/02"], ["2017/12/28", "2017/12/28"], ["2017/12/28", "2017/12/28"], ["2017/12/28", "2017/12/28"], ["2017/12/28", "2017/12/28"], ["2018/06/27", "2018/06/27"], ["2018/06/27", "2018/06/27"], ["2018/06/28", "2018/06/28"], ["2018/06/28", "2018/06/28"], ["2018/06/19", "2018/06/19"], ["2018/06/19", "2018/06/19"], ["2018/06/19", "2018/06/19"]], "name": "Museu da Crise", "kcore": 1, "conversation": [], "edgetotals": {"transaction": 0, "story": 2.0, "social": 0, "listing": 0}, "date": "2018/01/01", "stats": {"story": {"rcreate_story": [], "create_story": [["[45,7389]", "2018/02/02", "2018/02/02"]]}, "2018/02/02": {"story": {"create_story": [1, 2]}}}, "label": "commoner_56", "type": "commoner", "id": "45", "create_story": [["[45,7389]", "2018/02/02", "2018/02/02"]], "cumu_totals": {"social": 0.0, "story": 1.0, "transaction": 0.0, "listing": 0.0}}, {"nodemeta": ["story"], "stats": {}, "name": "local node", "tags": [], "spells": [["2018/02/02", "2018/02/02"]], "tag_story": [["[7389,7687]", "2018/02/02", "2018/02/02"]], "label": "tag_288", "edgetotals": {"transaction": 0, "story": 0, "social": 0, "listing": 0}, "date": "2018/01/01", "avg_totals": {"listing": 0, "story": 0, "transaction": 0, "social": 0}, "kcore": 0, "type": "tag", "id": "7687", "cumu_totals": {"listing": 0, "story": 0, "transaction": 0, "social": 0}}, {"nodemeta": ["story"], "stats": {}, "name": "greece", "tags": [], "spells": [["2018/02/02", "2018/02/02"]], "tag_story": [["[7389,7686]", "2018/02/02", "2018/02/02"]], "label": "tag_287", "edgetotals": {"transaction": 0, "story": 0, "social": 0, "listing": 0}, "date": "2018/01/01", "avg_totals": {"listing": 0, "story": 0, "transaction": 0, "social": 0}, "kcore": 0, "type": "tag", "id": "7686", "cumu_totals": {"listing": 0, "story": 0, "transaction": 0, "social": 0}}, {"nodemeta": ["story"], "stats": {}, "name": "athens", "tags": [], "spells": [["2018/02/02", "2018/02/02"]], "tag_story": [["[7389,7685]", "2018/02/02", "2018/02/02"]], "label": "tag_286", "edgetotals": {"transaction": 0, "story": 0, "social": 0, "listing": 0}, "date": "2018/01/01", "avg_totals": {"listing": 0, "story": 0, "transaction": 0, "social": 0}, "kcore": 0, "type": "tag", "id": "7685", "cumu_totals": {"listing": 0, "story": 0, "transaction": 0, "social": 0}}, {"nodemeta": ["story"], "stats": {}, "name": "athene", "tags": [], "spells": [["2018/02/02", "2018/02/02"]], "tag_story": [["[7389,7689]", "2018/02/02", "2018/02/02"]], "label": "tag_290", "edgetotals": {"transaction": 0, "story": 0, "social": 0, "listing": 0}, "date": "2018/01/01", "avg_totals": {"listing": 0, "story": 0, "transaction": 0, "social": 0}, "kcore": 0, "type": "tag", "id": "7689", "cumu_totals": {"listing": 0, "story": 0, "transaction": 0, "social": 0}}, {"nodemeta": ["story"], "stats": {}, "name": "gryptogeld", "tags": [], "spells": [["2018/02/02", "2018/02/02"]], "tag_story": [["[7389,7688]", "2018/02/02", "2018/02/02"]], "label": "tag_289", "edgetotals": {"transaction": 0, "story": 0, "social": 0, "listing": 0}, "date": "2018/01/01", "avg_totals": {"listing": 0, "story": 0, "transaction": 0, "social": 0}, "kcore": 0, "type": "tag", "id": "7688", "cumu_totals": {"listing": 0, "story": 0, "transaction": 0, "social": 0}}, {"nodemeta": ["story"], "stats": {}, "name": "buone pratiche", "tags": [], "spells": [["2018/02/18", "2018/02/18"], ["2018/02/20", "2018/02/20"], ["2018/02/20", "2018/02/20"], ["2018/02/20", "2018/02/20"], ["2018/02/20", "2018/02/20"], ["2018/02/20", "2018/02/20"], ["2018/02/20", "2018/02/20"], ["2018/02/20", "2018/02/20"], ["2018/03/19", "2018/03/19"], ["2018/05/16", "2018/05/16"], ["2018/07/03", "2018/07/03"], ["2018/07/05", "2018/07/05"], ["2018/07/09", "2018/07/09"]], "tag_story": [["[7390,7539]", "2018/02/18", "2018/02/18"], ["[7391,7539]", "2018/02/20", "2018/02/20"], ["[7392,7539]", "2018/02/20", "2018/02/20"], ["[7393,7539]", "2018/02/20", "2018/02/20"], ["[7394,7539]", "2018/02/20", "2018/02/20"], ["[7395,7539]", "2018/02/20", "2018/02/20"], ["[7396,7539]", "2018/02/20", "2018/02/20"], ["[7397,7539]", "2018/02/20", "2018/02/20"]], "label": "tag_127", "edgetotals": {"transaction": 0, "story": 0, "social": 0, "listing": 0}, "date": "2018/01/01", "avg_totals": {"listing": 0, "story": 0, "transaction": 0, "social": 0}, "kcore": 0, "type": "tag", "id": "7539", "cumu_totals": {"listing": 0, "story": 0, "transaction": 0, "social": 0}}, {"nodemeta": ["story"], "avg_totals": {"social": 0.0, "story": 4.0, "transaction": 0.0, "listing": 0.0}, "transaction": [], "comment_story": [], "name": "BIN Italia", "tags": [], "spells": [["2018/01/23", "2018/01/23"], ["2018/02/18", "2018/02/18"], ["2018/02/20", "2018/02/20"], ["2018/02/20", "2018/02/20"], ["2018/02/20", "2018/02/20"], ["2018/02/20", "2018/02/20"], ["2018/02/20", "2018/02/20"], ["2018/02/20", "2018/02/20"], ["2018/02/20", "2018/02/20"], ["2018/03/01", "2018/03/01"], ["2018/03/19", "2018/03/19"], ["2018/03/21", "2018/03/21"], ["2018/04/16", "2018/04/16"], ["2018/05/16", "2018/05/16"], ["2018/07/05", "2018/07/05"], ["2018/03/01", "2018/03/01"], ["2018/03/09", "2018/03/09"], ["2018/03/09", "2018/03/09"], ["2018/05/03", "2018/05/03"], ["2018/05/11", "2018/05/11"], ["2018/05/11", "2018/05/11"], ["2018/05/14", "2018/05/14"], ["2018/05/14", "2018/05/14"], ["2018/05/24", "2018/05/24"], ["2018/06/18", "2018/06/18"], ["2018/06/18", "2018/06/18"], ["2018/06/18", "2018/06/18"], ["2018/06/18", "2018/06/18"], ["2018/06/19", "2018/06/19"], ["2018/06/19", "2018/06/19"], ["2018/06/28", "2018/06/28"], ["2018/06/28", "2018/06/28"], ["2018/05/01", "2018/05/01"], ["2018/06/15", "2018/06/15"], ["2018/06/15", "2018/06/15"], ["2018/07/05", "2018/07/05"]], "label": "commoner_68", "conversation": [], "edgetotals": {"transaction": 0, "story": 16.0, "social": 0, "listing": 0}, "date": "2018/01/01", "stats": {"2018/02/18": {"story": {"create_story": [1, 2]}}, "story": {"rcreate_story": [], "create_story": [["[57,7395]", "2018/02/20", "2018/02/20"], ["[57,7394]", "2018/02/20", "2018/02/20"], ["[57,7397]", "2018/02/20", "2018/02/20"], ["[57,7396]", "2018/02/20", "2018/02/20"], ["[57,7391]", "2018/02/20", "2018/02/20"], ["[57,7390]", "2018/02/18", "2018/02/18"], ["[57,7393]", "2018/02/20", "2018/02/20"], ["[57,7392]", "2018/02/20", "2018/02/20"]]}, "2018/02/20": {"story": {"create_story": [7, 14]}}}, "kcore": 1, "type": "commoner", "id": "57", "create_story": [["[57,7390]", "2018/02/18", "2018/02/18"], ["[57,7391]", "2018/02/20", "2018/02/20"], ["[57,7392]", "2018/02/20", "2018/02/20"], ["[57,7393]", "2018/02/20", "2018/02/20"], ["[57,7394]", "2018/02/20", "2018/02/20"], ["[57,7395]", "2018/02/20", "2018/02/20"], ["[57,7396]", "2018/02/20", "2018/02/20"], ["[57,7397]", "2018/02/20", "2018/02/20"]], "cumu_totals": {"social": 0.0, "story": 1.0, "transaction": 0.0, "listing": 0.0}}, {"nodemeta": ["story"], "stats": {}, "name": "spazio di mutuo soccorso", "tags": [], "spells": [["2018/02/20", "2018/02/20"]], "tag_story": [["[7392,7553]", "2018/02/20", "2018/02/20"]], "label": "tag_141", "edgetotals": {"transaction": 0, "story": 0, "social": 0, "listing": 0}, "date": "2018/01/01", "avg_totals": {"listing": 0, "story": 0, "transaction": 0, "social": 0}, "kcore": 0, "type": "tag", "id": "7553", "cumu_totals": {"listing": 0, "story": 0, "transaction": 0, "social": 0}}, {"nodemeta": ["story"], "stats": {}, "name": "cooperativa inventare l\u2019abitare", "tags": [], "spells": [["2018/02/20", "2018/02/20"]], "tag_story": [["[7395,7557]", "2018/02/20", "2018/02/20"]], "label": "tag_146", "edgetotals": {"transaction": 0, "story": 0, "social": 0, "listing": 0}, "date": "2018/01/01", "avg_totals": {"listing": 0, "story": 0, "transaction": 0, "social": 0}, "kcore": 0, "type": "tag", "id": "7557", "cumu_totals": {"listing": 0, "story": 0, "transaction": 0, "social": 0}}, {"nodemeta": ["story"], "stats": {}, "name": "palestra popolare di san lorenzo", "tags": [], "spells": [["2018/02/20", "2018/02/20"]], "tag_story": [["[7394,7556]", "2018/02/20", "2018/02/20"]], "label": "tag_144", "edgetotals": {"transaction": 0, "story": 0, "social": 0, "listing": 0}, "date": "2018/01/01", "avg_totals": {"listing": 0, "story": 0, "transaction": 0, "social": 0}, "kcore": 0, "type": "tag", "id": "7556", "cumu_totals": {"listing": 0, "story": 0, "transaction": 0, "social": 0}}, {"nodemeta": ["story"], "stats": {}, "name": "sport", "tags": [], "spells": [["2018/02/20", "2018/02/20"]], "tag_story": [["[7394,7555]", "2018/02/20", "2018/02/20"]], "label": "tag_143", "edgetotals": {"transaction": 0, "story": 0, "social": 0, "listing": 0}, "date": "2018/01/01", "avg_totals": {"listing": 0, "story": 0, "transaction": 0, "social": 0}, "kcore": 0, "type": "tag", "id": "7555", "cumu_totals": {"listing": 0, "story": 0, "transaction": 0, "social": 0}}, {"nodemeta": ["story", "story", "story"], "stats": {"story": {"rcreate_story": [], "rtag_story": [], "create_story": [["[57,7395]", "2018/02/20", "2018/02/20"]], "tag_story": [["[7395,7567]", "2018/02/20", "2018/02/20"], ["[7395,7506]", "2018/02/20", "2018/02/20"], ["[7395,7539]", "2018/02/20", "2018/02/20"], ["[7395,7693]", "2018/02/20", "2018/02/20"], ["[7395,7557]", "2018/02/20", "2018/02/20"]]}, "2018/02/20": {"story": {"tag_story": [5, 0]}}}, "title": "Cooperativa Inventare l\u2019Abitare", "spells": [["2018/02/20", "2018/02/20"], ["2018/02/20", "2018/02/20"], ["2018/02/20", "2018/02/20"], ["2018/02/20", "2018/02/20"], ["2018/02/20", "2018/02/20"], ["2018/02/20", "2018/02/20"]], "tag_story": [["[7395,7506]", "2018/02/20", "2018/02/20"], ["[7395,7539]", "2018/02/20", "2018/02/20"], ["[7395,7557]", "2018/02/20", "2018/02/20"], ["[7395,7567]", "2018/02/20", "2018/02/20"], ["[7395,7693]", "2018/02/20", "2018/02/20"]], "label": "story_131", "tags": ["housing", "roma", "good practices", "buone pratiche", "cooperativa inventare l\u2019abitare"], "edgetotals": {"transaction": 0, "story": 2.0, "social": 0, "listing": 0}, "date": "2018/01/01", "avg_totals": {"social": 0.0, "story": 4.0, "transaction": 0.0, "listing": 0.0}, "kcore": 1, "type": "story", "id": "7395", "create_story": [["[57,7395]", "2018/02/20", "2018/02/20"]], "cumu_totals": {"social": 0.0, "story": 1.0, "transaction": 0.0, "listing": 0.0}}, {"nodemeta": ["story", "story", "story"], "stats": {"story": {"rcreate_story": [], "rtag_story": [], "create_story": [["[57,7397]", "2018/02/20", "2018/02/20"]], "tag_story": [["[7397,7548]", "2018/02/20", "2018/02/20"], ["[7397,7562]", "2018/02/20", "2018/02/20"], ["[7397,7567]", "2018/02/20", "2018/02/20"], ["[7397,7504]", "2018/02/20", "2018/02/20"], ["[7397,7539]", "2018/02/20", "2018/02/20"], ["[7397,7540]", "2018/02/20", "2018/02/20"], ["[7397,7545]", "2018/02/20", "2018/02/20"]]}, "2018/02/20": {"story": {"tag_story": [7, 0]}}}, "title": "Ambulatorio Medico Popolare", "spells": [["2018/02/20", "2018/02/20"], ["2018/02/20", "2018/02/20"], ["2018/02/20", "2018/02/20"], ["2018/02/20", "2018/02/20"], ["2018/02/20", "2018/02/20"], ["2018/02/20", "2018/02/20"], ["2018/02/20", "2018/02/20"], ["2018/02/20", "2018/02/20"]], "tag_story": [["[7397,7504]", "2018/02/20", "2018/02/20"], ["[7397,7539]", "2018/02/20", "2018/02/20"], ["[7397,7540]", "2018/02/20", "2018/02/20"], ["[7397,7545]", "2018/02/20", "2018/02/20"], ["[7397,7548]", "2018/02/20", "2018/02/20"], ["[7397,7562]", "2018/02/20", "2018/02/20"], ["[7397,7567]", "2018/02/20", "2018/02/20"]], "label": "story_133", "tags": ["social services", "ambulatorio medico popolare", "salute", "milano", "good practices", "healthcare", "buone pratiche"], "edgetotals": {"transaction": 0, "story": 2.0, "social": 0, "listing": 0}, "date": "2018/01/01", "avg_totals": {"social": 0.0, "story": 4.0, "transaction": 0.0, "listing": 0.0}, "kcore": 1, "type": "story", "id": "7397", "create_story": [["[57,7397]", "2018/02/20", "2018/02/20"]], "cumu_totals": {"social": 0.0, "story": 1.0, "transaction": 0.0, "listing": 0.0}}, {"nodemeta": ["story", "story", "story"], "stats": {"story": {"rcreate_story": [], "rtag_story": [], "create_story": [["[57,7396]", "2018/02/20", "2018/02/20"]], "tag_story": [["[7396,7567]", "2018/02/20", "2018/02/20"], ["[7396,7485]", "2018/02/20", "2018/02/20"], ["[7396,7500]", "2018/02/20", "2018/02/20"], ["[7396,7539]", "2018/02/20", "2018/02/20"], ["[7396,7545]", "2018/02/20", "2018/02/20"], ["[7396,7546]", "2018/02/20", "2018/02/20"], ["[7396,7547]", "2018/02/20", "2018/02/20"]]}, "2018/02/20": {"story": {"tag_story": [7, 0]}}}, "title": "Unit\u00e0 di Produzione - coworking", "spells": [["2018/02/20", "2018/02/20"], ["2018/02/20", "2018/02/20"], ["2018/02/20", "2018/02/20"], ["2018/02/20", "2018/02/20"], ["2018/02/20", "2018/02/20"], ["2018/02/20", "2018/02/20"], ["2018/02/20", "2018/02/20"], ["2018/02/20", "2018/02/20"]], "tag_story": [["[7396,7485]", "2018/02/20", "2018/02/20"], ["[7396,7500]", "2018/02/20", "2018/02/20"], ["[7396,7539]", "2018/02/20", "2018/02/20"], ["[7396,7545]", "2018/02/20", "2018/02/20"], ["[7396,7546]", "2018/02/20", "2018/02/20"], ["[7396,7547]", "2018/02/20", "2018/02/20"], ["[7396,7567]", "2018/02/20", "2018/02/20"]], "label": "story_132", "tags": ["work", "milano", "coworking", "unit\u00e0 di produzione", "good practices", "social innovation", "buone pratiche"], "edgetotals": {"transaction": 0, "story": 2.0, "social": 0, "listing": 0}, "date": "2018/01/01", "avg_totals": {"social": 0.0, "story": 4.0, "transaction": 0.0, "listing": 0.0}, "kcore": 1, "type": "story", "id": "7396", "create_story": [["[57,7396]", "2018/02/20", "2018/02/20"]], "cumu_totals": {"social": 0.0, "story": 1.0, "transaction": 0.0, "listing": 0.0}}, {"nodemeta": ["story", "story", "story"], "comment_story": [], "edgetotals": {"transaction": 0, "story": 2.0, "social": 0, "listing": 0}, "tags": ["unemployment", "work", "lavoro", "labour", "milano", "good practices", "buone pratiche"], "spells": [["2018/02/20", "2018/02/20"], ["2018/02/20", "2018/02/20"], ["2018/02/20", "2018/02/20"], ["2018/02/20", "2018/02/20"], ["2018/02/20", "2018/02/20"], ["2018/02/20", "2018/02/20"], ["2018/02/20", "2018/02/20"], ["2018/02/20", "2018/02/20"], ["2018/05/24", "2018/05/24"]], "title": "Ri-Maflow - Recovered factory", "tag_story": [["[7391,7492]", "2018/02/20", "2018/02/20"], ["[7391,7500]", "2018/02/20", "2018/02/20"], ["[7391,7501]", "2018/02/20", "2018/02/20"], ["[7391,7539]", "2018/02/20", "2018/02/20"], ["[7391,7545]", "2018/02/20", "2018/02/20"], ["[7391,7567]", "2018/02/20", "2018/02/20"], ["[7391,7692]", "2018/02/20", "2018/02/20"]], "label": "story_127", "avg_totals": {"social": 0.0, "story": 4.0, "transaction": 0.0, "listing": 0.0}, "date": "2018/01/01", "stats": {"story": {"rcreate_story": [], "rtag_story": [], "create_story": [["[57,7391]", "2018/02/20", "2018/02/20"]], "tag_story": [["[7391,7567]", "2018/02/20", "2018/02/20"], ["[7391,7492]", "2018/02/20", "2018/02/20"], ["[7391,7500]", "2018/02/20", "2018/02/20"], ["[7391,7501]", "2018/02/20", "2018/02/20"], ["[7391,7692]", "2018/02/20", "2018/02/20"], ["[7391,7539]", "2018/02/20", "2018/02/20"], ["[7391,7545]", "2018/02/20", "2018/02/20"]]}, "2018/02/20": {"story": {"tag_story": [7, 0]}}}, "kcore": 1, "type": "story", "id": "7391", "create_story": [["[57,7391]", "2018/02/20", "2018/02/20"]], "cumu_totals": {"social": 0.0, "story": 1.0, "transaction": 0.0, "listing": 0.0}}, {"nodemeta": ["story", "story", "story"], "stats": {"2018/02/18": {"story": {"tag_story": [8, 0]}}, "story": {"rcreate_story": [], "rtag_story": [], "create_story": [["[57,7390]", "2018/02/18", "2018/02/18"]], "tag_story": [["[7390,7567]", "2018/02/18", "2018/02/18"], ["[7390,7578]", "2018/02/18", "2018/02/18"], ["[7390,7485]", "2018/02/18", "2018/02/18"], ["[7390,7539]", "2018/02/18", "2018/02/18"], ["[7390,7691]", "2018/02/18", "2018/02/18"], ["[7390,7477]", "2018/02/18", "2018/02/18"], ["[7390,7545]", "2018/02/18", "2018/02/18"], ["[7390,7512]", "2018/02/18", "2018/02/18"]]}}, "title": "Macao - Center for the Arts, Culture and Research", "spells": [["2018/02/18", "2018/02/18"], ["2018/02/18", "2018/02/18"], ["2018/02/18", "2018/02/18"], ["2018/02/18", "2018/02/18"], ["2018/02/18", "2018/02/18"], ["2018/02/18", "2018/02/18"], ["2018/02/18", "2018/02/18"], ["2018/02/18", "2018/02/18"], ["2018/02/18", "2018/02/18"]], "tag_story": [["[7390,7477]", "2018/02/18", "2018/02/18"], ["[7390,7485]", "2018/02/18", "2018/02/18"], ["[7390,7512]", "2018/02/18", "2018/02/18"], ["[7390,7539]", "2018/02/18", "2018/02/18"], ["[7390,7545]", "2018/02/18", "2018/02/18"], ["[7390,7567]", "2018/02/18", "2018/02/18"], ["[7390,7578]", "2018/02/18", "2018/02/18"], ["[7390,7691]", "2018/02/18", "2018/02/18"]], "label": "story_124", "tags": ["cultura", "milano", "good practices", "social innovation", "cultural events", "buone pratiche", "macao", "social enterprise"], "edgetotals": {"transaction": 0, "story": 2.0, "social": 0, "listing": 0}, "date": "2018/01/01", "avg_totals": {"social": 0.0, "story": 4.0, "transaction": 0.0, "listing": 0.0}, "kcore": 1, "type": "story", "id": "7390", "create_story": [["[57,7390]", "2018/02/18", "2018/02/18"]], "cumu_totals": {"social": 0.0, "story": 1.0, "transaction": 0.0, "listing": 0.0}}, {"nodemeta": ["story", "story", "story"], "comment_story": [], "edgetotals": {"transaction": 0, "story": 2.0, "social": 0, "listing": 0}, "tags": ["care", "selforganization", "childhood", "parenthood", "milan", "kindergarden", "freecare"], "spells": [["2018/02/28", "2018/02/28"], ["2018/02/28", "2018/02/28"], ["2018/02/28", "2018/02/28"], ["2018/02/28", "2018/02/28"], ["2018/02/28", "2018/02/28"], ["2018/02/28", "2018/02/28"], ["2018/02/28", "2018/02/28"], ["2018/02/28", "2018/02/28"], ["2018/03/01", "2018/03/01"], ["2018/03/01", "2018/03/01"]], "title": "Progetto Sopr\ufffcasotto\ufffc", "tag_story": [["[7398,7694]", "2018/02/28", "2018/02/28"], ["[7398,7695]", "2018/02/28", "2018/02/28"], ["[7398,7696]", "2018/02/28", "2018/02/28"], ["[7398,7697]", "2018/02/28", "2018/02/28"], ["[7398,7698]", "2018/02/28", "2018/02/28"], ["[7398,7699]", "2018/02/28", "2018/02/28"], ["[7398,7700]", "2018/02/28", "2018/02/28"]], "label": "story_136", "avg_totals": {"social": 0.0, "story": 4.0, "transaction": 0.0, "listing": 0.0}, "date": "2018/01/01", "stats": {"story": {"rcreate_story": [], "rtag_story": [], "create_story": [["[70,7398]", "2018/02/28", "2018/02/28"]], "tag_story": [["[7398,7700]", "2018/02/28", "2018/02/28"], ["[7398,7694]", "2018/02/28", "2018/02/28"], ["[7398,7695]", "2018/02/28", "2018/02/28"], ["[7398,7696]", "2018/02/28", "2018/02/28"], ["[7398,7697]", "2018/02/28", "2018/02/28"], ["[7398,7698]", "2018/02/28", "2018/02/28"], ["[7398,7699]", "2018/02/28", "2018/02/28"]]}, "2018/02/28": {"story": {"tag_story": [7, 0]}}}, "kcore": 1, "type": "story", "id": "7398", "create_story": [["[70,7398]", "2018/02/28", "2018/02/28"]], "cumu_totals": {"social": 0.0, "story": 1.0, "transaction": 0.0, "listing": 0.0}}, {"nodemeta": ["story"], "stats": {}, "name": "nursery", "tags": [], "spells": [["2018/02/20", "2018/02/20"]], "tag_story": [["[7393,7579]", "2018/02/20", "2018/02/20"]], "label": "tag_174", "edgetotals": {"transaction": 0, "story": 0, "social": 0, "listing": 0}, "date": "2018/01/01", "avg_totals": {"listing": 0, "story": 0, "transaction": 0, "social": 0}, "kcore": 0, "type": "tag", "id": "7579", "cumu_totals": {"listing": 0, "story": 0, "transaction": 0, "social": 0}}, {"nodemeta": ["story"], "stats": {}, "name": "macao", "tags": [], "spells": [["2018/02/18", "2018/02/18"]], "tag_story": [["[7390,7578]", "2018/02/18", "2018/02/18"]], "label": "tag_169", "edgetotals": {"transaction": 0, "story": 0, "social": 0, "listing": 0}, "date": "2018/01/01", "avg_totals": {"listing": 0, "story": 0, "transaction": 0, "social": 0}, "kcore": 0, "type": "tag", "id": "7578", "cumu_totals": {"listing": 0, "story": 0, "transaction": 0, "social": 0}}, {"avg_totals": {"social": 0.0, "story": 4.0, "transaction": 0.0, "listing": 0.0}, "nodemeta": ["story"], "comment_story": [], "name": "SOPRASOTTO", "tags": [], "spells": [["2018/02/28", "2018/02/28"], ["2018/03/01", "2018/03/01"], ["2018/03/01", "2018/03/01"], ["2018/07/05", "2018/07/05"]], "label": "commoner_81", "conversation": [], "edgetotals": {"transaction": 0, "story": 2.0, "social": 0, "listing": 0}, "date": "2018/01/01", "stats": {"story": {"rcreate_story": [], "create_story": [["[70,7398]", "2018/02/28", "2018/02/28"]]}, "2018/02/28": {"story": {"create_story": [1, 2]}}}, "kcore": 1, "type": "commoner", "id": "70", "create_story": [["[70,7398]", "2018/02/28", "2018/02/28"]], "cumu_totals": {"social": 0.0, "story": 1.0, "transaction": 0.0, "listing": 0.0}}, {"nodemeta": ["story"], "stats": {}, "name": "cryptocurrency", "tags": [], "spells": [["2017/10/31", "2017/10/31"], ["2018/01/14", "2018/01/14"], ["2018/02/02", "2018/02/02"]], "tag_story": [["[7389,7602]", "2018/02/02", "2018/02/02"]], "label": "tag_198", "edgetotals": {"transaction": 0, "story": 0, "social": 0, "listing": 0}, "date": "2018/01/01", "avg_totals": {"listing": 0, "story": 0, "transaction": 0, "social": 0}, "kcore": 0, "type": "tag", "id": "7602", "cumu_totals": {"listing": 0, "story": 0, "transaction": 0, "social": 0}}, {"kcore": 0, "stats": {}, "name": "culture", "tags": [], "spells": [["2017/10/30", "2017/10/30"], ["2018/02/20", "2018/02/20"], ["2018/07/06", "2018/07/06"]], "tag_story": [["[7394,7476]", "2018/02/20", "2018/02/20"]], "label": "tag_60", "cumu_totals": {"listing": 0, "story": 0, "transaction": 0, "social": 0}, "edgetotals": {"transaction": 0, "story": 0, "social": 0, "listing": 0}, "date": "2018/01/01", "avg_totals": {"listing": 0, "story": 0, "transaction": 0, "social": 0}, "nodemeta": ["story"], "type": "tag", "id": "7476", "tag_commoner": []}, {"nodemeta": ["story"], "stats": {}, "name": "social enterprise", "tags": [], "spells": [["2017/10/30", "2017/10/30"], ["2018/02/18", "2018/02/18"]], "tag_story": [["[7390,7477]", "2018/02/18", "2018/02/18"]], "label": "tag_61", "edgetotals": {"transaction": 0, "story": 0, "social": 0, "listing": 0}, "date": "2018/01/01", "avg_totals": {"listing": 0, "story": 0, "transaction": 0, "social": 0}, "kcore": 0, "type": "tag", "id": "7477", "cumu_totals": {"listing": 0, "story": 0, "transaction": 0, "social": 0}}], "tagcount": [["good practices", 8], ["buone pratiche", 8], ["milano", 5], ["work", 2], ["social innovation", 2], ["housing", 2], ["unit\u00e0 di produzione", 1], ["unemployment", 1], ["sport", 1], ["spazio di mutuo soccorso", 1], ["soprasotto", 1], ["social services", 1], ["social inclusion", 1], ["social enterprise", 1], ["selforganization", 1], ["salute", 1], ["roma", 1], ["parenthood", 1], ["palestra popolare di san lorenzo", 1], ["nursery", 1], ["milan", 1], ["macao", 1], ["local node", 1], ["lavoro", 1], ["labour", 1], ["kindergarden", 1], ["healthcare", 1], ["gryptogeld", 1], ["griekenland", 1], ["greece", 1], ["freecare", 1], ["education", 1], ["culture", 1], ["cultural events", 1], ["cultura", 1], ["cryptocurrency", 1], ["coworking", 1], ["cooperativa inventare l\u2019abitare", 1], ["childhood", 1], ["care", 1], ["athens", 1], ["athene", 1], ["asilo nido", 1], ["ambulatorio medico popolare", 1]]}