{"directed": false, "links": [{"target": "7381", "weight": 1.0, "tag_story": [["[7381,7630]", "2017/05/31", "2017/05/31"]], "label": "tag_226+date_start=2017/05/31", "source": "7630", "id": "630", "spells": [["2017/05/31", "2017/05/31"]]}, {"edgemeta": ["story"], "target": "45", "weight": 1.0, "label": "create_112+date_start=2017/05/31", "source": "7381", "edgeweight": {"7381": 2.0, "45": 2.0}, "id": "80", "create_story": [["[45,7381]", "2017/05/31", "2017/05/31"]], "spells": [["2017/05/31", "2017/05/31"]]}, {"target": "7629", "weight": 1.0, "tag_story": [["[7381,7629]", "2017/05/31", "2017/05/31"]], "label": "tag_225+date_start=2017/05/31", "source": "7381", "id": "629", "spells": [["2017/05/31", "2017/05/31"]]}, {"target": "7628", "weight": 1.0, "tag_story": [["[7381,7628]", "2017/05/31", "2017/05/31"]], "label": "tag_224+date_start=2017/05/31", "source": "7381", "id": "628", "spells": [["2017/05/31", "2017/05/31"]]}], "multigraph": false, "graph": {"start": "2016/06/01", "node_default": {}, "end": "2018/07/10", "mode": "dynamic", "edge_default": {}}, "date": "2017/06/01", "nodes": [{"nodemeta": ["story"], "stats": {}, "name": "commonkiosk", "tags": [], "spells": [["2017/05/31", "2017/05/31"]], "tag_story": [["[7381,7630]", "2017/05/31", "2017/05/31"]], "label": "tag_226", "edgetotals": {"transaction": 0, "story": 0, "social": 0, "listing": 0}, "date": "2017/04/01", "avg_totals": {"listing": 0, "story": 0, "transaction": 0, "social": 0}, "kcore": 0, "type": "tag", "id": "7630", "cumu_totals": {"listing": 0, "story": 0, "transaction": 0, "social": 0}}, {"nodemeta": ["story", "story", "story"], "stats": {"2017/05/31": {"story": {"tag_story": [3, 0]}}, "story": {"rcreate_story": [], "rtag_story": [], "create_story": [["[45,7381]", "2017/05/31", "2017/05/31"]], "tag_story": [["[7381,7630]", "2017/05/31", "2017/05/31"], ["[7381,7629]", "2017/05/31", "2017/05/31"], ["[7381,7628]", "2017/05/31", "2017/05/31"]]}}, "title": "The mayor", "spells": [["2017/05/31", "2017/05/31"], ["2017/05/31", "2017/05/31"], ["2017/05/31", "2017/05/31"], ["2017/05/31", "2017/05/31"]], "tag_story": [["[7381,7628]", "2017/05/31", "2017/05/31"], ["[7381,7629]", "2017/05/31", "2017/05/31"], ["[7381,7630]", "2017/05/31", "2017/05/31"]], "label": "story_112", "tags": ["commonkiosk", "mayor", "burgemeester"], "edgetotals": {"transaction": 0, "story": 2.0, "social": 0, "listing": 0}, "date": "2017/04/01", "avg_totals": {"social": 0.0, "story": 4.0, "transaction": 0.0, "listing": 0.0}, "kcore": 1, "type": "story", "id": "7381", "create_story": [["[45,7381]", "2017/05/31", "2017/05/31"]], "cumu_totals": {"social": 0.0, "story": 1.0, "transaction": 0.0, "listing": 0.0}}, {"nodemeta": ["story"], "avg_totals": {"social": 0.0, "story": 4.0, "transaction": 0.0, "listing": 0.0}, "transaction": [], "comment_story": [], "tag_commoner": [], "tags": [], "spells": [["2016/06/01", "2016/06/01"], ["2017/03/02", "2017/03/02"], ["2017/03/03", "2017/03/03"], ["2017/09/23", "2017/09/23"], ["2017/04/26", "2017/04/26"], ["2018/01/04", "2018/01/04"], ["2017/10/31", "2017/10/31"], ["2017/10/21", "2017/10/21"], ["2017/09/26", "2017/09/26"], ["2017/05/31", "2017/05/31"], ["2017/03/02", "2017/03/02"], ["2018/01/14", "2018/01/14"], ["2018/02/02", "2018/02/02"], ["2017/12/28", "2017/12/28"], ["2017/12/28", "2017/12/28"], ["2017/12/28", "2017/12/28"], ["2017/12/28", "2017/12/28"], ["2018/06/27", "2018/06/27"], ["2018/06/27", "2018/06/27"], ["2018/06/28", "2018/06/28"], ["2018/06/28", "2018/06/28"], ["2018/06/19", "2018/06/19"], ["2018/06/19", "2018/06/19"], ["2018/06/19", "2018/06/19"]], "name": "Museu da Crise", "kcore": 1, "conversation": [], "edgetotals": {"transaction": 0, "story": 2.0, "social": 0, "listing": 0}, "date": "2017/04/01", "stats": {"2017/05/31": {"story": {"create_story": [1, 2]}}, "story": {"rcreate_story": [], "create_story": [["[45,7381]", "2017/05/31", "2017/05/31"]]}}, "label": "commoner_56", "type": "commoner", "id": "45", "create_story": [["[45,7381]", "2017/05/31", "2017/05/31"]], "cumu_totals": {"social": 0.0, "story": 1.0, "transaction": 0.0, "listing": 0.0}}, {"nodemeta": ["story"], "stats": {}, "name": "mayor", "tags": [], "spells": [["2017/05/31", "2017/05/31"]], "tag_story": [["[7381,7629]", "2017/05/31", "2017/05/31"]], "label": "tag_225", "edgetotals": {"transaction": 0, "story": 0, "social": 0, "listing": 0}, "date": "2017/04/01", "avg_totals": {"listing": 0, "story": 0, "transaction": 0, "social": 0}, "kcore": 0, "type": "tag", "id": "7629", "cumu_totals": {"listing": 0, "story": 0, "transaction": 0, "social": 0}}, {"nodemeta": ["story"], "stats": {}, "name": "burgemeester", "tags": [], "spells": [["2017/05/31", "2017/05/31"]], "tag_story": [["[7381,7628]", "2017/05/31", "2017/05/31"]], "label": "tag_224", "edgetotals": {"transaction": 0, "story": 0, "social": 0, "listing": 0}, "date": "2017/04/01", "avg_totals": {"listing": 0, "story": 0, "transaction": 0, "social": 0}, "kcore": 0, "type": "tag", "id": "7628", "cumu_totals": {"listing": 0, "story": 0, "transaction": 0, "social": 0}}], "tagcount": [["mayor", 1], ["commonkiosk", 1], ["burgemeester", 1]]}