{"directed": false, "links": [{"target": "7373", "weight": 1.0, "tag_story": [["[7373,7542]", "2017/03/02", "2017/03/02"]], "label": "tag_130+date_start=2017/03/02", "source": "7542", "id": "514", "spells": [["2017/03/02", "2017/03/02"]]}, {"target": "7373", "weight": 1.0, "tag_story": [["[7373,7566]", "2017/03/02", "2017/03/02"]], "label": "tag_156+date_start=2017/03/02", "source": "7566", "id": "537", "spells": [["2017/03/02", "2017/03/02"]]}, {"target": "7382", "weight": 1.0, "tag_story": [["[7382,7567]", "2017/03/02", "2017/03/02"]], "label": "tag_157+date_start=2017/03/02", "source": "7567", "id": "550", "spells": [["2017/03/02", "2017/03/02"]]}, {"target": "7373", "weight": 1.0, "tag_story": [["[7373,7567]", "2017/03/02", "2017/03/02"]], "label": "tag_157+date_start=2017/03/02", "source": "7567", "id": "544", "spells": [["2017/03/02", "2017/03/02"]]}, {"target": "7374", "weight": 1.0, "tag_story": [["[7374,7567]", "2017/03/03", "2017/03/03"]], "label": "tag_157+date_start=2017/03/03", "source": "7567", "id": "545", "spells": [["2017/03/03", "2017/03/03"]]}, {"target": "7373", "weight": 1.0, "tag_story": [["[7373,7564]", "2017/03/02", "2017/03/02"]], "label": "tag_154+date_start=2017/03/02", "source": "7564", "id": "535", "spells": [["2017/03/02", "2017/03/02"]]}, {"target": "7373", "weight": 1.0, "tag_story": [["[7373,7565]", "2017/03/02", "2017/03/02"]], "label": "tag_155+date_start=2017/03/02", "source": "7565", "id": "536", "spells": [["2017/03/02", "2017/03/02"]]}, {"target": "7374", "weight": 1.0, "tag_story": [["[7374,7568]", "2017/03/03", "2017/03/03"]], "label": "tag_158+date_start=2017/03/03", "source": "7568", "id": "561", "spells": [["2017/03/03", "2017/03/03"]]}, {"target": "7373", "weight": 1.0, "tag_story": [["[7373,7569]", "2017/03/02", "2017/03/02"]], "label": "tag_159+date_start=2017/03/02", "source": "7569", "id": "562", "spells": [["2017/03/02", "2017/03/02"]]}, {"target": "7374", "weight": 1.0, "tag_story": [["[7374,7569]", "2017/03/03", "2017/03/03"]], "label": "tag_159+date_start=2017/03/03", "source": "7569", "id": "563", "spells": [["2017/03/03", "2017/03/03"]]}, {"target": "7382", "weight": 1.0, "tag_story": [["[7382,7569]", "2017/03/02", "2017/03/02"]], "label": "tag_159+date_start=2017/03/02", "source": "7569", "id": "568", "spells": [["2017/03/02", "2017/03/02"]]}, {"target": "7382", "weight": 1.0, "tag_story": [["[7382,7500]", "2017/03/02", "2017/03/02"]], "label": "tag_88+date_start=2017/03/02", "source": "7500", "id": "247", "spells": [["2017/03/02", "2017/03/02"]]}, {"target": "7382", "weight": 1.0, "tag_story": [["[7382,7632]", "2017/03/02", "2017/03/02"]], "label": "tag_228+date_start=2017/03/02", "source": "7632", "id": "632", "spells": [["2017/03/02", "2017/03/02"]]}, {"target": "7382", "weight": 1.0, "tag_story": [["[7382,7633]", "2017/03/02", "2017/03/02"]], "label": "tag_229+date_start=2017/03/02", "source": "7633", "id": "633", "spells": [["2017/03/02", "2017/03/02"]]}, {"target": "7382", "weight": 1.0, "tag_story": [["[7382,7631]", "2017/03/02", "2017/03/02"]], "label": "tag_227+date_start=2017/03/02", "source": "7631", "id": "631", "spells": [["2017/03/02", "2017/03/02"]]}, {"target": "7382", "weight": 1.0, "tag_story": [["[7382,7636]", "2017/03/02", "2017/03/02"]], "label": "tag_232+date_start=2017/03/02", "source": "7636", "id": "636", "spells": [["2017/03/02", "2017/03/02"]]}, {"target": "7382", "weight": 1.0, "tag_story": [["[7382,7634]", "2017/03/02", "2017/03/02"]], "label": "tag_230+date_start=2017/03/02", "source": "7634", "id": "634", "spells": [["2017/03/02", "2017/03/02"]]}, {"target": "7382", "weight": 1.0, "tag_story": [["[7382,7635]", "2017/03/02", "2017/03/02"]], "label": "tag_231+date_start=2017/03/02", "source": "7635", "id": "635", "spells": [["2017/03/02", "2017/03/02"]]}, {"edgemeta": ["story"], "target": "45", "weight": 1.0, "label": "create_113+date_start=2017/03/02", "source": "7382", "edgeweight": {"7382": 2.0, "45": 2.0}, "id": "81", "create_story": [["[45,7382]", "2017/03/02", "2017/03/02"]], "spells": [["2017/03/02", "2017/03/02"]]}, {"target": "7516", "weight": 1.0, "tag_story": [["[7382,7516]", "2017/03/02", "2017/03/02"]], "label": "tag_104+date_start=2017/03/02", "source": "7382", "id": "452", "spells": [["2017/03/02", "2017/03/02"]]}, {"target": "7373", "weight": 1.0, "tag_story": [["[7373,7510]", "2017/03/02", "2017/03/02"]], "label": "tag_98+date_start=2017/03/02", "source": "7510", "id": "411", "spells": [["2017/03/02", "2017/03/02"]]}, {"edgemeta": ["story"], "target": "7373", "weight": 1.0, "label": "create_102+date_start=2017/03/02", "source": "45", "edgeweight": {"7373": 2.0, "45": 2.0}, "id": "72", "create_story": [["[45,7373]", "2017/03/02", "2017/03/02"]], "spells": [["2017/03/02", "2017/03/02"]]}, {"edgemeta": ["story"], "target": "7374", "weight": 1.0, "label": "create_104+date_start=2017/03/03", "source": "45", "edgeweight": {"45": 2.0, "7374": 2.0}, "id": "73", "create_story": [["[45,7374]", "2017/03/03", "2017/03/03"]], "spells": [["2017/03/03", "2017/03/03"]]}, {"target": "7373", "weight": 1.0, "tag_story": [["[7373,7558]", "2017/03/02", "2017/03/02"]], "label": "tag_147+date_start=2017/03/02", "source": "7558", "id": "532", "spells": [["2017/03/02", "2017/03/02"]]}, {"target": "7374", "weight": 1.0, "tag_story": [["[7374,7571]", "2017/03/03", "2017/03/03"]], "label": "tag_161+date_start=2017/03/03", "source": "7571", "id": "570", "spells": [["2017/03/03", "2017/03/03"]]}, {"target": "7374", "weight": 1.0, "tag_story": [["[7374,7570]", "2017/03/03", "2017/03/03"]], "label": "tag_160+date_start=2017/03/03", "source": "7570", "id": "569", "spells": [["2017/03/03", "2017/03/03"]]}, {"target": "7374", "weight": 1.0, "tag_story": [["[7374,7573]", "2017/03/03", "2017/03/03"]], "label": "tag_163+date_start=2017/03/03", "source": "7573", "id": "572", "spells": [["2017/03/03", "2017/03/03"]]}, {"target": "7374", "weight": 1.0, "tag_story": [["[7374,7572]", "2017/03/03", "2017/03/03"]], "label": "tag_162+date_start=2017/03/03", "source": "7572", "id": "571", "spells": [["2017/03/03", "2017/03/03"]]}, {"target": "7374", "weight": 1.0, "tag_story": [["[7374,7575]", "2017/03/03", "2017/03/03"]], "label": "tag_165+date_start=2017/03/03", "source": "7575", "id": "574", "spells": [["2017/03/03", "2017/03/03"]]}, {"target": "7374", "weight": 1.0, "tag_story": [["[7374,7574]", "2017/03/03", "2017/03/03"]], "label": "tag_164+date_start=2017/03/03", "source": "7574", "id": "573", "spells": [["2017/03/03", "2017/03/03"]]}, {"target": "7374", "weight": 1.0, "tag_story": [["[7374,7577]", "2017/03/03", "2017/03/03"]], "label": "tag_167+date_start=2017/03/03", "source": "7577", "id": "576", "spells": [["2017/03/03", "2017/03/03"]]}, {"target": "7374", "weight": 1.0, "tag_story": [["[7374,7576]", "2017/03/03", "2017/03/03"]], "label": "tag_166+date_start=2017/03/03", "source": "7576", "id": "575", "spells": [["2017/03/03", "2017/03/03"]]}], "multigraph": false, "graph": {"start": "2016/06/01", "node_default": {}, "end": "2018/07/10", "mode": "dynamic", "edge_default": {}}, "date": "2017/04/01", "nodes": [{"nodemeta": ["story"], "stats": {}, "name": "freehealthcare", "tags": [], "spells": [["2017/03/02", "2017/03/02"]], "tag_story": [["[7373,7542]", "2017/03/02", "2017/03/02"]], "label": "tag_130", "edgetotals": {"transaction": 0, "story": 0, "social": 0, "listing": 0}, "date": "2017/02/01", "avg_totals": {"listing": 0, "story": 0, "transaction": 0, "social": 0}, "kcore": 0, "type": "tag", "id": "7542", "cumu_totals": {"listing": 0, "story": 0, "transaction": 0, "social": 0}}, {"nodemeta": ["story"], "stats": {}, "name": "gratis", "tags": [], "spells": [["2017/03/02", "2017/03/02"], ["2018/01/04", "2018/01/04"]], "tag_story": [["[7373,7566]", "2017/03/02", "2017/03/02"]], "label": "tag_156", "edgetotals": {"transaction": 0, "story": 0, "social": 0, "listing": 0}, "date": "2017/02/01", "avg_totals": {"listing": 0, "story": 0, "transaction": 0, "social": 0}, "kcore": 0, "type": "tag", "id": "7566", "cumu_totals": {"listing": 0, "story": 0, "transaction": 0, "social": 0}}, {"nodemeta": ["story"], "stats": {}, "name": "good practices", "tags": [], "spells": [["2017/10/30", "2017/10/30"], ["2017/10/30", "2017/10/30"], ["2017/10/30", "2017/10/30"], ["2017/10/30", "2017/10/30"], ["2017/10/30", "2017/10/30"], ["2017/03/02", "2017/03/02"], ["2017/03/03", "2017/03/03"], ["2017/09/23", "2017/09/23"], ["2017/04/26", "2017/04/26"], ["2018/01/04", "2018/01/04"], ["2017/09/26", "2017/09/26"], ["2017/03/02", "2017/03/02"], ["2018/01/10", "2018/01/10"], ["2018/02/18", "2018/02/18"], ["2018/02/20", "2018/02/20"], ["2018/02/20", "2018/02/20"], ["2018/02/20", "2018/02/20"], ["2018/02/20", "2018/02/20"], ["2018/02/20", "2018/02/20"], ["2018/02/20", "2018/02/20"], ["2018/02/20", "2018/02/20"], ["2018/05/16", "2018/05/16"]], "tag_story": [["[7373,7567]", "2017/03/02", "2017/03/02"], ["[7374,7567]", "2017/03/03", "2017/03/03"], ["[7382,7567]", "2017/03/02", "2017/03/02"]], "label": "tag_157", "edgetotals": {"transaction": 0, "story": 0, "social": 0, "listing": 0}, "date": "2017/02/01", "avg_totals": {"listing": 0, "story": 0, "transaction": 0, "social": 0}, "kcore": 0, "type": "tag", "id": "7567", "cumu_totals": {"listing": 0, "story": 0, "transaction": 0, "social": 0}}, {"nodemeta": ["story"], "stats": {}, "name": "opleiding", "tags": [], "spells": [["2017/03/02", "2017/03/02"]], "tag_story": [["[7373,7564]", "2017/03/02", "2017/03/02"]], "label": "tag_154", "edgetotals": {"transaction": 0, "story": 0, "social": 0, "listing": 0}, "date": "2017/02/01", "avg_totals": {"listing": 0, "story": 0, "transaction": 0, "social": 0}, "kcore": 0, "type": "tag", "id": "7564", "cumu_totals": {"listing": 0, "story": 0, "transaction": 0, "social": 0}}, {"nodemeta": ["story"], "stats": {}, "name": "gezondheid", "tags": [], "spells": [["2017/03/02", "2017/03/02"]], "tag_story": [["[7373,7565]", "2017/03/02", "2017/03/02"]], "label": "tag_155", "edgetotals": {"transaction": 0, "story": 0, "social": 0, "listing": 0}, "date": "2017/02/01", "avg_totals": {"listing": 0, "story": 0, "transaction": 0, "social": 0}, "kcore": 0, "type": "tag", "id": "7565", "cumu_totals": {"listing": 0, "story": 0, "transaction": 0, "social": 0}}, {"nodemeta": ["story"], "stats": {}, "name": "free food", "tags": [], "spells": [["2017/03/03", "2017/03/03"]], "tag_story": [["[7374,7568]", "2017/03/03", "2017/03/03"]], "label": "tag_158", "edgetotals": {"transaction": 0, "story": 0, "social": 0, "listing": 0}, "date": "2017/02/01", "avg_totals": {"listing": 0, "story": 0, "transaction": 0, "social": 0}, "kcore": 0, "type": "tag", "id": "7568", "cumu_totals": {"listing": 0, "story": 0, "transaction": 0, "social": 0}}, {"nodemeta": ["story"], "stats": {}, "name": "goede voorbeelden", "tags": [], "spells": [["2017/03/02", "2017/03/02"], ["2017/03/03", "2017/03/03"], ["2017/09/23", "2017/09/23"], ["2017/04/26", "2017/04/26"], ["2018/01/04", "2018/01/04"], ["2017/09/26", "2017/09/26"], ["2017/03/02", "2017/03/02"]], "tag_story": [["[7373,7569]", "2017/03/02", "2017/03/02"], ["[7374,7569]", "2017/03/03", "2017/03/03"], ["[7382,7569]", "2017/03/02", "2017/03/02"]], "label": "tag_159", "edgetotals": {"transaction": 0, "story": 0, "social": 0, "listing": 0}, "date": "2017/02/01", "avg_totals": {"listing": 0, "story": 0, "transaction": 0, "social": 0}, "kcore": 0, "type": "tag", "id": "7569", "cumu_totals": {"listing": 0, "story": 0, "transaction": 0, "social": 0}}, {"kcore": 0, "stats": {}, "name": "work", "tags": [], "spells": [["2017/09/01", "2017/09/01"], ["2017/09/01", "2017/09/01"], ["2017/09/01", "2017/09/01"], ["2017/09/01", "2017/09/01"], ["2017/09/01", "2017/09/01"], ["2017/09/01", "2017/09/01"], ["2017/09/01", "2017/09/01"], ["2017/09/01", "2017/09/01"], ["2017/09/01", "2017/09/01"], ["2017/09/01", "2017/09/01"], ["2017/09/01", "2017/09/01"], ["2017/09/01", "2017/09/01"], ["2017/09/01", "2017/09/01"], ["2017/09/01", "2017/09/01"], ["2017/09/01", "2017/09/01"], ["2017/09/01", "2017/09/01"], ["2017/09/01", "2017/09/01"], ["2017/09/01", "2017/09/01"], ["2017/03/02", "2017/03/02"], ["2018/02/20", "2018/02/20"], ["2018/02/20", "2018/02/20"], ["2018/03/01", "2018/03/01"], ["2018/05/09", "2018/05/09"], ["2018/06/15", "2018/06/15"], ["2018/06/22", "2018/06/22"]], "tag_story": [["[7382,7500]", "2017/03/02", "2017/03/02"]], "label": "tag_88", "cumu_totals": {"listing": 0, "story": 0, "transaction": 0, "social": 0}, "edgetotals": {"transaction": 0, "story": 0, "social": 0, "listing": 0}, "date": "2017/02/01", "avg_totals": {"listing": 0, "story": 0, "transaction": 0, "social": 0}, "nodemeta": ["story"], "type": "tag", "id": "7500", "tag_commoner": []}, {"nodemeta": ["story"], "stats": {}, "name": "inkomen", "tags": [], "spells": [["2017/03/02", "2017/03/02"]], "tag_story": [["[7382,7632]", "2017/03/02", "2017/03/02"]], "label": "tag_228", "edgetotals": {"transaction": 0, "story": 0, "social": 0, "listing": 0}, "date": "2017/02/01", "avg_totals": {"listing": 0, "story": 0, "transaction": 0, "social": 0}, "kcore": 0, "type": "tag", "id": "7632", "cumu_totals": {"listing": 0, "story": 0, "transaction": 0, "social": 0}}, {"nodemeta": ["story"], "stats": {}, "name": "jongeren", "tags": [], "spells": [["2017/03/02", "2017/03/02"]], "tag_story": [["[7382,7633]", "2017/03/02", "2017/03/02"]], "label": "tag_229", "edgetotals": {"transaction": 0, "story": 0, "social": 0, "listing": 0}, "date": "2017/02/01", "avg_totals": {"listing": 0, "story": 0, "transaction": 0, "social": 0}, "kcore": 0, "type": "tag", "id": "7633", "cumu_totals": {"listing": 0, "story": 0, "transaction": 0, "social": 0}}, {"nodemeta": ["story"], "stats": {}, "name": "income", "tags": [], "spells": [["2017/03/02", "2017/03/02"]], "tag_story": [["[7382,7631]", "2017/03/02", "2017/03/02"]], "label": "tag_227", "edgetotals": {"transaction": 0, "story": 0, "social": 0, "listing": 0}, "date": "2017/02/01", "avg_totals": {"listing": 0, "story": 0, "transaction": 0, "social": 0}, "kcore": 0, "type": "tag", "id": "7631", "cumu_totals": {"listing": 0, "story": 0, "transaction": 0, "social": 0}}, {"nodemeta": ["story"], "stats": {}, "name": "problem", "tags": [], "spells": [["2017/03/02", "2017/03/02"]], "tag_story": [["[7382,7636]", "2017/03/02", "2017/03/02"]], "label": "tag_232", "edgetotals": {"transaction": 0, "story": 0, "social": 0, "listing": 0}, "date": "2017/02/01", "avg_totals": {"listing": 0, "story": 0, "transaction": 0, "social": 0}, "kcore": 0, "type": "tag", "id": "7636", "cumu_totals": {"listing": 0, "story": 0, "transaction": 0, "social": 0}}, {"nodemeta": ["story"], "stats": {}, "name": "youth", "tags": [], "spells": [["2017/03/02", "2017/03/02"]], "tag_story": [["[7382,7634]", "2017/03/02", "2017/03/02"]], "label": "tag_230", "edgetotals": {"transaction": 0, "story": 0, "social": 0, "listing": 0}, "date": "2017/02/01", "avg_totals": {"listing": 0, "story": 0, "transaction": 0, "social": 0}, "kcore": 0, "type": "tag", "id": "7634", "cumu_totals": {"listing": 0, "story": 0, "transaction": 0, "social": 0}}, {"nodemeta": ["story"], "stats": {}, "name": "probleem", "tags": [], "spells": [["2017/03/02", "2017/03/02"]], "tag_story": [["[7382,7635]", "2017/03/02", "2017/03/02"]], "label": "tag_231", "edgetotals": {"transaction": 0, "story": 0, "social": 0, "listing": 0}, "date": "2017/02/01", "avg_totals": {"listing": 0, "story": 0, "transaction": 0, "social": 0}, "kcore": 0, "type": "tag", "id": "7635", "cumu_totals": {"listing": 0, "story": 0, "transaction": 0, "social": 0}}, {"nodemeta": ["story", "story", "story"], "stats": {"story": {"rcreate_story": [], "rtag_story": [], "create_story": [["[45,7382]", "2017/03/02", "2017/03/02"]], "tag_story": [["[7382,7567]", "2017/03/02", "2017/03/02"], ["[7382,7631]", "2017/03/02", "2017/03/02"], ["[7382,7632]", "2017/03/02", "2017/03/02"], ["[7382,7633]", "2017/03/02", "2017/03/02"], ["[7382,7636]", "2017/03/02", "2017/03/02"], ["[7382,7634]", "2017/03/02", "2017/03/02"], ["[7382,7569]", "2017/03/02", "2017/03/02"], ["[7382,7516]", "2017/03/02", "2017/03/02"], ["[7382,7500]", "2017/03/02", "2017/03/02"], ["[7382,7635]", "2017/03/02", "2017/03/02"]]}, "2017/03/02": {"story": {"tag_story": [10, 0]}}}, "title": "Heilige Boontjes - Goody goody", "spells": [["2017/03/02", "2017/03/02"], ["2017/03/02", "2017/03/02"], ["2017/03/02", "2017/03/02"], ["2017/03/02", "2017/03/02"], ["2017/03/02", "2017/03/02"], ["2017/03/02", "2017/03/02"], ["2017/03/02", "2017/03/02"], ["2017/03/02", "2017/03/02"], ["2017/03/02", "2017/03/02"], ["2017/03/02", "2017/03/02"], ["2017/03/02", "2017/03/02"]], "tag_story": [["[7382,7500]", "2017/03/02", "2017/03/02"], ["[7382,7516]", "2017/03/02", "2017/03/02"], ["[7382,7567]", "2017/03/02", "2017/03/02"], ["[7382,7569]", "2017/03/02", "2017/03/02"], ["[7382,7631]", "2017/03/02", "2017/03/02"], ["[7382,7632]", "2017/03/02", "2017/03/02"], ["[7382,7633]", "2017/03/02", "2017/03/02"], ["[7382,7634]", "2017/03/02", "2017/03/02"], ["[7382,7635]", "2017/03/02", "2017/03/02"], ["[7382,7636]", "2017/03/02", "2017/03/02"]], "label": "story_113", "tags": ["work", "good practices", "goede voorbeelden", "inkomen", "jongeren", "income", "problem", "youth", "probleem", "werk"], "edgetotals": {"transaction": 0, "story": 2.0, "social": 0, "listing": 0}, "date": "2017/02/01", "avg_totals": {"social": 0.0, "story": 4.0, "transaction": 0.0, "listing": 0.0}, "kcore": 1, "type": "story", "id": "7382", "create_story": [["[45,7382]", "2017/03/02", "2017/03/02"]], "cumu_totals": {"social": 0.0, "story": 1.0, "transaction": 0.0, "listing": 0.0}}, {"nodemeta": ["story"], "stats": {}, "name": "werk", "tags": [], "spells": [["2017/09/01", "2017/09/01"], ["2017/09/01", "2017/09/01"], ["2017/09/01", "2017/09/01"], ["2017/09/01", "2017/09/01"], ["2017/09/01", "2017/09/01"], ["2017/03/02", "2017/03/02"]], "tag_story": [["[7382,7516]", "2017/03/02", "2017/03/02"]], "label": "tag_104", "edgetotals": {"transaction": 0, "story": 0, "social": 0, "listing": 0}, "date": "2017/02/01", "avg_totals": {"listing": 0, "story": 0, "transaction": 0, "social": 0}, "kcore": 0, "type": "tag", "id": "7516", "cumu_totals": {"listing": 0, "story": 0, "transaction": 0, "social": 0}}, {"nodemeta": ["story"], "stats": {}, "name": "education and training", "tags": [], "spells": [["2017/09/01", "2017/09/01"], ["2017/09/01", "2017/09/01"], ["2017/09/01", "2017/09/01"], ["2017/09/01", "2017/09/01"], ["2017/09/01", "2017/09/01"], ["2017/03/02", "2017/03/02"]], "tag_story": [["[7373,7510]", "2017/03/02", "2017/03/02"]], "label": "tag_98", "edgetotals": {"transaction": 0, "story": 0, "social": 0, "listing": 0}, "date": "2017/02/01", "avg_totals": {"listing": 0, "story": 0, "transaction": 0, "social": 0}, "kcore": 0, "type": "tag", "id": "7510", "cumu_totals": {"listing": 0, "story": 0, "transaction": 0, "social": 0}}, {"nodemeta": ["story"], "avg_totals": {"social": 0.0, "story": 4.0, "transaction": 0.0, "listing": 0.0}, "transaction": [], "comment_story": [], "tag_commoner": [], "tags": [], "spells": [["2016/06/01", "2016/06/01"], ["2017/03/02", "2017/03/02"], ["2017/03/03", "2017/03/03"], ["2017/09/23", "2017/09/23"], ["2017/04/26", "2017/04/26"], ["2018/01/04", "2018/01/04"], ["2017/10/31", "2017/10/31"], ["2017/10/21", "2017/10/21"], ["2017/09/26", "2017/09/26"], ["2017/05/31", "2017/05/31"], ["2017/03/02", "2017/03/02"], ["2018/01/14", "2018/01/14"], ["2018/02/02", "2018/02/02"], ["2017/12/28", "2017/12/28"], ["2017/12/28", "2017/12/28"], ["2017/12/28", "2017/12/28"], ["2017/12/28", "2017/12/28"], ["2018/06/27", "2018/06/27"], ["2018/06/27", "2018/06/27"], ["2018/06/28", "2018/06/28"], ["2018/06/28", "2018/06/28"], ["2018/06/19", "2018/06/19"], ["2018/06/19", "2018/06/19"], ["2018/06/19", "2018/06/19"]], "name": "Museu da Crise", "kcore": 1, "conversation": [], "edgetotals": {"transaction": 0, "story": 6.0, "social": 0, "listing": 0}, "date": "2017/02/01", "stats": {"story": {"rcreate_story": [], "create_story": [["[45,7373]", "2017/03/02", "2017/03/02"], ["[45,7374]", "2017/03/03", "2017/03/03"], ["[45,7382]", "2017/03/02", "2017/03/02"]]}, "2017/03/03": {"story": {"create_story": [1, 2]}}, "2017/03/02": {"story": {"create_story": [2, 4]}}}, "label": "commoner_56", "type": "commoner", "id": "45", "create_story": [["[45,7373]", "2017/03/02", "2017/03/02"], ["[45,7374]", "2017/03/03", "2017/03/03"], ["[45,7382]", "2017/03/02", "2017/03/02"]], "cumu_totals": {"social": 0.0, "story": 1.0, "transaction": 0.0, "listing": 0.0}}, {"nodemeta": ["story"], "stats": {}, "name": "gezondheidszorg", "tags": [], "spells": [["2017/03/02", "2017/03/02"]], "tag_story": [["[7373,7558]", "2017/03/02", "2017/03/02"]], "label": "tag_147", "edgetotals": {"transaction": 0, "story": 0, "social": 0, "listing": 0}, "date": "2017/02/01", "avg_totals": {"listing": 0, "story": 0, "transaction": 0, "social": 0}, "kcore": 0, "type": "tag", "id": "7558", "cumu_totals": {"listing": 0, "story": 0, "transaction": 0, "social": 0}}, {"nodemeta": ["story"], "stats": {}, "name": "eten", "tags": [], "spells": [["2017/03/03", "2017/03/03"]], "tag_story": [["[7374,7571]", "2017/03/03", "2017/03/03"]], "label": "tag_161", "edgetotals": {"transaction": 0, "story": 0, "social": 0, "listing": 0}, "date": "2017/02/01", "avg_totals": {"listing": 0, "story": 0, "transaction": 0, "social": 0}, "kcore": 0, "type": "tag", "id": "7571", "cumu_totals": {"listing": 0, "story": 0, "transaction": 0, "social": 0}}, {"nodemeta": ["story"], "stats": {}, "name": "gratis eten", "tags": [], "spells": [["2017/03/03", "2017/03/03"]], "tag_story": [["[7374,7570]", "2017/03/03", "2017/03/03"]], "label": "tag_160", "edgetotals": {"transaction": 0, "story": 0, "social": 0, "listing": 0}, "date": "2017/02/01", "avg_totals": {"listing": 0, "story": 0, "transaction": 0, "social": 0}, "kcore": 0, "type": "tag", "id": "7570", "cumu_totals": {"listing": 0, "story": 0, "transaction": 0, "social": 0}}, {"nodemeta": ["story"], "stats": {}, "name": "foodscape", "tags": [], "spells": [["2017/03/03", "2017/03/03"]], "tag_story": [["[7374,7573]", "2017/03/03", "2017/03/03"]], "label": "tag_163", "edgetotals": {"transaction": 0, "story": 0, "social": 0, "listing": 0}, "date": "2017/02/01", "avg_totals": {"listing": 0, "story": 0, "transaction": 0, "social": 0}, "kcore": 0, "type": "tag", "id": "7573", "cumu_totals": {"listing": 0, "story": 0, "transaction": 0, "social": 0}}, {"nodemeta": ["story"], "stats": {}, "name": "voedsellandschap", "tags": [], "spells": [["2017/03/03", "2017/03/03"]], "tag_story": [["[7374,7572]", "2017/03/03", "2017/03/03"]], "label": "tag_162", "edgetotals": {"transaction": 0, "story": 0, "social": 0, "listing": 0}, "date": "2017/02/01", "avg_totals": {"listing": 0, "story": 0, "transaction": 0, "social": 0}, "kcore": 0, "type": "tag", "id": "7572", "cumu_totals": {"listing": 0, "story": 0, "transaction": 0, "social": 0}}, {"nodemeta": ["story"], "stats": {}, "name": "urban agriculture", "tags": [], "spells": [["2017/03/03", "2017/03/03"]], "tag_story": [["[7374,7575]", "2017/03/03", "2017/03/03"]], "label": "tag_165", "edgetotals": {"transaction": 0, "story": 0, "social": 0, "listing": 0}, "date": "2017/02/01", "avg_totals": {"listing": 0, "story": 0, "transaction": 0, "social": 0}, "kcore": 0, "type": "tag", "id": "7575", "cumu_totals": {"listing": 0, "story": 0, "transaction": 0, "social": 0}}, {"nodemeta": ["story"], "stats": {}, "name": "stadslandbouw", "tags": [], "spells": [["2017/03/03", "2017/03/03"]], "tag_story": [["[7374,7574]", "2017/03/03", "2017/03/03"]], "label": "tag_164", "edgetotals": {"transaction": 0, "story": 0, "social": 0, "listing": 0}, "date": "2017/02/01", "avg_totals": {"listing": 0, "story": 0, "transaction": 0, "social": 0}, "kcore": 0, "type": "tag", "id": "7574", "cumu_totals": {"listing": 0, "story": 0, "transaction": 0, "social": 0}}, {"nodemeta": ["story"], "stats": {}, "name": "permaculture", "tags": [], "spells": [["2017/03/03", "2017/03/03"]], "tag_story": [["[7374,7577]", "2017/03/03", "2017/03/03"]], "label": "tag_167", "edgetotals": {"transaction": 0, "story": 0, "social": 0, "listing": 0}, "date": "2017/02/01", "avg_totals": {"listing": 0, "story": 0, "transaction": 0, "social": 0}, "kcore": 0, "type": "tag", "id": "7577", "cumu_totals": {"listing": 0, "story": 0, "transaction": 0, "social": 0}}, {"nodemeta": ["story"], "stats": {}, "name": "permacultuur", "tags": [], "spells": [["2017/03/03", "2017/03/03"]], "tag_story": [["[7374,7576]", "2017/03/03", "2017/03/03"]], "label": "tag_166", "edgetotals": {"transaction": 0, "story": 0, "social": 0, "listing": 0}, "date": "2017/02/01", "avg_totals": {"listing": 0, "story": 0, "transaction": 0, "social": 0}, "kcore": 0, "type": "tag", "id": "7576", "cumu_totals": {"listing": 0, "story": 0, "transaction": 0, "social": 0}}, {"nodemeta": ["story", "story", "story"], "stats": {"story": {"rcreate_story": [], "rtag_story": [], "create_story": [["[45,7373]", "2017/03/02", "2017/03/02"]], "tag_story": [["[7373,7566]", "2017/03/02", "2017/03/02"], ["[7373,7567]", "2017/03/02", "2017/03/02"], ["[7373,7564]", "2017/03/02", "2017/03/02"], ["[7373,7565]", "2017/03/02", "2017/03/02"], ["[7373,7569]", "2017/03/02", "2017/03/02"], ["[7373,7558]", "2017/03/02", "2017/03/02"], ["[7373,7510]", "2017/03/02", "2017/03/02"], ["[7373,7542]", "2017/03/02", "2017/03/02"]]}, "2017/03/02": {"story": {"tag_story": [8, 0]}}}, "title": "ThuisPoli The Hague", "spells": [["2017/03/02", "2017/03/02"], ["2017/03/02", "2017/03/02"], ["2017/03/02", "2017/03/02"], ["2017/03/02", "2017/03/02"], ["2017/03/02", "2017/03/02"], ["2017/03/02", "2017/03/02"], ["2017/03/02", "2017/03/02"], ["2017/03/02", "2017/03/02"], ["2017/03/02", "2017/03/02"]], "tag_story": [["[7373,7510]", "2017/03/02", "2017/03/02"], ["[7373,7542]", "2017/03/02", "2017/03/02"], ["[7373,7558]", "2017/03/02", "2017/03/02"], ["[7373,7564]", "2017/03/02", "2017/03/02"], ["[7373,7565]", "2017/03/02", "2017/03/02"], ["[7373,7566]", "2017/03/02", "2017/03/02"], ["[7373,7567]", "2017/03/02", "2017/03/02"], ["[7373,7569]", "2017/03/02", "2017/03/02"]], "label": "story_102", "tags": ["freehealthcare", "gratis", "good practices", "opleiding", "gezondheid", "goede voorbeelden", "education and training", "gezondheidszorg"], "edgetotals": {"transaction": 0, "story": 2.0, "social": 0, "listing": 0}, "date": "2017/02/01", "avg_totals": {"social": 0.0, "story": 4.0, "transaction": 0.0, "listing": 0.0}, "kcore": 1, "type": "story", "id": "7373", "create_story": [["[45,7373]", "2017/03/02", "2017/03/02"]], "cumu_totals": {"social": 0.0, "story": 1.0, "transaction": 0.0, "listing": 0.0}}, {"nodemeta": ["story", "story", "story"], "stats": {"story": {"rcreate_story": [], "rtag_story": [], "create_story": [["[45,7374]", "2017/03/03", "2017/03/03"]], "tag_story": [["[7374,7571]", "2017/03/03", "2017/03/03"], ["[7374,7567]", "2017/03/03", "2017/03/03"], ["[7374,7573]", "2017/03/03", "2017/03/03"], ["[7374,7572]", "2017/03/03", "2017/03/03"], ["[7374,7575]", "2017/03/03", "2017/03/03"], ["[7374,7574]", "2017/03/03", "2017/03/03"], ["[7374,7577]", "2017/03/03", "2017/03/03"], ["[7374,7570]", "2017/03/03", "2017/03/03"], ["[7374,7568]", "2017/03/03", "2017/03/03"], ["[7374,7569]", "2017/03/03", "2017/03/03"], ["[7374,7576]", "2017/03/03", "2017/03/03"]]}, "2017/03/03": {"story": {"tag_story": [11, 0]}}}, "title": "URBANIAHOEVE", "spells": [["2017/03/03", "2017/03/03"], ["2017/03/03", "2017/03/03"], ["2017/03/03", "2017/03/03"], ["2017/03/03", "2017/03/03"], ["2017/03/03", "2017/03/03"], ["2017/03/03", "2017/03/03"], ["2017/03/03", "2017/03/03"], ["2017/03/03", "2017/03/03"], ["2017/03/03", "2017/03/03"], ["2017/03/03", "2017/03/03"], ["2017/03/03", "2017/03/03"], ["2017/03/03", "2017/03/03"]], "tag_story": [["[7374,7567]", "2017/03/03", "2017/03/03"], ["[7374,7568]", "2017/03/03", "2017/03/03"], ["[7374,7569]", "2017/03/03", "2017/03/03"], ["[7374,7570]", "2017/03/03", "2017/03/03"], ["[7374,7571]", "2017/03/03", "2017/03/03"], ["[7374,7572]", "2017/03/03", "2017/03/03"], ["[7374,7573]", "2017/03/03", "2017/03/03"], ["[7374,7574]", "2017/03/03", "2017/03/03"], ["[7374,7575]", "2017/03/03", "2017/03/03"], ["[7374,7576]", "2017/03/03", "2017/03/03"], ["[7374,7577]", "2017/03/03", "2017/03/03"]], "label": "story_104", "tags": ["good practices", "free food", "goede voorbeelden", "eten", "gratis eten", "foodscape", "voedsellandschap", "urban agriculture", "stadslandbouw", "permaculture", "permacultuur"], "edgetotals": {"transaction": 0, "story": 2.0, "social": 0, "listing": 0}, "date": "2017/02/01", "avg_totals": {"social": 0.0, "story": 4.0, "transaction": 0.0, "listing": 0.0}, "kcore": 1, "type": "story", "id": "7374", "create_story": [["[45,7374]", "2017/03/03", "2017/03/03"]], "cumu_totals": {"social": 0.0, "story": 1.0, "transaction": 0.0, "listing": 0.0}}], "tagcount": [["good practices", 3], ["goede voorbeelden", 3], ["youth", 1], ["work", 1], ["werk", 1], ["voedsellandschap", 1], ["urban agriculture", 1], ["stadslandbouw", 1], ["problem", 1], ["probleem", 1], ["permacultuur", 1], ["permaculture", 1], ["opleiding", 1], ["jongeren", 1], ["inkomen", 1], ["income", 1], ["gratis eten", 1], ["gratis", 1], ["gezondheidszorg", 1], ["gezondheid", 1], ["freehealthcare", 1], ["free food", 1], ["foodscape", 1], ["eten", 1], ["education and training", 1]]}