{"directed": false, "links": [{"tag_commoner": [["[45,7784]", "2017/12/28", "2017/12/28"]], "weight": 1.0, "label": "tag_407+date_start=2017/12/28", "source": "45", "target": "7784", "id": "801", "spells": [["2017/12/28", "2017/12/28"]]}, {"tag_commoner": [["[45,7782]", "2017/12/28", "2017/12/28"]], "weight": 1.0, "label": "tag_405+date_start=2017/12/28", "source": "45", "target": "7782", "id": "799", "spells": [["2017/12/28", "2017/12/28"]]}, {"tag_commoner": [["[45,7783]", "2017/12/28", "2017/12/28"]], "weight": 1.0, "label": "tag_406+date_start=2017/12/28", "source": "45", "target": "7783", "id": "800", "spells": [["2017/12/28", "2017/12/28"]]}, {"tag_commoner": [["[45,7781]", "2017/12/28", "2017/12/28"]], "weight": 1.0, "label": "tag_404+date_start=2017/12/28", "source": "45", "target": "7781", "id": "798", "spells": [["2017/12/28", "2017/12/28"]]}], "multigraph": false, "graph": {"start": "2016/06/01", "node_default": {}, "end": "2018/07/10", "mode": "dynamic", "edge_default": {}}, "date": "2018/01/01", "nodes": [{"nodemeta": ["social"], "avg_totals": {"listing": 0, "story": 0, "transaction": 0, "social": 0}, "transaction": [], "comment_story": [], "tag_commoner": [["[45,7781]", "2017/12/28", "2017/12/28"], ["[45,7782]", "2017/12/28", "2017/12/28"], ["[45,7783]", "2017/12/28", "2017/12/28"], ["[45,7784]", "2017/12/28", "2017/12/28"]], "tags": ["economy", "people", "self-determination", "workshops"], "spells": [["2016/06/01", "2016/06/01"], ["2017/03/02", "2017/03/02"], ["2017/03/03", "2017/03/03"], ["2017/09/23", "2017/09/23"], ["2017/04/26", "2017/04/26"], ["2018/01/04", "2018/01/04"], ["2017/10/31", "2017/10/31"], ["2017/10/21", "2017/10/21"], ["2017/09/26", "2017/09/26"], ["2017/05/31", "2017/05/31"], ["2017/03/02", "2017/03/02"], ["2018/01/14", "2018/01/14"], ["2018/02/02", "2018/02/02"], ["2017/12/28", "2017/12/28"], ["2017/12/28", "2017/12/28"], ["2017/12/28", "2017/12/28"], ["2017/12/28", "2017/12/28"], ["2018/06/27", "2018/06/27"], ["2018/06/27", "2018/06/27"], ["2018/06/28", "2018/06/28"], ["2018/06/28", "2018/06/28"], ["2018/06/19", "2018/06/19"], ["2018/06/19", "2018/06/19"], ["2018/06/19", "2018/06/19"]], "name": "Museu da Crise", "kcore": 0, "conversation": [], "edgetotals": {"transaction": 0, "story": 0, "social": 0, "listing": 0}, "date": "2017/11/01", "stats": {}, "label": "commoner_56", "type": "commoner", "id": "45", "create_story": [], "cumu_totals": {"listing": 0, "story": 0, "transaction": 0, "social": 0}}, {"nodemeta": ["social"], "stats": {}, "tag_commoner": [["[45,7784]", "2017/12/28", "2017/12/28"]], "tags": [], "spells": [["2017/12/28", "2017/12/28"]], "label": "tag_407", "name": "self-determination", "edgetotals": {"transaction": 0, "story": 0, "social": 0, "listing": 0}, "date": "2017/11/01", "avg_totals": {"listing": 0, "story": 0, "transaction": 0, "social": 0}, "kcore": 0, "type": "tag", "id": "7784", "cumu_totals": {"listing": 0, "story": 0, "transaction": 0, "social": 0}}, {"nodemeta": ["social"], "stats": {}, "tag_commoner": [["[45,7782]", "2017/12/28", "2017/12/28"]], "tags": [], "spells": [["2017/12/28", "2017/12/28"]], "label": "tag_405", "name": "people", "edgetotals": {"transaction": 0, "story": 0, "social": 0, "listing": 0}, "date": "2017/11/01", "avg_totals": {"listing": 0, "story": 0, "transaction": 0, "social": 0}, "kcore": 0, "type": "tag", "id": "7782", "cumu_totals": {"listing": 0, "story": 0, "transaction": 0, "social": 0}}, {"nodemeta": ["social"], "stats": {}, "tag_commoner": [["[45,7783]", "2017/12/28", "2017/12/28"]], "tags": [], "spells": [["2017/12/28", "2017/12/28"]], "label": "tag_406", "name": "economy", "edgetotals": {"transaction": 0, "story": 0, "social": 0, "listing": 0}, "date": "2017/11/01", "avg_totals": {"listing": 0, "story": 0, "transaction": 0, "social": 0}, "kcore": 0, "type": "tag", "id": "7783", "cumu_totals": {"listing": 0, "story": 0, "transaction": 0, "social": 0}}, {"nodemeta": ["social"], "stats": {}, "tag_commoner": [["[45,7781]", "2017/12/28", "2017/12/28"]], "tags": [], "spells": [["2017/12/28", "2017/12/28"]], "label": "tag_404", "name": "workshops", "edgetotals": {"transaction": 0, "story": 0, "social": 0, "listing": 0}, "date": "2017/11/01", "avg_totals": {"listing": 0, "story": 0, "transaction": 0, "social": 0}, "kcore": 0, "type": "tag", "id": "7781", "cumu_totals": {"listing": 0, "story": 0, "transaction": 0, "social": 0}}], "tagcount": [["workshops", 1], ["self-determination", 1], ["people", 1], ["economy", 1]]}