{"directed": false, "links": [{"target": "7372", "weight": 1.0, "tag_story": [["[7372,7490]", "2016/06/01", "2016/06/01"]], "label": "tag_74+date_start=2016/06/01", "source": "7490", "id": "214", "spells": [["2016/06/01", "2016/06/01"]]}, {"edgemeta": ["story"], "target": "7372", "weight": 1.0, "label": "create_98+date_start=2016/06/01", "source": "45", "edgeweight": {"7372": 2.0, "45": 2.0}, "id": "71", "create_story": [["[45,7372]", "2016/06/01", "2016/06/01"]], "spells": [["2016/06/01", "2016/06/01"]]}, {"target": "7372", "weight": 1.0, "tag_story": [["[7372,7551]", "2016/06/01", "2016/06/01"]], "label": "tag_139+date_start=2016/06/01", "source": "7551", "id": "527", "spells": [["2016/06/01", "2016/06/01"]]}, {"target": "7372", "weight": 1.0, "tag_story": [["[7372,7550]", "2016/06/01", "2016/06/01"]], "label": "tag_138+date_start=2016/06/01", "source": "7550", "id": "526", "spells": [["2016/06/01", "2016/06/01"]]}], "multigraph": false, "graph": {"start": "2016/06/01", "node_default": {}, "end": "2018/07/10", "mode": "dynamic", "edge_default": {}}, "date": "2016/07/01", "nodes": [{"nodemeta": [], "stats": {}, "name": "amsterdam", "tag_story": [], "tags": [], "label": "tag_74", "edgetotals": {"transaction": 0, "story": 0, "social": 0, "listing": 0}, "spells": [["2017/11/15", "2017/11/15"], ["2016/06/01", "2016/06/01"]], "avg_totals": {"listing": 0, "story": 0, "transaction": 0, "social": 0}, "kcore": 0, "type": "tag", "id": "7490", "cumu_totals": {"listing": 0, "story": 0, "transaction": 0, "social": 0}}, {"nodemeta": [], "avg_totals": {"social": 0.0, "story": 4.0, "transaction": 0.0, "listing": 0.0}, "transaction": [], "comment_story": [], "tag_commoner": [], "tags": [], "name": "Museu da Crise", "kcore": 1, "conversation": [], "edgetotals": {"transaction": 0, "story": 2.0, "social": 0, "listing": 0}, "spells": [["2016/06/01", "2016/06/01"], ["2017/03/02", "2017/03/02"], ["2017/03/03", "2017/03/03"], ["2017/09/23", "2017/09/23"], ["2017/04/26", "2017/04/26"], ["2018/01/04", "2018/01/04"], ["2017/10/31", "2017/10/31"], ["2017/10/21", "2017/10/21"], ["2017/09/26", "2017/09/26"], ["2017/05/31", "2017/05/31"], ["2017/03/02", "2017/03/02"], ["2018/01/14", "2018/01/14"], ["2018/02/02", "2018/02/02"], ["2017/12/28", "2017/12/28"], ["2017/12/28", "2017/12/28"], ["2017/12/28", "2017/12/28"], ["2017/12/28", "2017/12/28"], ["2018/06/27", "2018/06/27"], ["2018/06/27", "2018/06/27"], ["2018/06/28", "2018/06/28"], ["2018/06/28", "2018/06/28"], ["2018/06/19", "2018/06/19"], ["2018/06/19", "2018/06/19"], ["2018/06/19", "2018/06/19"]], "stats": {"2016/06/01": {"story": {"create_story": [1, 2]}}, "story": {"rcreate_story": [], "create_story": [["[45,7372]", "2016/06/01", "2016/06/01"]]}}, "label": "commoner_56", "type": "commoner", "id": "45", "create_story": [], "cumu_totals": {"social": 0.0, "story": 1.0, "transaction": 0.0, "listing": 0.0}}, {"nodemeta": [], "stats": {}, "name": "rotterdam", "tag_story": [], "tags": [], "label": "tag_139", "edgetotals": {"transaction": 0, "story": 0, "social": 0, "listing": 0}, "spells": [["2016/06/01", "2016/06/01"]], "avg_totals": {"listing": 0, "story": 0, "transaction": 0, "social": 0}, "kcore": 0, "type": "tag", "id": "7551", "cumu_totals": {"listing": 0, "story": 0, "transaction": 0, "social": 0}}, {"nodemeta": [], "stats": {}, "name": "den haag", "tag_story": [], "tags": [], "label": "tag_138", "edgetotals": {"transaction": 0, "story": 0, "social": 0, "listing": 0}, "spells": [["2016/06/01", "2016/06/01"]], "avg_totals": {"listing": 0, "story": 0, "transaction": 0, "social": 0}, "kcore": 0, "type": "tag", "id": "7550", "cumu_totals": {"listing": 0, "story": 0, "transaction": 0, "social": 0}}, {"nodemeta": ["story"], "stats": {"2016/06/01": {"story": {"tag_story": [3, 0]}}, "story": {"rcreate_story": [], "rtag_story": [], "create_story": [["[45,7372]", "2016/06/01", "2016/06/01"]], "tag_story": [["[7372,7550]", "2016/06/01", "2016/06/01"], ["[7372,7490]", "2016/06/01", "2016/06/01"], ["[7372,7551]", "2016/06/01", "2016/06/01"]]}}, "title": "About us", "tag_story": [], "label": "story_98", "tags": ["amsterdam", "rotterdam", "den haag"], "edgetotals": {"transaction": 0, "story": 2.0, "social": 0, "listing": 0}, "spells": [["2016/06/01", "2016/06/01"], ["2016/06/01", "2016/06/01"], ["2016/06/01", "2016/06/01"], ["2016/06/01", "2016/06/01"]], "avg_totals": {"social": 0.0, "story": 4.0, "transaction": 0.0, "listing": 0.0}, "kcore": 1, "type": "story", "id": "7372", "create_story": [], "cumu_totals": {"social": 0.0, "story": 1.0, "transaction": 0.0, "listing": 0.0}}], "tagcount": [["rotterdam", 1], ["den haag", 1], ["amsterdam", 1]]}