{"directed": false, "links": [{"target": "7304", "weight": 1.0, "tag_story": [["[7304,7456]", "2017/10/30", "2017/10/30"]], "label": "tag_40+date_start=2017/10/30", "source": "7456", "id": "159", "spells": [["2017/10/30", "2017/10/30"]]}, {"target": "7304", "weight": 1.0, "tag_story": [["[7304,7457]", "2017/10/30", "2017/10/30"]], "label": "tag_41+date_start=2017/10/30", "source": "7457", "id": "161", "spells": [["2017/10/30", "2017/10/30"]]}, {"target": "7304", "weight": 1.0, "tag_story": [["[7304,7454]", "2017/10/30", "2017/10/30"]], "label": "tag_38+date_start=2017/10/30", "source": "7454", "id": "157", "spells": [["2017/10/30", "2017/10/30"]]}, {"target": "7304", "weight": 1.0, "tag_story": [["[7304,7455]", "2017/10/30", "2017/10/30"]], "label": "tag_39+date_start=2017/10/30", "source": "7455", "id": "158", "spells": [["2017/10/30", "2017/10/30"]]}, {"target": "7304", "weight": 1.0, "tag_story": [["[7304,7452]", "2017/10/30", "2017/10/30"]], "label": "tag_36+date_start=2017/10/30", "source": "7452", "id": "155", "spells": [["2017/10/30", "2017/10/30"]]}, {"target": "7304", "weight": 1.0, "tag_story": [["[7304,7453]", "2017/10/30", "2017/10/30"]], "label": "tag_37+date_start=2017/10/30", "source": "7453", "id": "156", "spells": [["2017/10/30", "2017/10/30"]]}, {"target": "7304", "weight": 1.0, "tag_story": [["[7304,7458]", "2017/10/30", "2017/10/30"]], "label": "tag_42+date_start=2017/10/30", "source": "7458", "id": "164", "spells": [["2017/10/30", "2017/10/30"]]}, {"target": "7305", "weight": 1.0, "tag_story": [["[7305,7459]", "2017/10/30", "2017/10/30"]], "label": "tag_43+date_start=2017/10/30", "source": "7459", "id": "165", "spells": [["2017/10/30", "2017/10/30"]]}, {"target": "7305", "weight": 1.0, "tag_story": [["[7305,7668]", "2017/10/30", "2017/10/30"]], "label": "tag_264+date_start=2017/10/30", "source": "7668", "id": "670", "spells": [["2017/10/30", "2017/10/30"]]}, {"target": "7305", "weight": 1.0, "tag_story": [["[7305,7466]", "2017/10/30", "2017/10/30"]], "label": "tag_50+date_start=2017/10/30", "source": "7466", "id": "173", "spells": [["2017/10/30", "2017/10/30"]]}, {"target": "7379", "weight": 1.0, "tag_story": [["[7379,7615]", "2017/10/21", "2017/10/21"]], "label": "tag_211+date_start=2017/10/21", "source": "7615", "id": "615", "spells": [["2017/10/21", "2017/10/21"]]}, {"edgemeta": ["story"], "comment_story": [["[24,7302]", "2017/10/17", "2017/10/17"]], "target": "24", "weight": 1.0, "label": "comment_24+date_start=2017/10/17", "source": "7302", "edgeweight": {"7302": 2.0, "24": 2.0}, "id": "819", "spells": [["2017/10/17", "2017/10/17"]]}, {"edgemeta": ["story"], "comment_story": [["[8,7302]", "2017/10/01", "2017/10/01"]], "target": "8", "weight": 1.0, "label": "comment_2+date_start=2017/10/01", "source": "7302", "edgeweight": {"7302": 2.0, "8": 2.0}, "id": "817", "spells": [["2017/10/01", "2017/10/01"]]}, {"target": "7567", "weight": 1.0, "tag_story": [["[7303,7567]", "2017/10/30", "2017/10/30"]], "label": "tag_157+date_start=2017/10/30", "source": "7303", "id": "539", "spells": [["2017/10/30", "2017/10/30"]]}, {"target": "7443", "weight": 1.0, "tag_story": [["[7303,7443]", "2017/10/30", "2017/10/30"]], "label": "tag_27+date_start=2017/10/30", "source": "7303", "id": "151", "spells": [["2017/10/30", "2017/10/30"]]}, {"target": "7445", "weight": 1.0, "tag_story": [["[7303,7445]", "2017/10/30", "2017/10/30"]], "label": "tag_29+date_start=2017/10/30", "source": "7303", "id": "153", "spells": [["2017/10/30", "2017/10/30"]]}, {"target": "7444", "weight": 1.0, "tag_story": [["[7303,7444]", "2017/10/30", "2017/10/30"]], "label": "tag_28+date_start=2017/10/30", "source": "7303", "id": "152", "spells": [["2017/10/30", "2017/10/30"]]}, {"edgemeta": ["story"], "target": "35", "weight": 1.0, "label": "create_22+date_start=2017/10/30", "source": "7303", "edgeweight": {"7303": 2.0, "35": 2.0}, "id": "2", "create_story": [["[35,7303]", "2017/10/30", "2017/10/30"]], "spells": [["2017/10/30", "2017/10/30"]]}, {"target": "7643", "weight": 1.0, "tag_story": [["[7303,7643]", "2017/10/30", "2017/10/30"]], "label": "tag_239+date_start=2017/10/30", "source": "7303", "id": "646", "spells": [["2017/10/30", "2017/10/30"]]}, {"target": "7641", "weight": 1.0, "tag_story": [["[7303,7641]", "2017/10/30", "2017/10/30"]], "label": "tag_237+date_start=2017/10/30", "source": "7303", "id": "640", "spells": [["2017/10/30", "2017/10/30"]]}, {"target": "7644", "weight": 1.0, "tag_story": [["[7303,7644]", "2017/10/30", "2017/10/30"]], "label": "tag_240+date_start=2017/10/30", "source": "7303", "id": "647", "spells": [["2017/10/30", "2017/10/30"]]}, {"target": "7567", "weight": 1.0, "tag_story": [["[7306,7567]", "2017/10/30", "2017/10/30"]], "label": "tag_157+date_start=2017/10/30", "source": "7306", "id": "542", "spells": [["2017/10/30", "2017/10/30"]]}, {"target": "7641", "weight": 1.0, "tag_story": [["[7306,7641]", "2017/10/30", "2017/10/30"]], "label": "tag_237+date_start=2017/10/30", "source": "7306", "id": "642", "spells": [["2017/10/30", "2017/10/30"]]}, {"edgemeta": ["story"], "target": "35", "weight": 1.0, "label": "create_25+date_start=2017/10/30", "source": "7306", "edgeweight": {"7306": 2.0, "35": 2.0}, "id": "5", "create_story": [["[35,7306]", "2017/10/30", "2017/10/30"]], "spells": [["2017/10/30", "2017/10/30"]]}, {"target": "7642", "weight": 1.0, "tag_story": [["[7306,7642]", "2017/10/30", "2017/10/30"]], "label": "tag_238+date_start=2017/10/30", "source": "7306", "id": "645", "spells": [["2017/10/30", "2017/10/30"]]}, {"target": "7469", "weight": 1.0, "tag_story": [["[7306,7469]", "2017/10/30", "2017/10/30"]], "label": "tag_53+date_start=2017/10/30", "source": "7306", "id": "176", "spells": [["2017/10/30", "2017/10/30"]]}, {"target": "7468", "weight": 1.0, "tag_story": [["[7306,7468]", "2017/10/30", "2017/10/30"]], "label": "tag_52+date_start=2017/10/30", "source": "7306", "id": "175", "spells": [["2017/10/30", "2017/10/30"]]}, {"target": "7470", "weight": 1.0, "tag_story": [["[7306,7470]", "2017/10/30", "2017/10/30"]], "label": "tag_54+date_start=2017/10/30", "source": "7306", "id": "177", "spells": [["2017/10/30", "2017/10/30"]]}, {"target": "7471", "weight": 1.0, "tag_story": [["[7306,7471]", "2017/10/30", "2017/10/30"]], "label": "tag_55+date_start=2017/10/30", "source": "7306", "id": "179", "spells": [["2017/10/30", "2017/10/30"]]}, {"target": "7472", "weight": 1.0, "tag_story": [["[7306,7472]", "2017/10/30", "2017/10/30"]], "label": "tag_56+date_start=2017/10/30", "source": "7306", "id": "180", "spells": [["2017/10/30", "2017/10/30"]]}, {"target": "7473", "weight": 1.0, "tag_story": [["[7306,7473]", "2017/10/30", "2017/10/30"]], "label": "tag_57+date_start=2017/10/30", "source": "7306", "id": "181", "spells": [["2017/10/30", "2017/10/30"]]}, {"target": "7467", "weight": 1.0, "tag_story": [["[7306,7467]", "2017/10/30", "2017/10/30"]], "label": "tag_51+date_start=2017/10/30", "source": "7306", "id": "174", "spells": [["2017/10/30", "2017/10/30"]]}, {"target": "7567", "weight": 1.0, "tag_story": [["[7307,7567]", "2017/10/30", "2017/10/30"]], "label": "tag_157+date_start=2017/10/30", "source": "7307", "id": "543", "spells": [["2017/10/30", "2017/10/30"]]}, {"target": "7638", "weight": 1.0, "tag_story": [["[7307,7638]", "2017/10/30", "2017/10/30"]], "label": "tag_234+date_start=2017/10/30", "source": "7307", "id": "637", "spells": [["2017/10/30", "2017/10/30"]]}, {"target": "7639", "weight": 1.0, "tag_story": [["[7307,7639]", "2017/10/30", "2017/10/30"]], "label": "tag_235+date_start=2017/10/30", "source": "7307", "id": "638", "spells": [["2017/10/30", "2017/10/30"]]}, {"edgemeta": ["story"], "target": "35", "weight": 1.0, "label": "create_26+date_start=2017/10/30", "source": "7307", "edgeweight": {"7307": 2.0, "35": 2.0}, "id": "6", "create_story": [["[35,7307]", "2017/10/30", "2017/10/30"]], "spells": [["2017/10/30", "2017/10/30"]]}, {"target": "7478", "weight": 1.0, "tag_story": [["[7307,7478]", "2017/10/30", "2017/10/30"]], "label": "tag_62+date_start=2017/10/30", "source": "7307", "id": "190", "spells": [["2017/10/30", "2017/10/30"]]}, {"target": "7641", "weight": 1.0, "tag_story": [["[7307,7641]", "2017/10/30", "2017/10/30"]], "label": "tag_237+date_start=2017/10/30", "source": "7307", "id": "643", "spells": [["2017/10/30", "2017/10/30"]]}, {"target": "7640", "weight": 1.0, "tag_story": [["[7307,7640]", "2017/10/30", "2017/10/30"]], "label": "tag_236+date_start=2017/10/30", "source": "7307", "id": "639", "spells": [["2017/10/30", "2017/10/30"]]}, {"target": "7474", "weight": 1.0, "tag_story": [["[7307,7474]", "2017/10/30", "2017/10/30"]], "label": "tag_58+date_start=2017/10/30", "source": "7307", "id": "183", "spells": [["2017/10/30", "2017/10/30"]]}, {"target": "7475", "weight": 1.0, "tag_story": [["[7307,7475]", "2017/10/30", "2017/10/30"]], "label": "tag_59+date_start=2017/10/30", "source": "7307", "id": "184", "spells": [["2017/10/30", "2017/10/30"]]}, {"target": "7476", "weight": 1.0, "tag_story": [["[7307,7476]", "2017/10/30", "2017/10/30"]], "label": "tag_60+date_start=2017/10/30", "source": "7307", "id": "186", "spells": [["2017/10/30", "2017/10/30"]]}, {"target": "7477", "weight": 1.0, "tag_story": [["[7307,7477]", "2017/10/30", "2017/10/30"]], "label": "tag_61+date_start=2017/10/30", "source": "7307", "id": "188", "spells": [["2017/10/30", "2017/10/30"]]}, {"target": "7451", "weight": 1.0, "tag_story": [["[7304,7451]", "2017/10/30", "2017/10/30"]], "label": "tag_35+date_start=2017/10/30", "source": "7304", "id": "154", "spells": [["2017/10/30", "2017/10/30"]]}, {"edgemeta": ["story"], "target": "35", "weight": 1.0, "label": "create_23+date_start=2017/10/30", "source": "7304", "edgeweight": {"35": 2.0, "7304": 2.0}, "id": "3", "create_story": [["[35,7304]", "2017/10/30", "2017/10/30"]], "spells": [["2017/10/30", "2017/10/30"]]}, {"target": "7567", "weight": 1.0, "tag_story": [["[7304,7567]", "2017/10/30", "2017/10/30"]], "label": "tag_157+date_start=2017/10/30", "source": "7304", "id": "540", "spells": [["2017/10/30", "2017/10/30"]]}, {"target": "7567", "weight": 1.0, "tag_story": [["[7305,7567]", "2017/10/30", "2017/10/30"]], "label": "tag_157+date_start=2017/10/30", "source": "7305", "id": "541", "spells": [["2017/10/30", "2017/10/30"]]}, {"edgemeta": ["story"], "target": "35", "weight": 1.0, "label": "create_24+date_start=2017/10/30", "source": "7305", "edgeweight": {"35": 2.0, "7305": 2.0}, "id": "4", "create_story": [["[35,7305]", "2017/10/30", "2017/10/30"]], "spells": [["2017/10/30", "2017/10/30"]]}, {"target": "7641", "weight": 1.0, "tag_story": [["[7305,7641]", "2017/10/30", "2017/10/30"]], "label": "tag_237+date_start=2017/10/30", "source": "7305", "id": "641", "spells": [["2017/10/30", "2017/10/30"]]}, {"target": "7684", "weight": 1.0, "tag_story": [["[7305,7684]", "2017/10/30", "2017/10/30"]], "label": "tag_285+date_start=2017/10/30", "source": "7305", "id": "690", "spells": [["2017/10/30", "2017/10/30"]]}, {"target": "7683", "weight": 1.0, "tag_story": [["[7305,7683]", "2017/10/30", "2017/10/30"]], "label": "tag_284+date_start=2017/10/30", "source": "7305", "id": "689", "spells": [["2017/10/30", "2017/10/30"]]}, {"target": "7682", "weight": 1.0, "tag_story": [["[7305,7682]", "2017/10/30", "2017/10/30"]], "label": "tag_283+date_start=2017/10/30", "source": "7305", "id": "688", "spells": [["2017/10/30", "2017/10/30"]]}, {"target": "7463", "weight": 1.0, "tag_story": [["[7305,7463]", "2017/10/30", "2017/10/30"]], "label": "tag_47+date_start=2017/10/30", "source": "7305", "id": "170", "spells": [["2017/10/30", "2017/10/30"]]}, {"target": "7462", "weight": 1.0, "tag_story": [["[7305,7462]", "2017/10/30", "2017/10/30"]], "label": "tag_46+date_start=2017/10/30", "source": "7305", "id": "169", "spells": [["2017/10/30", "2017/10/30"]]}, {"target": "7461", "weight": 1.0, "tag_story": [["[7305,7461]", "2017/10/30", "2017/10/30"]], "label": "tag_45+date_start=2017/10/30", "source": "7305", "id": "168", "spells": [["2017/10/30", "2017/10/30"]]}, {"target": "7460", "weight": 1.0, "tag_story": [["[7305,7460]", "2017/10/30", "2017/10/30"]], "label": "tag_44+date_start=2017/10/30", "source": "7305", "id": "167", "spells": [["2017/10/30", "2017/10/30"]]}, {"target": "7465", "weight": 1.0, "tag_story": [["[7305,7465]", "2017/10/30", "2017/10/30"]], "label": "tag_49+date_start=2017/10/30", "source": "7305", "id": "172", "spells": [["2017/10/30", "2017/10/30"]]}, {"target": "7464", "weight": 1.0, "tag_story": [["[7305,7464]", "2017/10/30", "2017/10/30"]], "label": "tag_48+date_start=2017/10/30", "source": "7305", "id": "171", "spells": [["2017/10/30", "2017/10/30"]]}, {"tag_commoner": [["[20,7791]", "2017/10/04", "2017/10/04"]], "weight": 1.0, "label": "tag_414+date_start=2017/10/04", "source": "7791", "target": "20", "id": "802", "spells": [["2017/10/04", "2017/10/04"]]}, {"tag_commoner": [["[20,7792]", "2017/10/04", "2017/10/04"]], "weight": 1.0, "label": "tag_415+date_start=2017/10/04", "source": "7792", "target": "20", "id": "803", "spells": [["2017/10/04", "2017/10/04"]]}, {"target": "7379", "weight": 1.0, "tag_story": [["[7379,7614]", "2017/10/21", "2017/10/21"]], "label": "tag_210+date_start=2017/10/21", "source": "7614", "id": "614", "spells": [["2017/10/21", "2017/10/21"]]}, {"target": "7379", "weight": 1.0, "tag_story": [["[7379,7616]", "2017/10/21", "2017/10/21"]], "label": "tag_212+date_start=2017/10/21", "source": "7616", "id": "616", "spells": [["2017/10/21", "2017/10/21"]]}, {"target": "7379", "weight": 1.0, "tag_story": [["[7379,7610]", "2017/10/21", "2017/10/21"]], "label": "tag_206+date_start=2017/10/21", "source": "7610", "id": "610", "spells": [["2017/10/21", "2017/10/21"]]}, {"target": "7379", "weight": 1.0, "tag_story": [["[7379,7611]", "2017/10/21", "2017/10/21"]], "label": "tag_207+date_start=2017/10/21", "source": "7611", "id": "611", "spells": [["2017/10/21", "2017/10/21"]]}, {"target": "7379", "weight": 1.0, "tag_story": [["[7379,7612]", "2017/10/21", "2017/10/21"]], "label": "tag_208+date_start=2017/10/21", "source": "7612", "id": "612", "spells": [["2017/10/21", "2017/10/21"]]}, {"target": "7379", "weight": 1.0, "tag_story": [["[7379,7613]", "2017/10/21", "2017/10/21"]], "label": "tag_209+date_start=2017/10/21", "source": "7613", "id": "613", "spells": [["2017/10/21", "2017/10/21"]]}, {"tag_commoner": [["[20,7677]", "2017/10/04", "2017/10/04"]], "weight": 1.0, "label": "tag_278+date_start=2017/10/04", "source": "7677", "target": "20", "id": "681", "spells": [["2017/10/04", "2017/10/04"]]}, {"edgemeta": ["story"], "comment_story": [["[24,4]", "2017/10/17", "2017/10/17"]], "target": "24", "weight": 1.0, "label": "comment_24+date_start=2017/10/17", "source": "4", "edgeweight": {"24": 2.0, "4": 2.0}, "id": "818", "spells": [["2017/10/17", "2017/10/17"]]}, {"edgemeta": ["story"], "comment_story": [["[8,4]", "2017/10/01", "2017/10/01"]], "target": "8", "weight": 1.0, "label": "comment_2+date_start=2017/10/01", "source": "4", "edgeweight": {"8": 2.0, "4": 2.0}, "id": "816", "spells": [["2017/10/01", "2017/10/01"]]}, {"edgemeta": ["story"], "target": "7379", "weight": 1.0, "label": "create_110+date_start=2017/10/21", "source": "45", "edgeweight": {"7379": 2.0, "45": 2.0}, "id": "78", "create_story": [["[45,7379]", "2017/10/21", "2017/10/21"]], "spells": [["2017/10/21", "2017/10/21"]]}, {"edgemeta": ["story"], "target": "7378", "weight": 1.0, "label": "create_109+date_start=2017/10/31", "source": "45", "edgeweight": {"45": 2.0, "7378": 2.0}, "id": "77", "create_story": [["[45,7378]", "2017/10/31", "2017/10/31"]], "spells": [["2017/10/31", "2017/10/31"]]}, {"target": "7609", "weight": 1.0, "tag_story": [["[7379,7609]", "2017/10/21", "2017/10/21"]], "label": "tag_205+date_start=2017/10/21", "source": "7379", "id": "609", "spells": [["2017/10/21", "2017/10/21"]]}, {"target": "7608", "weight": 1.0, "tag_story": [["[7378,7608]", "2017/10/31", "2017/10/31"]], "label": "tag_204+date_start=2017/10/31", "source": "7378", "id": "608", "spells": [["2017/10/31", "2017/10/31"]]}, {"target": "7607", "weight": 1.0, "tag_story": [["[7378,7607]", "2017/10/31", "2017/10/31"]], "label": "tag_203+date_start=2017/10/31", "source": "7378", "id": "607", "spells": [["2017/10/31", "2017/10/31"]]}, {"target": "7606", "weight": 1.0, "tag_story": [["[7378,7606]", "2017/10/31", "2017/10/31"]], "label": "tag_202+date_start=2017/10/31", "source": "7378", "id": "606", "spells": [["2017/10/31", "2017/10/31"]]}, {"target": "7605", "weight": 1.0, "tag_story": [["[7378,7605]", "2017/10/31", "2017/10/31"]], "label": "tag_201+date_start=2017/10/31", "source": "7378", "id": "605", "spells": [["2017/10/31", "2017/10/31"]]}, {"target": "7604", "weight": 1.0, "tag_story": [["[7378,7604]", "2017/10/31", "2017/10/31"]], "label": "tag_200+date_start=2017/10/31", "source": "7378", "id": "604", "spells": [["2017/10/31", "2017/10/31"]]}, {"target": "7603", "weight": 1.0, "tag_story": [["[7378,7603]", "2017/10/31", "2017/10/31"]], "label": "tag_199+date_start=2017/10/31", "source": "7378", "id": "603", "spells": [["2017/10/31", "2017/10/31"]]}, {"target": "7602", "weight": 1.0, "tag_story": [["[7378,7602]", "2017/10/31", "2017/10/31"]], "label": "tag_198+date_start=2017/10/31", "source": "7378", "id": "600", "spells": [["2017/10/31", "2017/10/31"]]}, {"target": "7601", "weight": 1.0, "tag_story": [["[7378,7601]", "2017/10/31", "2017/10/31"]], "label": "tag_197+date_start=2017/10/31", "source": "7378", "id": "599", "spells": [["2017/10/31", "2017/10/31"]]}, {"target": "7600", "weight": 1.0, "tag_story": [["[7378,7600]", "2017/10/31", "2017/10/31"]], "label": "tag_196+date_start=2017/10/31", "source": "7378", "id": "598", "spells": [["2017/10/31", "2017/10/31"]]}], "multigraph": false, "graph": {"start": "2016/06/01", "node_default": {}, "end": "2018/07/10", "mode": "dynamic", "edge_default": {}}, "date": "2017/11/01", "nodes": [{"nodemeta": ["story"], "stats": {}, "name": "civic engagement", "tags": [], "spells": [["2017/10/30", "2017/10/30"], ["2017/11/13", "2017/11/13"]], "tag_story": [["[7304,7456]", "2017/10/30", "2017/10/30"]], "label": "tag_40", "edgetotals": {"transaction": 0, "story": 0, "social": 0, "listing": 0}, "date": "2017/09/01", "avg_totals": {"listing": 0, "story": 0, "transaction": 0, "social": 0}, "kcore": 0, "type": "tag", "id": "7456", "cumu_totals": {"listing": 0, "story": 0, "transaction": 0, "social": 0}}, {"nodemeta": ["story"], "stats": {}, "name": "feminism", "tags": [], "spells": [["2017/10/30", "2017/10/30"]], "tag_story": [["[7304,7457]", "2017/10/30", "2017/10/30"]], "label": "tag_41", "edgetotals": {"transaction": 0, "story": 0, "social": 0, "listing": 0}, "date": "2017/09/01", "avg_totals": {"listing": 0, "story": 0, "transaction": 0, "social": 0}, "kcore": 0, "type": "tag", "id": "7457", "cumu_totals": {"listing": 0, "story": 0, "transaction": 0, "social": 0}}, {"nodemeta": ["story"], "stats": {}, "name": "safe and legal abortion", "tags": [], "spells": [["2017/10/30", "2017/10/30"]], "tag_story": [["[7304,7454]", "2017/10/30", "2017/10/30"]], "label": "tag_38", "edgetotals": {"transaction": 0, "story": 0, "social": 0, "listing": 0}, "date": "2017/09/01", "avg_totals": {"listing": 0, "story": 0, "transaction": 0, "social": 0}, "kcore": 0, "type": "tag", "id": "7454", "cumu_totals": {"listing": 0, "story": 0, "transaction": 0, "social": 0}}, {"nodemeta": ["story"], "stats": {}, "name": "pro-choice", "tags": [], "spells": [["2017/10/30", "2017/10/30"]], "tag_story": [["[7304,7455]", "2017/10/30", "2017/10/30"]], "label": "tag_39", "edgetotals": {"transaction": 0, "story": 0, "social": 0, "listing": 0}, "date": "2017/09/01", "avg_totals": {"listing": 0, "story": 0, "transaction": 0, "social": 0}, "kcore": 0, "type": "tag", "id": "7455", "cumu_totals": {"listing": 0, "story": 0, "transaction": 0, "social": 0}}, {"nodemeta": ["story"], "stats": {}, "name": "women's reproductive health rights", "tags": [], "spells": [["2017/10/30", "2017/10/30"]], "tag_story": [["[7304,7452]", "2017/10/30", "2017/10/30"]], "label": "tag_36", "edgetotals": {"transaction": 0, "story": 0, "social": 0, "listing": 0}, "date": "2017/09/01", "avg_totals": {"listing": 0, "story": 0, "transaction": 0, "social": 0}, "kcore": 0, "type": "tag", "id": "7452", "cumu_totals": {"listing": 0, "story": 0, "transaction": 0, "social": 0}}, {"nodemeta": ["story"], "stats": {}, "name": "human rights", "tags": [], "spells": [["2017/10/30", "2017/10/30"]], "tag_story": [["[7304,7453]", "2017/10/30", "2017/10/30"]], "label": "tag_37", "edgetotals": {"transaction": 0, "story": 0, "social": 0, "listing": 0}, "date": "2017/09/01", "avg_totals": {"listing": 0, "story": 0, "transaction": 0, "social": 0}, "kcore": 0, "type": "tag", "id": "7453", "cumu_totals": {"listing": 0, "story": 0, "transaction": 0, "social": 0}}, {"kcore": 0, "stats": {}, "name": "citizen protest", "tags": [], "spells": [["2017/10/30", "2017/10/30"], ["2018/06/22", "2018/06/22"], ["2018/06/22", "2018/06/22"]], "tag_story": [["[7304,7458]", "2017/10/30", "2017/10/30"]], "label": "tag_42", "cumu_totals": {"listing": 0, "story": 0, "transaction": 0, "social": 0}, "edgetotals": {"transaction": 0, "story": 0, "social": 0, "listing": 0}, "date": "2017/09/01", "avg_totals": {"listing": 0, "story": 0, "transaction": 0, "social": 0}, "nodemeta": ["story"], "type": "tag", "id": "7458", "tag_commoner": []}, {"nodemeta": ["story"], "stats": {}, "name": "food coop", "tags": [], "spells": [["2017/10/30", "2017/10/30"], ["2018/05/16", "2018/05/16"]], "tag_story": [["[7305,7459]", "2017/10/30", "2017/10/30"]], "label": "tag_43", "edgetotals": {"transaction": 0, "story": 0, "social": 0, "listing": 0}, "date": "2017/09/01", "avg_totals": {"listing": 0, "story": 0, "transaction": 0, "social": 0}, "kcore": 0, "type": "tag", "id": "7459", "cumu_totals": {"listing": 0, "story": 0, "transaction": 0, "social": 0}}, {"nodemeta": ["story"], "stats": {}, "name": "solidarnost", "tags": [], "spells": [["2017/10/30", "2017/10/30"], ["2018/01/10", "2018/01/10"]], "tag_story": [["[7305,7668]", "2017/10/30", "2017/10/30"]], "label": "tag_264", "edgetotals": {"transaction": 0, "story": 0, "social": 0, "listing": 0}, "date": "2017/09/01", "avg_totals": {"listing": 0, "story": 0, "transaction": 0, "social": 0}, "kcore": 0, "type": "tag", "id": "7668", "cumu_totals": {"listing": 0, "story": 0, "transaction": 0, "social": 0}}, {"nodemeta": ["story"], "stats": {}, "name": "coop", "tags": [], "spells": [["2017/10/30", "2017/10/30"]], "tag_story": [["[7305,7466]", "2017/10/30", "2017/10/30"]], "label": "tag_50", "edgetotals": {"transaction": 0, "story": 0, "social": 0, "listing": 0}, "date": "2017/09/01", "avg_totals": {"listing": 0, "story": 0, "transaction": 0, "social": 0}, "kcore": 0, "type": "tag", "id": "7466", "cumu_totals": {"listing": 0, "story": 0, "transaction": 0, "social": 0}}, {"nodemeta": ["story"], "stats": {}, "name": "municipal elections", "tags": [], "spells": [["2017/10/21", "2017/10/21"]], "tag_story": [["[7379,7615]", "2017/10/21", "2017/10/21"]], "label": "tag_211", "edgetotals": {"transaction": 0, "story": 0, "social": 0, "listing": 0}, "date": "2017/09/01", "avg_totals": {"listing": 0, "story": 0, "transaction": 0, "social": 0}, "kcore": 0, "type": "tag", "id": "7615", "cumu_totals": {"listing": 0, "story": 0, "transaction": 0, "social": 0}}, {"nodemeta": ["story"], "comment_story": [["[24,7302]", "2017/10/17", "2017/10/17"]], "edgetotals": {"transaction": 0, "story": 4.0, "social": 0, "listing": 0}, "tags": [], "spells": [["2017/09/30", "2017/09/30"], ["2017/09/30", "2017/09/30"], ["2017/09/30", "2017/09/30"], ["2017/09/30", "2017/09/30"], ["2017/09/30", "2017/09/30"], ["2017/09/30", "2017/09/30"], ["2017/09/30", "2017/09/30"], ["2017/10/01", "2017/10/01"], ["2017/10/17", "2017/10/17"]], "title": "", "tag_story": [], "label": "story_1", "avg_totals": {"social": 0.0, "story": 8.0, "transaction": 0.0, "listing": 0.0}, "date": "2017/09/01", "stats": {"story": {"comment_story": [], "rcomment_story": [["[24,7302]", "2017/10/17", "2017/10/17"], ["[8,7302]", "2017/10/01", "2017/10/01"]]}, "2017/10/17": {"story": {"rcomment_story": [1, 2]}}, "2017/10/01": {"story": {"rcomment_story": [1, 2]}}}, "kcore": 2, "type": "story", "id": "7302", "create_story": [], "cumu_totals": {"social": 0.0, "story": 2.0, "transaction": 0.0, "listing": 0.0}}, {"nodemeta": ["story", "story", "story"], "stats": {"story": {"rcreate_story": [], "rtag_story": [], "create_story": [["[35,7303]", "2017/10/30", "2017/10/30"]], "tag_story": [["[7303,7567]", "2017/10/30", "2017/10/30"], ["[7303,7443]", "2017/10/30", "2017/10/30"], ["[7303,7445]", "2017/10/30", "2017/10/30"], ["[7303,7444]", "2017/10/30", "2017/10/30"], ["[7303,7643]", "2017/10/30", "2017/10/30"], ["[7303,7641]", "2017/10/30", "2017/10/30"], ["[7303,7644]", "2017/10/30", "2017/10/30"]]}, "2017/10/30": {"story": {"tag_story": [7, 0]}}}, "title": "Are You Syrious Integration Centre", "spells": [["2017/10/30", "2017/10/30"], ["2017/10/30", "2017/10/30"], ["2017/10/30", "2017/10/30"], ["2017/10/30", "2017/10/30"], ["2017/10/30", "2017/10/30"], ["2017/10/30", "2017/10/30"], ["2017/10/30", "2017/10/30"], ["2017/10/30", "2017/10/30"]], "tag_story": [["[7303,7443]", "2017/10/30", "2017/10/30"], ["[7303,7444]", "2017/10/30", "2017/10/30"], ["[7303,7445]", "2017/10/30", "2017/10/30"], ["[7303,7567]", "2017/10/30", "2017/10/30"], ["[7303,7641]", "2017/10/30", "2017/10/30"], ["[7303,7643]", "2017/10/30", "2017/10/30"], ["[7303,7644]", "2017/10/30", "2017/10/30"]], "label": "story_22", "tags": ["good practices", "integration", "asylum seekers", "refugees", "community", "dobre prakse", "integration centre"], "edgetotals": {"transaction": 0, "story": 2.0, "social": 0, "listing": 0}, "date": "2017/09/01", "avg_totals": {"social": 0.0, "story": 4.0, "transaction": 0.0, "listing": 0.0}, "kcore": 1, "type": "story", "id": "7303", "create_story": [["[35,7303]", "2017/10/30", "2017/10/30"]], "cumu_totals": {"social": 0.0, "story": 1.0, "transaction": 0.0, "listing": 0.0}}, {"nodemeta": ["story", "story", "story"], "stats": {"story": {"rcreate_story": [], "rtag_story": [], "create_story": [["[35,7306]", "2017/10/30", "2017/10/30"]], "tag_story": [["[7306,7567]", "2017/10/30", "2017/10/30"], ["[7306,7641]", "2017/10/30", "2017/10/30"], ["[7306,7642]", "2017/10/30", "2017/10/30"], ["[7306,7469]", "2017/10/30", "2017/10/30"], ["[7306,7468]", "2017/10/30", "2017/10/30"], ["[7306,7470]", "2017/10/30", "2017/10/30"], ["[7306,7471]", "2017/10/30", "2017/10/30"], ["[7306,7472]", "2017/10/30", "2017/10/30"], ["[7306,7473]", "2017/10/30", "2017/10/30"], ["[7306,7467]", "2017/10/30", "2017/10/30"]]}, "2017/10/30": {"story": {"tag_story": [10, 0]}}}, "title": "Eti\u010dna Banka - First ethical bank in Croatia", "spells": [["2017/10/30", "2017/10/30"], ["2017/10/30", "2017/10/30"], ["2017/10/30", "2017/10/30"], ["2017/10/30", "2017/10/30"], ["2017/10/30", "2017/10/30"], ["2017/10/30", "2017/10/30"], ["2017/10/30", "2017/10/30"], ["2017/10/30", "2017/10/30"], ["2017/10/30", "2017/10/30"], ["2017/10/30", "2017/10/30"], ["2017/10/30", "2017/10/30"]], "tag_story": [["[7306,7467]", "2017/10/30", "2017/10/30"], ["[7306,7468]", "2017/10/30", "2017/10/30"], ["[7306,7469]", "2017/10/30", "2017/10/30"], ["[7306,7470]", "2017/10/30", "2017/10/30"], ["[7306,7471]", "2017/10/30", "2017/10/30"], ["[7306,7472]", "2017/10/30", "2017/10/30"], ["[7306,7473]", "2017/10/30", "2017/10/30"], ["[7306,7567]", "2017/10/30", "2017/10/30"], ["[7306,7641]", "2017/10/30", "2017/10/30"], ["[7306,7642]", "2017/10/30", "2017/10/30"]], "label": "story_25", "tags": ["good practices", "ethical financing", "eti\u010dka banka", "dobre prakse", "social good", "social impact", "community entrepreneurs", "local development", "community development", "ethical bank"], "edgetotals": {"transaction": 0, "story": 2.0, "social": 0, "listing": 0}, "date": "2017/09/01", "avg_totals": {"social": 0.0, "story": 4.0, "transaction": 0.0, "listing": 0.0}, "kcore": 1, "type": "story", "id": "7306", "create_story": [["[35,7306]", "2017/10/30", "2017/10/30"]], "cumu_totals": {"social": 0.0, "story": 1.0, "transaction": 0.0, "listing": 0.0}}, {"nodemeta": ["story", "story", "story"], "stats": {"story": {"rcreate_story": [], "rtag_story": [], "create_story": [["[35,7307]", "2017/10/30", "2017/10/30"]], "tag_story": [["[7307,7567]", "2017/10/30", "2017/10/30"], ["[7307,7638]", "2017/10/30", "2017/10/30"], ["[7307,7639]", "2017/10/30", "2017/10/30"], ["[7307,7478]", "2017/10/30", "2017/10/30"], ["[7307,7641]", "2017/10/30", "2017/10/30"], ["[7307,7640]", "2017/10/30", "2017/10/30"], ["[7307,7474]", "2017/10/30", "2017/10/30"], ["[7307,7475]", "2017/10/30", "2017/10/30"], ["[7307,7476]", "2017/10/30", "2017/10/30"], ["[7307,7477]", "2017/10/30", "2017/10/30"]]}, "2017/10/30": {"story": {"tag_story": [10, 0]}}}, "title": "Taste of Home (Okus Doma) Catering Service - Bridging cultures through food", "spells": [["2017/10/30", "2017/10/30"], ["2017/10/30", "2017/10/30"], ["2017/10/30", "2017/10/30"], ["2017/10/30", "2017/10/30"], ["2017/10/30", "2017/10/30"], ["2017/10/30", "2017/10/30"], ["2017/10/30", "2017/10/30"], ["2017/10/30", "2017/10/30"], ["2017/10/30", "2017/10/30"], ["2017/10/30", "2017/10/30"], ["2017/10/30", "2017/10/30"]], "tag_story": [["[7307,7474]", "2017/10/30", "2017/10/30"], ["[7307,7475]", "2017/10/30", "2017/10/30"], ["[7307,7476]", "2017/10/30", "2017/10/30"], ["[7307,7477]", "2017/10/30", "2017/10/30"], ["[7307,7478]", "2017/10/30", "2017/10/30"], ["[7307,7567]", "2017/10/30", "2017/10/30"], ["[7307,7638]", "2017/10/30", "2017/10/30"], ["[7307,7639]", "2017/10/30", "2017/10/30"], ["[7307,7640]", "2017/10/30", "2017/10/30"], ["[7307,7641]", "2017/10/30", "2017/10/30"]], "label": "story_26", "tags": ["good practices", "hrana", "okus doma", "grassroots", "dobre prakse", "dru\u0161tveno poduze\u0107e", "immigrants", "food", "culture", "social enterprise"], "edgetotals": {"transaction": 0, "story": 2.0, "social": 0, "listing": 0}, "date": "2017/09/01", "avg_totals": {"social": 0.0, "story": 4.0, "transaction": 0.0, "listing": 0.0}, "kcore": 1, "type": "story", "id": "7307", "create_story": [["[35,7307]", "2017/10/30", "2017/10/30"]], "cumu_totals": {"social": 0.0, "story": 1.0, "transaction": 0.0, "listing": 0.0}}, {"nodemeta": ["story", "story", "story"], "stats": {"story": {"rcreate_story": [], "rtag_story": [], "create_story": [["[35,7304]", "2017/10/30", "2017/10/30"]], "tag_story": [["[7304,7456]", "2017/10/30", "2017/10/30"], ["[7304,7457]", "2017/10/30", "2017/10/30"], ["[7304,7454]", "2017/10/30", "2017/10/30"], ["[7304,7455]", "2017/10/30", "2017/10/30"], ["[7304,7452]", "2017/10/30", "2017/10/30"], ["[7304,7453]", "2017/10/30", "2017/10/30"], ["[7304,7451]", "2017/10/30", "2017/10/30"], ["[7304,7458]", "2017/10/30", "2017/10/30"], ["[7304,7567]", "2017/10/30", "2017/10/30"]]}, "2017/10/30": {"story": {"tag_story": [9, 0]}}}, "title": "Women's Reproductive Rights Network demands free (publicly funded) and accessible (for all) abortions in Croatia", "spells": [["2017/10/30", "2017/10/30"], ["2017/10/30", "2017/10/30"], ["2017/10/30", "2017/10/30"], ["2017/10/30", "2017/10/30"], ["2017/10/30", "2017/10/30"], ["2017/10/30", "2017/10/30"], ["2017/10/30", "2017/10/30"], ["2017/10/30", "2017/10/30"], ["2017/10/30", "2017/10/30"], ["2017/10/30", "2017/10/30"]], "tag_story": [["[7304,7451]", "2017/10/30", "2017/10/30"], ["[7304,7452]", "2017/10/30", "2017/10/30"], ["[7304,7453]", "2017/10/30", "2017/10/30"], ["[7304,7454]", "2017/10/30", "2017/10/30"], ["[7304,7455]", "2017/10/30", "2017/10/30"], ["[7304,7456]", "2017/10/30", "2017/10/30"], ["[7304,7457]", "2017/10/30", "2017/10/30"], ["[7304,7458]", "2017/10/30", "2017/10/30"], ["[7304,7567]", "2017/10/30", "2017/10/30"]], "label": "story_23", "tags": ["civic engagement", "feminism", "safe and legal abortion", "pro-choice", "women's reproductive health rights", "human rights", "citizen protest", "women's rights", "good practices"], "edgetotals": {"transaction": 0, "story": 2.0, "social": 0, "listing": 0}, "date": "2017/09/01", "avg_totals": {"social": 0.0, "story": 4.0, "transaction": 0.0, "listing": 0.0}, "kcore": 1, "type": "story", "id": "7304", "create_story": [["[35,7304]", "2017/10/30", "2017/10/30"]], "cumu_totals": {"social": 0.0, "story": 1.0, "transaction": 0.0, "listing": 0.0}}, {"nodemeta": ["story", "story", "story"], "stats": {"story": {"rcreate_story": [], "rtag_story": [], "create_story": [["[35,7305]", "2017/10/30", "2017/10/30"]], "tag_story": [["[7305,7567]", "2017/10/30", "2017/10/30"], ["[7305,7459]", "2017/10/30", "2017/10/30"], ["[7305,7668]", "2017/10/30", "2017/10/30"], ["[7305,7641]", "2017/10/30", "2017/10/30"], ["[7305,7684]", "2017/10/30", "2017/10/30"], ["[7305,7683]", "2017/10/30", "2017/10/30"], ["[7305,7682]", "2017/10/30", "2017/10/30"], ["[7305,7463]", "2017/10/30", "2017/10/30"], ["[7305,7462]", "2017/10/30", "2017/10/30"], ["[7305,7461]", "2017/10/30", "2017/10/30"], ["[7305,7460]", "2017/10/30", "2017/10/30"], ["[7305,7466]", "2017/10/30", "2017/10/30"], ["[7305,7465]", "2017/10/30", "2017/10/30"], ["[7305,7464]", "2017/10/30", "2017/10/30"]]}, "2017/10/30": {"story": {"tag_story": [14, 0]}}}, "title": "Zadruga za dobru ekonomiju - Cooperative for a Good Economy", "spells": [["2017/10/30", "2017/10/30"], ["2017/10/30", "2017/10/30"], ["2017/10/30", "2017/10/30"], ["2017/10/30", "2017/10/30"], ["2017/10/30", "2017/10/30"], ["2017/10/30", "2017/10/30"], ["2017/10/30", "2017/10/30"], ["2017/10/30", "2017/10/30"], ["2017/10/30", "2017/10/30"], ["2017/10/30", "2017/10/30"], ["2017/10/30", "2017/10/30"], ["2017/10/30", "2017/10/30"], ["2017/10/30", "2017/10/30"], ["2017/10/30", "2017/10/30"], ["2017/10/30", "2017/10/30"]], "tag_story": [["[7305,7459]", "2017/10/30", "2017/10/30"], ["[7305,7460]", "2017/10/30", "2017/10/30"], ["[7305,7461]", "2017/10/30", "2017/10/30"], ["[7305,7462]", "2017/10/30", "2017/10/30"], ["[7305,7463]", "2017/10/30", "2017/10/30"], ["[7305,7464]", "2017/10/30", "2017/10/30"], ["[7305,7465]", "2017/10/30", "2017/10/30"], ["[7305,7466]", "2017/10/30", "2017/10/30"], ["[7305,7567]", "2017/10/30", "2017/10/30"], ["[7305,7641]", "2017/10/30", "2017/10/30"], ["[7305,7668]", "2017/10/30", "2017/10/30"], ["[7305,7682]", "2017/10/30", "2017/10/30"], ["[7305,7683]", "2017/10/30", "2017/10/30"], ["[7305,7684]", "2017/10/30", "2017/10/30"]], "label": "story_24", "tags": ["food coop", "solidarnost", "good practices", "dobre prakse", "hrana za dobro", "proizvo\u0111a\u010di", "organska hrana", "cooperative for a good economy", "local agriculture", "agriculture", "environmental sustainability", "coop", "solidarity", "nutritious food"], "edgetotals": {"transaction": 0, "story": 2.0, "social": 0, "listing": 0}, "date": "2017/09/01", "avg_totals": {"social": 0.0, "story": 4.0, "transaction": 0.0, "listing": 0.0}, "kcore": 1, "type": "story", "id": "7305", "create_story": [["[35,7305]", "2017/10/30", "2017/10/30"]], "cumu_totals": {"social": 0.0, "story": 1.0, "transaction": 0.0, "listing": 0.0}}, {"nodemeta": ["story"], "stats": {}, "name": "good practices", "tags": [], "spells": [["2017/10/30", "2017/10/30"], ["2017/10/30", "2017/10/30"], ["2017/10/30", "2017/10/30"], ["2017/10/30", "2017/10/30"], ["2017/10/30", "2017/10/30"], ["2017/03/02", "2017/03/02"], ["2017/03/03", "2017/03/03"], ["2017/09/23", "2017/09/23"], ["2017/04/26", "2017/04/26"], ["2018/01/04", "2018/01/04"], ["2017/09/26", "2017/09/26"], ["2017/03/02", "2017/03/02"], ["2018/01/10", "2018/01/10"], ["2018/02/18", "2018/02/18"], ["2018/02/20", "2018/02/20"], ["2018/02/20", "2018/02/20"], ["2018/02/20", "2018/02/20"], ["2018/02/20", "2018/02/20"], ["2018/02/20", "2018/02/20"], ["2018/02/20", "2018/02/20"], ["2018/02/20", "2018/02/20"], ["2018/05/16", "2018/05/16"]], "tag_story": [["[7303,7567]", "2017/10/30", "2017/10/30"], ["[7304,7567]", "2017/10/30", "2017/10/30"], ["[7305,7567]", "2017/10/30", "2017/10/30"], ["[7306,7567]", "2017/10/30", "2017/10/30"], ["[7307,7567]", "2017/10/30", "2017/10/30"]], "label": "tag_157", "edgetotals": {"transaction": 0, "story": 0, "social": 0, "listing": 0}, "date": "2017/09/01", "avg_totals": {"listing": 0, "story": 0, "transaction": 0, "social": 0}, "kcore": 0, "type": "tag", "id": "7567", "cumu_totals": {"listing": 0, "story": 0, "transaction": 0, "social": 0}}, {"nodemeta": ["social"], "stats": {}, "tag_commoner": [["[20,7791]", "2017/10/04", "2017/10/04"]], "tags": [], "spells": [["2017/10/04", "2017/10/04"]], "label": "tag_414", "name": "visual storytelling", "edgetotals": {"transaction": 0, "story": 0, "social": 0, "listing": 0}, "date": "2017/09/01", "avg_totals": {"listing": 0, "story": 0, "transaction": 0, "social": 0}, "kcore": 0, "type": "tag", "id": "7791", "cumu_totals": {"listing": 0, "story": 0, "transaction": 0, "social": 0}}, {"nodemeta": ["social"], "stats": {}, "tag_commoner": [["[20,7792]", "2017/10/04", "2017/10/04"]], "tags": [], "spells": [["2017/10/04", "2017/10/04"]], "label": "tag_415", "name": "social design", "edgetotals": {"transaction": 0, "story": 0, "social": 0, "listing": 0}, "date": "2017/09/01", "avg_totals": {"listing": 0, "story": 0, "transaction": 0, "social": 0}, "kcore": 0, "type": "tag", "id": "7792", "cumu_totals": {"listing": 0, "story": 0, "transaction": 0, "social": 0}}, {"nodemeta": ["story"], "stats": {}, "name": "gemeenteraadsverkiezingen", "tags": [], "spells": [["2017/10/21", "2017/10/21"]], "tag_story": [["[7379,7614]", "2017/10/21", "2017/10/21"]], "label": "tag_210", "edgetotals": {"transaction": 0, "story": 0, "social": 0, "listing": 0}, "date": "2017/09/01", "avg_totals": {"listing": 0, "story": 0, "transaction": 0, "social": 0}, "kcore": 0, "type": "tag", "id": "7614", "cumu_totals": {"listing": 0, "story": 0, "transaction": 0, "social": 0}}, {"nodemeta": ["story"], "stats": {}, "name": "17 oktober", "tags": [], "spells": [["2017/10/21", "2017/10/21"]], "tag_story": [["[7379,7616]", "2017/10/21", "2017/10/21"]], "label": "tag_212", "edgetotals": {"transaction": 0, "story": 0, "social": 0, "listing": 0}, "date": "2017/09/01", "avg_totals": {"listing": 0, "story": 0, "transaction": 0, "social": 0}, "kcore": 0, "type": "tag", "id": "7616", "cumu_totals": {"listing": 0, "story": 0, "transaction": 0, "social": 0}}, {"nodemeta": ["story"], "stats": {}, "name": "manifesto", "tags": [], "spells": [["2017/10/21", "2017/10/21"]], "tag_story": [["[7379,7610]", "2017/10/21", "2017/10/21"]], "label": "tag_206", "edgetotals": {"transaction": 0, "story": 0, "social": 0, "listing": 0}, "date": "2017/09/01", "avg_totals": {"listing": 0, "story": 0, "transaction": 0, "social": 0}, "kcore": 0, "type": "tag", "id": "7610", "cumu_totals": {"listing": 0, "story": 0, "transaction": 0, "social": 0}}, {"nodemeta": ["story"], "stats": {}, "name": "poverty policy", "tags": [], "spells": [["2017/10/21", "2017/10/21"]], "tag_story": [["[7379,7611]", "2017/10/21", "2017/10/21"]], "label": "tag_207", "edgetotals": {"transaction": 0, "story": 0, "social": 0, "listing": 0}, "date": "2017/09/01", "avg_totals": {"listing": 0, "story": 0, "transaction": 0, "social": 0}, "kcore": 0, "type": "tag", "id": "7611", "cumu_totals": {"listing": 0, "story": 0, "transaction": 0, "social": 0}}, {"nodemeta": ["story"], "stats": {}, "name": "armoedebeleid", "tags": [], "spells": [["2017/10/21", "2017/10/21"]], "tag_story": [["[7379,7612]", "2017/10/21", "2017/10/21"]], "label": "tag_208", "edgetotals": {"transaction": 0, "story": 0, "social": 0, "listing": 0}, "date": "2017/09/01", "avg_totals": {"listing": 0, "story": 0, "transaction": 0, "social": 0}, "kcore": 0, "type": "tag", "id": "7612", "cumu_totals": {"listing": 0, "story": 0, "transaction": 0, "social": 0}}, {"nodemeta": ["story"], "stats": {}, "name": "hrana", "tags": [], "spells": [["2017/10/30", "2017/10/30"]], "tag_story": [["[7307,7638]", "2017/10/30", "2017/10/30"]], "label": "tag_234", "edgetotals": {"transaction": 0, "story": 0, "social": 0, "listing": 0}, "date": "2017/09/01", "avg_totals": {"listing": 0, "story": 0, "transaction": 0, "social": 0}, "kcore": 0, "type": "tag", "id": "7638", "cumu_totals": {"listing": 0, "story": 0, "transaction": 0, "social": 0}}, {"nodemeta": ["story"], "stats": {}, "name": "okus doma", "tags": [], "spells": [["2017/10/30", "2017/10/30"]], "tag_story": [["[7307,7639]", "2017/10/30", "2017/10/30"]], "label": "tag_235", "edgetotals": {"transaction": 0, "story": 0, "social": 0, "listing": 0}, "date": "2017/09/01", "avg_totals": {"listing": 0, "story": 0, "transaction": 0, "social": 0}, "kcore": 0, "type": "tag", "id": "7639", "cumu_totals": {"listing": 0, "story": 0, "transaction": 0, "social": 0}}, {"nodemeta": ["story"], "stats": {}, "name": "elections", "tags": [], "spells": [["2017/10/21", "2017/10/21"]], "tag_story": [["[7379,7613]", "2017/10/21", "2017/10/21"]], "label": "tag_209", "edgetotals": {"transaction": 0, "story": 0, "social": 0, "listing": 0}, "date": "2017/09/01", "avg_totals": {"listing": 0, "story": 0, "transaction": 0, "social": 0}, "kcore": 0, "type": "tag", "id": "7613", "cumu_totals": {"listing": 0, "story": 0, "transaction": 0, "social": 0}}, {"nodemeta": ["story"], "stats": {}, "name": "ethical financing", "tags": [], "spells": [["2017/10/30", "2017/10/30"]], "tag_story": [["[7306,7469]", "2017/10/30", "2017/10/30"]], "label": "tag_53", "edgetotals": {"transaction": 0, "story": 0, "social": 0, "listing": 0}, "date": "2017/09/01", "avg_totals": {"listing": 0, "story": 0, "transaction": 0, "social": 0}, "kcore": 0, "type": "tag", "id": "7469", "cumu_totals": {"listing": 0, "story": 0, "transaction": 0, "social": 0}}, {"nodemeta": ["story"], "stats": {}, "name": "social good", "tags": [], "spells": [["2017/10/30", "2017/10/30"]], "tag_story": [["[7306,7468]", "2017/10/30", "2017/10/30"]], "label": "tag_52", "edgetotals": {"transaction": 0, "story": 0, "social": 0, "listing": 0}, "date": "2017/09/01", "avg_totals": {"listing": 0, "story": 0, "transaction": 0, "social": 0}, "kcore": 0, "type": "tag", "id": "7468", "cumu_totals": {"listing": 0, "story": 0, "transaction": 0, "social": 0}}, {"nodemeta": ["story"], "stats": {}, "name": "cooperative for a good economy", "tags": [], "spells": [["2017/10/30", "2017/10/30"]], "tag_story": [["[7305,7463]", "2017/10/30", "2017/10/30"]], "label": "tag_47", "edgetotals": {"transaction": 0, "story": 0, "social": 0, "listing": 0}, "date": "2017/09/01", "avg_totals": {"listing": 0, "story": 0, "transaction": 0, "social": 0}, "kcore": 0, "type": "tag", "id": "7463", "cumu_totals": {"listing": 0, "story": 0, "transaction": 0, "social": 0}}, {"nodemeta": ["story"], "stats": {}, "name": "agriculture", "tags": [], "spells": [["2017/10/30", "2017/10/30"]], "tag_story": [["[7305,7461]", "2017/10/30", "2017/10/30"]], "label": "tag_45", "edgetotals": {"transaction": 0, "story": 0, "social": 0, "listing": 0}, "date": "2017/09/01", "avg_totals": {"listing": 0, "story": 0, "transaction": 0, "social": 0}, "kcore": 0, "type": "tag", "id": "7461", "cumu_totals": {"listing": 0, "story": 0, "transaction": 0, "social": 0}}, {"nodemeta": ["story"], "stats": {}, "name": "ethical bank", "tags": [], "spells": [["2017/10/30", "2017/10/30"]], "tag_story": [["[7306,7467]", "2017/10/30", "2017/10/30"]], "label": "tag_51", "edgetotals": {"transaction": 0, "story": 0, "social": 0, "listing": 0}, "date": "2017/09/01", "avg_totals": {"listing": 0, "story": 0, "transaction": 0, "social": 0}, "kcore": 0, "type": "tag", "id": "7467", "cumu_totals": {"listing": 0, "story": 0, "transaction": 0, "social": 0}}, {"nodemeta": ["story"], "stats": {}, "name": "solidarity", "tags": [], "spells": [["2017/10/30", "2017/10/30"]], "tag_story": [["[7305,7465]", "2017/10/30", "2017/10/30"]], "label": "tag_49", "edgetotals": {"transaction": 0, "story": 0, "social": 0, "listing": 0}, "date": "2017/09/01", "avg_totals": {"listing": 0, "story": 0, "transaction": 0, "social": 0}, "kcore": 0, "type": "tag", "id": "7465", "cumu_totals": {"listing": 0, "story": 0, "transaction": 0, "social": 0}}, {"kcore": 0, "stats": {}, "name": "migration", "tags": [], "spells": [["2018/01/24", "2018/01/24"], ["2017/10/04", "2017/10/04"], ["2018/06/23", "2018/06/23"]], "tag_story": [], "label": "tag_278", "cumu_totals": {"listing": 0, "story": 0, "transaction": 0, "social": 0}, "edgetotals": {"transaction": 0, "story": 0, "social": 0, "listing": 0}, "date": "2017/09/01", "avg_totals": {"listing": 0, "story": 0, "transaction": 0, "social": 0}, "nodemeta": ["social"], "type": "tag", "id": "7677", "tag_commoner": [["[20,7677]", "2017/10/04", "2017/10/04"]]}, {"nodemeta": ["story"], "stats": {}, "name": "integration", "tags": [], "spells": [["2017/10/30", "2017/10/30"]], "tag_story": [["[7303,7443]", "2017/10/30", "2017/10/30"]], "label": "tag_27", "edgetotals": {"transaction": 0, "story": 0, "social": 0, "listing": 0}, "date": "2017/09/01", "avg_totals": {"listing": 0, "story": 0, "transaction": 0, "social": 0}, "kcore": 0, "type": "tag", "id": "7443", "cumu_totals": {"listing": 0, "story": 0, "transaction": 0, "social": 0}}, {"nodemeta": ["story"], "stats": {}, "name": "asylum seekers", "tags": [], "spells": [["2017/10/30", "2017/10/30"]], "tag_story": [["[7303,7445]", "2017/10/30", "2017/10/30"]], "label": "tag_29", "edgetotals": {"transaction": 0, "story": 0, "social": 0, "listing": 0}, "date": "2017/09/01", "avg_totals": {"listing": 0, "story": 0, "transaction": 0, "social": 0}, "kcore": 0, "type": "tag", "id": "7445", "cumu_totals": {"listing": 0, "story": 0, "transaction": 0, "social": 0}}, {"nodemeta": ["story"], "stats": {}, "name": "refugees", "tags": [], "spells": [["2017/10/30", "2017/10/30"]], "tag_story": [["[7303,7444]", "2017/10/30", "2017/10/30"]], "label": "tag_28", "edgetotals": {"transaction": 0, "story": 0, "social": 0, "listing": 0}, "date": "2017/09/01", "avg_totals": {"listing": 0, "story": 0, "transaction": 0, "social": 0}, "kcore": 0, "type": "tag", "id": "7444", "cumu_totals": {"listing": 0, "story": 0, "transaction": 0, "social": 0}}, {"nodemeta": ["story"], "stats": {}, "name": "women's rights", "tags": [], "spells": [["2017/10/30", "2017/10/30"]], "tag_story": [["[7304,7451]", "2017/10/30", "2017/10/30"]], "label": "tag_35", "edgetotals": {"transaction": 0, "story": 0, "social": 0, "listing": 0}, "date": "2017/09/01", "avg_totals": {"listing": 0, "story": 0, "transaction": 0, "social": 0}, "kcore": 0, "type": "tag", "id": "7451", "cumu_totals": {"listing": 0, "story": 0, "transaction": 0, "social": 0}}, {"nodemeta": [], "avg_totals": {"social": 0.0, "story": 8.0, "transaction": 0.0, "listing": 0.0}, "transaction": [], "comment_story": [["[24,4]", "2017/10/17", "2017/10/17"]], "name": "Andrea Fumagalli", "tags": [], "spells": [["2017/09/30", "2017/09/30"], ["2017/09/30", "2017/09/30"], ["2017/10/01", "2017/10/01"], ["2017/10/17", "2017/10/17"], ["2018/05/15", "2018/05/15"], ["2018/05/15", "2018/05/15"], ["2018/06/30", "2018/06/30"], ["2018/06/30", "2018/06/30"], ["2018/07/09", "2018/07/09"], ["2018/07/09", "2018/07/09"], ["2018/07/05", "2018/07/05"]], "comment_listing": [], "label": "commoner_4", "edgetotals": {"transaction": 0, "story": 4.0, "social": 0, "listing": 0}, "date": "2017/09/01", "stats": {"story": {"comment_story": [], "rcomment_story": [["[24,4]", "2017/10/17", "2017/10/17"], ["[8,4]", "2017/10/01", "2017/10/01"]]}, "2017/10/17": {"story": {"rcomment_story": [1, 2]}}, "2017/10/01": {"story": {"rcomment_story": [1, 2]}}}, "kcore": 2, "type": "commoner", "id": "4", "create_story": [], "cumu_totals": {"social": 0.0, "story": 2.0, "transaction": 0.0, "listing": 0.0}}, {"avg_totals": {"social": 0.0, "story": 8.0, "transaction": 0.0, "listing": 0.0}, "nodemeta": ["story"], "comment_story": [["[24,4]", "2017/10/17", "2017/10/17"], ["[24,7302]", "2017/10/17", "2017/10/17"]], "name": "Q", "tags": [], "spells": [["2017/10/17", "2017/10/17"], ["2017/10/17", "2017/10/17"], ["2017/11/22", "2017/11/22"], ["2017/11/22", "2017/11/22"], ["2018/07/06", "2018/07/06"], ["2018/07/06", "2018/07/06"]], "label": "commoner_35", "edgetotals": {"transaction": 0, "story": 4.0, "social": 0, "listing": 0}, "date": "2017/09/01", "stats": {"story": {"comment_story": [["[24,7302]", "2017/10/17", "2017/10/17"], ["[24,4]", "2017/10/17", "2017/10/17"]], "rcomment_story": []}, "2017/10/17": {"story": {"comment_story": [2, 4]}}}, "kcore": 2, "type": "commoner", "id": "24", "cumu_totals": {"social": 0.0, "story": 2.0, "transaction": 0.0, "listing": 0.0}}, {"avg_totals": {"listing": 0, "story": 0, "transaction": 0, "social": 0}, "nodemeta": ["social"], "comment_story": [], "tag_commoner": [["[20,7677]", "2017/10/04", "2017/10/04"], ["[20,7791]", "2017/10/04", "2017/10/04"], ["[20,7792]", "2017/10/04", "2017/10/04"]], "tags": ["visual storytelling", "social design", "migration"], "spells": [["2018/06/28", "2018/06/28"], ["2018/06/11", "2018/06/11"], ["2018/06/11", "2018/06/11"], ["2018/06/15", "2018/06/15"], ["2018/06/15", "2018/06/15"], ["2018/07/04", "2018/07/04"], ["2017/10/04", "2017/10/04"], ["2017/10/04", "2017/10/04"], ["2017/10/04", "2017/10/04"], ["2018/06/20", "2018/06/20"]], "label": "commoner_23", "name": "matteo", "edgetotals": {"transaction": 0, "story": 0, "social": 0, "listing": 0}, "date": "2017/09/01", "stats": {}, "kcore": 0, "type": "commoner", "id": "20", "create_story": [], "cumu_totals": {"listing": 0, "story": 0, "transaction": 0, "social": 0}}, {"nodemeta": [], "avg_totals": {"social": 0.0, "story": 8.0, "transaction": 0.0, "listing": 0.0}, "transaction": [], "comment_story": [], "name": "ADA", "tags": [], "spells": [["2017/10/01", "2017/10/01"], ["2017/10/01", "2017/10/01"], ["2018/06/20", "2018/06/20"], ["2018/05/24", "2018/05/24"], ["2018/05/01", "2018/05/01"], ["2018/06/19", "2018/06/19"], ["2018/06/19", "2018/06/19"], ["2018/05/24", "2018/05/24"], ["2018/07/04", "2018/07/04"], ["2018/06/20", "2018/06/20"], ["2018/06/20", "2018/06/20"], ["2018/06/20", "2018/06/20"], ["2018/07/04", "2018/07/04"], ["2018/07/04", "2018/07/04"], ["2018/07/06", "2018/07/06"], ["2018/07/06", "2018/07/06"]], "label": "commoner_8", "conversation": [], "edgetotals": {"transaction": 0, "story": 4.0, "social": 0, "listing": 0}, "date": "2017/09/01", "stats": {"story": {"comment_story": [["[8,7302]", "2017/10/01", "2017/10/01"], ["[8,4]", "2017/10/01", "2017/10/01"]], "rcomment_story": []}, "2017/10/01": {"story": {"comment_story": [2, 4]}}}, "kcore": 2, "type": "commoner", "id": "8", "cumu_totals": {"social": 0.0, "story": 2.0, "transaction": 0.0, "listing": 0.0}}, {"nodemeta": ["story"], "transaction": [], "stats": {"story": {"rcreate_story": [], "create_story": [["[35,7303]", "2017/10/30", "2017/10/30"], ["[35,7306]", "2017/10/30", "2017/10/30"], ["[35,7307]", "2017/10/30", "2017/10/30"], ["[35,7304]", "2017/10/30", "2017/10/30"], ["[35,7305]", "2017/10/30", "2017/10/30"]]}, "2017/10/30": {"story": {"create_story": [5, 10]}}}, "name": "maja_zg_to_df", "tags": [], "spells": [["2017/10/30", "2017/10/30"], ["2017/10/30", "2017/10/30"], ["2017/10/30", "2017/10/30"], ["2017/10/30", "2017/10/30"], ["2017/10/30", "2017/10/30"], ["2018/06/14", "2018/06/14"]], "label": "commoner_46", "edgetotals": {"transaction": 0, "story": 10.0, "social": 0, "listing": 0}, "date": "2017/09/01", "avg_totals": {"social": 0.0, "story": 4.0, "transaction": 0.0, "listing": 0.0}, "kcore": 1, "type": "commoner", "id": "35", "create_story": [["[35,7303]", "2017/10/30", "2017/10/30"], ["[35,7304]", "2017/10/30", "2017/10/30"], ["[35,7305]", "2017/10/30", "2017/10/30"], ["[35,7306]", "2017/10/30", "2017/10/30"], ["[35,7307]", "2017/10/30", "2017/10/30"]], "cumu_totals": {"social": 0.0, "story": 1.0, "transaction": 0.0, "listing": 0.0}}, {"nodemeta": ["story"], "avg_totals": {"social": 0.0, "story": 4.0, "transaction": 0.0, "listing": 0.0}, "transaction": [], "comment_story": [], "tag_commoner": [], "tags": [], "spells": [["2016/06/01", "2016/06/01"], ["2017/03/02", "2017/03/02"], ["2017/03/03", "2017/03/03"], ["2017/09/23", "2017/09/23"], ["2017/04/26", "2017/04/26"], ["2018/01/04", "2018/01/04"], ["2017/10/31", "2017/10/31"], ["2017/10/21", "2017/10/21"], ["2017/09/26", "2017/09/26"], ["2017/05/31", "2017/05/31"], ["2017/03/02", "2017/03/02"], ["2018/01/14", "2018/01/14"], ["2018/02/02", "2018/02/02"], ["2017/12/28", "2017/12/28"], ["2017/12/28", "2017/12/28"], ["2017/12/28", "2017/12/28"], ["2017/12/28", "2017/12/28"], ["2018/06/27", "2018/06/27"], ["2018/06/27", "2018/06/27"], ["2018/06/28", "2018/06/28"], ["2018/06/28", "2018/06/28"], ["2018/06/19", "2018/06/19"], ["2018/06/19", "2018/06/19"], ["2018/06/19", "2018/06/19"]], "name": "Museu da Crise", "kcore": 1, "conversation": [], "edgetotals": {"transaction": 0, "story": 4.0, "social": 0, "listing": 0}, "date": "2017/09/01", "stats": {"2017/10/21": {"story": {"create_story": [1, 2]}}, "story": {"rcreate_story": [], "create_story": [["[45,7379]", "2017/10/21", "2017/10/21"], ["[45,7378]", "2017/10/31", "2017/10/31"]]}, "2017/10/31": {"story": {"create_story": [1, 2]}}}, "label": "commoner_56", "type": "commoner", "id": "45", "create_story": [["[45,7378]", "2017/10/31", "2017/10/31"], ["[45,7379]", "2017/10/21", "2017/10/21"]], "cumu_totals": {"social": 0.0, "story": 1.0, "transaction": 0.0, "listing": 0.0}}, {"nodemeta": ["story"], "stats": {}, "name": "hrana za dobro", "tags": [], "spells": [["2017/10/30", "2017/10/30"]], "tag_story": [["[7305,7684]", "2017/10/30", "2017/10/30"]], "label": "tag_285", "edgetotals": {"transaction": 0, "story": 0, "social": 0, "listing": 0}, "date": "2017/09/01", "avg_totals": {"listing": 0, "story": 0, "transaction": 0, "social": 0}, "kcore": 0, "type": "tag", "id": "7684", "cumu_totals": {"listing": 0, "story": 0, "transaction": 0, "social": 0}}, {"nodemeta": ["story"], "stats": {}, "name": "proizvo\u0111a\u010di", "tags": [], "spells": [["2017/10/30", "2017/10/30"]], "tag_story": [["[7305,7683]", "2017/10/30", "2017/10/30"]], "label": "tag_284", "edgetotals": {"transaction": 0, "story": 0, "social": 0, "listing": 0}, "date": "2017/09/01", "avg_totals": {"listing": 0, "story": 0, "transaction": 0, "social": 0}, "kcore": 0, "type": "tag", "id": "7683", "cumu_totals": {"listing": 0, "story": 0, "transaction": 0, "social": 0}}, {"nodemeta": ["story"], "stats": {}, "name": "organska hrana", "tags": [], "spells": [["2017/10/30", "2017/10/30"]], "tag_story": [["[7305,7682]", "2017/10/30", "2017/10/30"]], "label": "tag_283", "edgetotals": {"transaction": 0, "story": 0, "social": 0, "listing": 0}, "date": "2017/09/01", "avg_totals": {"listing": 0, "story": 0, "transaction": 0, "social": 0}, "kcore": 0, "type": "tag", "id": "7682", "cumu_totals": {"listing": 0, "story": 0, "transaction": 0, "social": 0}}, {"nodemeta": ["story", "story", "story"], "stats": {"2017/10/21": {"story": {"tag_story": [8, 0]}}, "story": {"rcreate_story": [], "rtag_story": [], "create_story": [["[45,7379]", "2017/10/21", "2017/10/21"]], "tag_story": [["[7379,7609]", "2017/10/21", "2017/10/21"], ["[7379,7614]", "2017/10/21", "2017/10/21"], ["[7379,7615]", "2017/10/21", "2017/10/21"], ["[7379,7616]", "2017/10/21", "2017/10/21"], ["[7379,7610]", "2017/10/21", "2017/10/21"], ["[7379,7611]", "2017/10/21", "2017/10/21"], ["[7379,7612]", "2017/10/21", "2017/10/21"], ["[7379,7613]", "2017/10/21", "2017/10/21"]]}}, "title": "Manifesto time!", "spells": [["2017/10/21", "2017/10/21"], ["2017/10/21", "2017/10/21"], ["2017/10/21", "2017/10/21"], ["2017/10/21", "2017/10/21"], ["2017/10/21", "2017/10/21"], ["2017/10/21", "2017/10/21"], ["2017/10/21", "2017/10/21"], ["2017/10/21", "2017/10/21"], ["2017/10/21", "2017/10/21"]], "tag_story": [["[7379,7609]", "2017/10/21", "2017/10/21"], ["[7379,7610]", "2017/10/21", "2017/10/21"], ["[7379,7611]", "2017/10/21", "2017/10/21"], ["[7379,7612]", "2017/10/21", "2017/10/21"], ["[7379,7613]", "2017/10/21", "2017/10/21"], ["[7379,7614]", "2017/10/21", "2017/10/21"], ["[7379,7615]", "2017/10/21", "2017/10/21"], ["[7379,7616]", "2017/10/21", "2017/10/21"]], "label": "story_110", "tags": ["gemeenteraadsverkiezingen", "17 oktober", "manifesto", "poverty policy", "armoedebeleid", "elections", "municipal elections", "manifest"], "edgetotals": {"transaction": 0, "story": 2.0, "social": 0, "listing": 0}, "date": "2017/09/01", "avg_totals": {"social": 0.0, "story": 4.0, "transaction": 0.0, "listing": 0.0}, "kcore": 1, "type": "story", "id": "7379", "create_story": [["[45,7379]", "2017/10/21", "2017/10/21"]], "cumu_totals": {"social": 0.0, "story": 1.0, "transaction": 0.0, "listing": 0.0}}, {"nodemeta": ["story", "story", "story"], "stats": {"story": {"rcreate_story": [], "rtag_story": [], "create_story": [["[45,7378]", "2017/10/31", "2017/10/31"]], "tag_story": [["[7378,7608]", "2017/10/31", "2017/10/31"], ["[7378,7607]", "2017/10/31", "2017/10/31"], ["[7378,7606]", "2017/10/31", "2017/10/31"], ["[7378,7605]", "2017/10/31", "2017/10/31"], ["[7378,7604]", "2017/10/31", "2017/10/31"], ["[7378,7603]", "2017/10/31", "2017/10/31"], ["[7378,7602]", "2017/10/31", "2017/10/31"], ["[7378,7601]", "2017/10/31", "2017/10/31"], ["[7378,7600]", "2017/10/31", "2017/10/31"]]}, "2017/10/31": {"story": {"tag_story": [9, 0]}}}, "title": "Alternative monetary circuits", "spells": [["2017/10/31", "2017/10/31"], ["2017/10/31", "2017/10/31"], ["2017/10/31", "2017/10/31"], ["2017/10/31", "2017/10/31"], ["2017/10/31", "2017/10/31"], ["2017/10/31", "2017/10/31"], ["2017/10/31", "2017/10/31"], ["2017/10/31", "2017/10/31"], ["2017/10/31", "2017/10/31"], ["2017/10/31", "2017/10/31"]], "tag_story": [["[7378,7600]", "2017/10/31", "2017/10/31"], ["[7378,7601]", "2017/10/31", "2017/10/31"], ["[7378,7602]", "2017/10/31", "2017/10/31"], ["[7378,7603]", "2017/10/31", "2017/10/31"], ["[7378,7604]", "2017/10/31", "2017/10/31"], ["[7378,7605]", "2017/10/31", "2017/10/31"], ["[7378,7606]", "2017/10/31", "2017/10/31"], ["[7378,7607]", "2017/10/31", "2017/10/31"], ["[7378,7608]", "2017/10/31", "2017/10/31"]], "label": "story_109", "tags": ["faircoin", "complementair geld", "alternative currency", "alternatief geld", "geld", "money", "cryptocurrency", "complementary currency", "faircoop"], "edgetotals": {"transaction": 0, "story": 2.0, "social": 0, "listing": 0}, "date": "2017/09/01", "avg_totals": {"social": 0.0, "story": 4.0, "transaction": 0.0, "listing": 0.0}, "kcore": 1, "type": "story", "id": "7378", "create_story": [["[45,7378]", "2017/10/31", "2017/10/31"]], "cumu_totals": {"social": 0.0, "story": 1.0, "transaction": 0.0, "listing": 0.0}}, {"nodemeta": ["story"], "stats": {}, "name": "manifest", "tags": [], "spells": [["2017/10/21", "2017/10/21"]], "tag_story": [["[7379,7609]", "2017/10/21", "2017/10/21"]], "label": "tag_205", "edgetotals": {"transaction": 0, "story": 0, "social": 0, "listing": 0}, "date": "2017/09/01", "avg_totals": {"listing": 0, "story": 0, "transaction": 0, "social": 0}, "kcore": 0, "type": "tag", "id": "7609", "cumu_totals": {"listing": 0, "story": 0, "transaction": 0, "social": 0}}, {"nodemeta": ["story"], "stats": {}, "name": "complementair geld", "tags": [], "spells": [["2017/10/31", "2017/10/31"]], "tag_story": [["[7378,7608]", "2017/10/31", "2017/10/31"]], "label": "tag_204", "edgetotals": {"transaction": 0, "story": 0, "social": 0, "listing": 0}, "date": "2017/09/01", "avg_totals": {"listing": 0, "story": 0, "transaction": 0, "social": 0}, "kcore": 0, "type": "tag", "id": "7608", "cumu_totals": {"listing": 0, "story": 0, "transaction": 0, "social": 0}}, {"nodemeta": ["story"], "stats": {}, "name": "alternative currency", "tags": [], "spells": [["2017/10/31", "2017/10/31"]], "tag_story": [["[7378,7607]", "2017/10/31", "2017/10/31"]], "label": "tag_203", "edgetotals": {"transaction": 0, "story": 0, "social": 0, "listing": 0}, "date": "2017/09/01", "avg_totals": {"listing": 0, "story": 0, "transaction": 0, "social": 0}, "kcore": 0, "type": "tag", "id": "7607", "cumu_totals": {"listing": 0, "story": 0, "transaction": 0, "social": 0}}, {"nodemeta": ["story"], "stats": {}, "name": "alternatief geld", "tags": [], "spells": [["2017/10/31", "2017/10/31"]], "tag_story": [["[7378,7606]", "2017/10/31", "2017/10/31"]], "label": "tag_202", "edgetotals": {"transaction": 0, "story": 0, "social": 0, "listing": 0}, "date": "2017/09/01", "avg_totals": {"listing": 0, "story": 0, "transaction": 0, "social": 0}, "kcore": 0, "type": "tag", "id": "7606", "cumu_totals": {"listing": 0, "story": 0, "transaction": 0, "social": 0}}, {"nodemeta": ["story"], "stats": {}, "name": "geld", "tags": [], "spells": [["2017/10/31", "2017/10/31"]], "tag_story": [["[7378,7605]", "2017/10/31", "2017/10/31"]], "label": "tag_201", "edgetotals": {"transaction": 0, "story": 0, "social": 0, "listing": 0}, "date": "2017/09/01", "avg_totals": {"listing": 0, "story": 0, "transaction": 0, "social": 0}, "kcore": 0, "type": "tag", "id": "7605", "cumu_totals": {"listing": 0, "story": 0, "transaction": 0, "social": 0}}, {"nodemeta": ["story"], "stats": {}, "name": "faircoin", "tags": [], "spells": [["2017/10/31", "2017/10/31"]], "tag_story": [["[7378,7604]", "2017/10/31", "2017/10/31"]], "label": "tag_200", "edgetotals": {"transaction": 0, "story": 0, "social": 0, "listing": 0}, "date": "2017/09/01", "avg_totals": {"listing": 0, "story": 0, "transaction": 0, "social": 0}, "kcore": 0, "type": "tag", "id": "7604", "cumu_totals": {"listing": 0, "story": 0, "transaction": 0, "social": 0}}, {"nodemeta": ["story"], "stats": {}, "name": "money", "tags": [], "spells": [["2017/10/31", "2017/10/31"]], "tag_story": [["[7378,7603]", "2017/10/31", "2017/10/31"]], "label": "tag_199", "edgetotals": {"transaction": 0, "story": 0, "social": 0, "listing": 0}, "date": "2017/09/01", "avg_totals": {"listing": 0, "story": 0, "transaction": 0, "social": 0}, "kcore": 0, "type": "tag", "id": "7603", "cumu_totals": {"listing": 0, "story": 0, "transaction": 0, "social": 0}}, {"nodemeta": ["story"], "stats": {}, "name": "cryptocurrency", "tags": [], "spells": [["2017/10/31", "2017/10/31"], ["2018/01/14", "2018/01/14"], ["2018/02/02", "2018/02/02"]], "tag_story": [["[7378,7602]", "2017/10/31", "2017/10/31"]], "label": "tag_198", "edgetotals": {"transaction": 0, "story": 0, "social": 0, "listing": 0}, "date": "2017/09/01", "avg_totals": {"listing": 0, "story": 0, "transaction": 0, "social": 0}, "kcore": 0, "type": "tag", "id": "7602", "cumu_totals": {"listing": 0, "story": 0, "transaction": 0, "social": 0}}, {"nodemeta": ["story"], "stats": {}, "name": "complementary currency", "tags": [], "spells": [["2017/10/31", "2017/10/31"]], "tag_story": [["[7378,7601]", "2017/10/31", "2017/10/31"]], "label": "tag_197", "edgetotals": {"transaction": 0, "story": 0, "social": 0, "listing": 0}, "date": "2017/09/01", "avg_totals": {"listing": 0, "story": 0, "transaction": 0, "social": 0}, "kcore": 0, "type": "tag", "id": "7601", "cumu_totals": {"listing": 0, "story": 0, "transaction": 0, "social": 0}}, {"nodemeta": ["story"], "stats": {}, "name": "faircoop", "tags": [], "spells": [["2017/10/31", "2017/10/31"]], "tag_story": [["[7378,7600]", "2017/10/31", "2017/10/31"]], "label": "tag_196", "edgetotals": {"transaction": 0, "story": 0, "social": 0, "listing": 0}, "date": "2017/09/01", "avg_totals": {"listing": 0, "story": 0, "transaction": 0, "social": 0}, "kcore": 0, "type": "tag", "id": "7600", "cumu_totals": {"listing": 0, "story": 0, "transaction": 0, "social": 0}}, {"nodemeta": ["story"], "stats": {}, "name": "grassroots", "tags": [], "spells": [["2017/10/30", "2017/10/30"]], "tag_story": [["[7307,7478]", "2017/10/30", "2017/10/30"]], "label": "tag_62", "edgetotals": {"transaction": 0, "story": 0, "social": 0, "listing": 0}, "date": "2017/09/01", "avg_totals": {"listing": 0, "story": 0, "transaction": 0, "social": 0}, "kcore": 0, "type": "tag", "id": "7478", "cumu_totals": {"listing": 0, "story": 0, "transaction": 0, "social": 0}}, {"nodemeta": ["story"], "stats": {}, "name": "social impact", "tags": [], "spells": [["2017/10/30", "2017/10/30"], ["2017/11/13", "2017/11/13"]], "tag_story": [["[7306,7470]", "2017/10/30", "2017/10/30"]], "label": "tag_54", "edgetotals": {"transaction": 0, "story": 0, "social": 0, "listing": 0}, "date": "2017/09/01", "avg_totals": {"listing": 0, "story": 0, "transaction": 0, "social": 0}, "kcore": 0, "type": "tag", "id": "7470", "cumu_totals": {"listing": 0, "story": 0, "transaction": 0, "social": 0}}, {"nodemeta": ["story"], "stats": {}, "name": "community entrepreneurs", "tags": [], "spells": [["2017/10/30", "2017/10/30"]], "tag_story": [["[7306,7471]", "2017/10/30", "2017/10/30"]], "label": "tag_55", "edgetotals": {"transaction": 0, "story": 0, "social": 0, "listing": 0}, "date": "2017/09/01", "avg_totals": {"listing": 0, "story": 0, "transaction": 0, "social": 0}, "kcore": 0, "type": "tag", "id": "7471", "cumu_totals": {"listing": 0, "story": 0, "transaction": 0, "social": 0}}, {"nodemeta": ["story"], "stats": {}, "name": "local development", "tags": [], "spells": [["2017/10/30", "2017/10/30"]], "tag_story": [["[7306,7472]", "2017/10/30", "2017/10/30"]], "label": "tag_56", "edgetotals": {"transaction": 0, "story": 0, "social": 0, "listing": 0}, "date": "2017/09/01", "avg_totals": {"listing": 0, "story": 0, "transaction": 0, "social": 0}, "kcore": 0, "type": "tag", "id": "7472", "cumu_totals": {"listing": 0, "story": 0, "transaction": 0, "social": 0}}, {"nodemeta": ["story"], "stats": {}, "name": "community development", "tags": [], "spells": [["2017/10/30", "2017/10/30"], ["2017/11/13", "2017/11/13"]], "tag_story": [["[7306,7473]", "2017/10/30", "2017/10/30"]], "label": "tag_57", "edgetotals": {"transaction": 0, "story": 0, "social": 0, "listing": 0}, "date": "2017/09/01", "avg_totals": {"listing": 0, "story": 0, "transaction": 0, "social": 0}, "kcore": 0, "type": "tag", "id": "7473", "cumu_totals": {"listing": 0, "story": 0, "transaction": 0, "social": 0}}, {"nodemeta": ["story"], "stats": {}, "name": "immigrants", "tags": [], "spells": [["2017/10/30", "2017/10/30"]], "tag_story": [["[7307,7474]", "2017/10/30", "2017/10/30"]], "label": "tag_58", "edgetotals": {"transaction": 0, "story": 0, "social": 0, "listing": 0}, "date": "2017/09/01", "avg_totals": {"listing": 0, "story": 0, "transaction": 0, "social": 0}, "kcore": 0, "type": "tag", "id": "7474", "cumu_totals": {"listing": 0, "story": 0, "transaction": 0, "social": 0}}, {"nodemeta": ["story"], "stats": {}, "name": "food", "tags": [], "spells": [["2017/10/30", "2017/10/30"]], "tag_story": [["[7307,7475]", "2017/10/30", "2017/10/30"]], "label": "tag_59", "edgetotals": {"transaction": 0, "story": 0, "social": 0, "listing": 0}, "date": "2017/09/01", "avg_totals": {"listing": 0, "story": 0, "transaction": 0, "social": 0}, "kcore": 0, "type": "tag", "id": "7475", "cumu_totals": {"listing": 0, "story": 0, "transaction": 0, "social": 0}}, {"kcore": 0, "stats": {}, "name": "culture", "tags": [], "spells": [["2017/10/30", "2017/10/30"], ["2018/02/20", "2018/02/20"], ["2018/07/06", "2018/07/06"]], "tag_story": [["[7307,7476]", "2017/10/30", "2017/10/30"]], "label": "tag_60", "cumu_totals": {"listing": 0, "story": 0, "transaction": 0, "social": 0}, "edgetotals": {"transaction": 0, "story": 0, "social": 0, "listing": 0}, "date": "2017/09/01", "avg_totals": {"listing": 0, "story": 0, "transaction": 0, "social": 0}, "nodemeta": ["story"], "type": "tag", "id": "7476", "tag_commoner": []}, {"nodemeta": ["story"], "stats": {}, "name": "social enterprise", "tags": [], "spells": [["2017/10/30", "2017/10/30"], ["2018/02/18", "2018/02/18"]], "tag_story": [["[7307,7477]", "2017/10/30", "2017/10/30"]], "label": "tag_61", "edgetotals": {"transaction": 0, "story": 0, "social": 0, "listing": 0}, "date": "2017/09/01", "avg_totals": {"listing": 0, "story": 0, "transaction": 0, "social": 0}, "kcore": 0, "type": "tag", "id": "7477", "cumu_totals": {"listing": 0, "story": 0, "transaction": 0, "social": 0}}, {"nodemeta": ["story"], "stats": {}, "name": "community", "tags": [], "spells": [["2017/10/30", "2017/10/30"]], "tag_story": [["[7303,7643]", "2017/10/30", "2017/10/30"]], "label": "tag_239", "edgetotals": {"transaction": 0, "story": 0, "social": 0, "listing": 0}, "date": "2017/09/01", "avg_totals": {"listing": 0, "story": 0, "transaction": 0, "social": 0}, "kcore": 0, "type": "tag", "id": "7643", "cumu_totals": {"listing": 0, "story": 0, "transaction": 0, "social": 0}}, {"nodemeta": ["story"], "stats": {}, "name": "eti\u010dka banka", "tags": [], "spells": [["2017/10/30", "2017/10/30"]], "tag_story": [["[7306,7642]", "2017/10/30", "2017/10/30"]], "label": "tag_238", "edgetotals": {"transaction": 0, "story": 0, "social": 0, "listing": 0}, "date": "2017/09/01", "avg_totals": {"listing": 0, "story": 0, "transaction": 0, "social": 0}, "kcore": 0, "type": "tag", "id": "7642", "cumu_totals": {"listing": 0, "story": 0, "transaction": 0, "social": 0}}, {"nodemeta": ["story"], "stats": {}, "name": "dobre prakse", "tags": [], "spells": [["2017/10/30", "2017/10/30"], ["2017/10/30", "2017/10/30"], ["2017/10/30", "2017/10/30"], ["2017/10/30", "2017/10/30"], ["2018/01/10", "2018/01/10"]], "tag_story": [["[7303,7641]", "2017/10/30", "2017/10/30"], ["[7305,7641]", "2017/10/30", "2017/10/30"], ["[7306,7641]", "2017/10/30", "2017/10/30"], ["[7307,7641]", "2017/10/30", "2017/10/30"]], "label": "tag_237", "edgetotals": {"transaction": 0, "story": 0, "social": 0, "listing": 0}, "date": "2017/09/01", "avg_totals": {"listing": 0, "story": 0, "transaction": 0, "social": 0}, "kcore": 0, "type": "tag", "id": "7641", "cumu_totals": {"listing": 0, "story": 0, "transaction": 0, "social": 0}}, {"nodemeta": ["story"], "stats": {}, "name": "dru\u0161tveno poduze\u0107e", "tags": [], "spells": [["2017/10/30", "2017/10/30"]], "tag_story": [["[7307,7640]", "2017/10/30", "2017/10/30"]], "label": "tag_236", "edgetotals": {"transaction": 0, "story": 0, "social": 0, "listing": 0}, "date": "2017/09/01", "avg_totals": {"listing": 0, "story": 0, "transaction": 0, "social": 0}, "kcore": 0, "type": "tag", "id": "7640", "cumu_totals": {"listing": 0, "story": 0, "transaction": 0, "social": 0}}, {"nodemeta": ["story"], "stats": {}, "name": "integration centre", "tags": [], "spells": [["2017/10/30", "2017/10/30"]], "tag_story": [["[7303,7644]", "2017/10/30", "2017/10/30"]], "label": "tag_240", "edgetotals": {"transaction": 0, "story": 0, "social": 0, "listing": 0}, "date": "2017/09/01", "avg_totals": {"listing": 0, "story": 0, "transaction": 0, "social": 0}, "kcore": 0, "type": "tag", "id": "7644", "cumu_totals": {"listing": 0, "story": 0, "transaction": 0, "social": 0}}, {"nodemeta": ["story"], "stats": {}, "name": "local agriculture", "tags": [], "spells": [["2017/10/30", "2017/10/30"]], "tag_story": [["[7305,7462]", "2017/10/30", "2017/10/30"]], "label": "tag_46", "edgetotals": {"transaction": 0, "story": 0, "social": 0, "listing": 0}, "date": "2017/09/01", "avg_totals": {"listing": 0, "story": 0, "transaction": 0, "social": 0}, "kcore": 0, "type": "tag", "id": "7462", "cumu_totals": {"listing": 0, "story": 0, "transaction": 0, "social": 0}}, {"nodemeta": ["story"], "stats": {}, "name": "environmental sustainability", "tags": [], "spells": [["2017/10/30", "2017/10/30"]], "tag_story": [["[7305,7460]", "2017/10/30", "2017/10/30"]], "label": "tag_44", "edgetotals": {"transaction": 0, "story": 0, "social": 0, "listing": 0}, "date": "2017/09/01", "avg_totals": {"listing": 0, "story": 0, "transaction": 0, "social": 0}, "kcore": 0, "type": "tag", "id": "7460", "cumu_totals": {"listing": 0, "story": 0, "transaction": 0, "social": 0}}, {"nodemeta": ["story"], "stats": {}, "name": "nutritious food", "tags": [], "spells": [["2017/10/30", "2017/10/30"]], "tag_story": [["[7305,7464]", "2017/10/30", "2017/10/30"]], "label": "tag_48", "edgetotals": {"transaction": 0, "story": 0, "social": 0, "listing": 0}, "date": "2017/09/01", "avg_totals": {"listing": 0, "story": 0, "transaction": 0, "social": 0}, "kcore": 0, "type": "tag", "id": "7464", "cumu_totals": {"listing": 0, "story": 0, "transaction": 0, "social": 0}}], "tagcount": [["good practices", 5], ["dobre prakse", 4], ["women's rights", 1], ["women's reproductive health rights", 1], ["visual storytelling", 1], ["solidarnost", 1], ["solidarity", 1], ["social impact", 1], ["social good", 1], ["social enterprise", 1], ["social design", 1], ["safe and legal abortion", 1], ["refugees", 1], ["proizvo\u0111a\u010di", 1], ["pro-choice", 1], ["poverty policy", 1], ["organska hrana", 1], ["okus doma", 1], ["nutritious food", 1], ["municipal elections", 1], ["money", 1], ["migration", 1], ["manifesto", 1], ["manifest", 1], ["local development", 1], ["local agriculture", 1], ["integration centre", 1], ["integration", 1], ["immigrants", 1], ["human rights", 1], ["hrana za dobro", 1], ["hrana", 1], ["grassroots", 1], ["gemeenteraadsverkiezingen", 1], ["geld", 1], ["food coop", 1], ["food", 1], ["feminism", 1], ["faircoop", 1], ["faircoin", 1], ["eti\u010dka banka", 1], ["ethical financing", 1], ["ethical bank", 1], ["environmental sustainability", 1], ["elections", 1], ["dru\u0161tveno poduze\u0107e", 1], ["culture", 1], ["cryptocurrency", 1], ["cooperative for a good economy", 1], ["coop", 1], ["complementary currency", 1], ["complementair geld", 1], ["community entrepreneurs", 1], ["community development", 1], ["community", 1], ["civic engagement", 1], ["citizen protest", 1], ["asylum seekers", 1], ["armoedebeleid", 1], ["alternative currency", 1], ["alternatief geld", 1], ["agriculture", 1], ["17 oktober", 1]]}