{"directed": false, "links": [{"target": "7403", "weight": 1.0, "tag_story": [["[7403,7708]", "2018/04/16", "2018/04/16"]], "label": "tag_312+date_start=2018/04/16", "source": "7708", "id": "721", "spells": [["2018/04/16", "2018/04/16"]]}, {"target": "7403", "weight": 1.0, "tag_story": [["[7403,7709]", "2018/04/16", "2018/04/16"]], "label": "tag_313+date_start=2018/04/16", "source": "7709", "id": "725", "spells": [["2018/04/16", "2018/04/16"]]}, {"target": "7403", "weight": 1.0, "tag_story": [["[7403,7710]", "2018/04/16", "2018/04/16"]], "label": "tag_314+date_start=2018/04/16", "source": "7710", "id": "728", "spells": [["2018/04/16", "2018/04/16"]]}, {"target": "7403", "weight": 1.0, "tag_story": [["[7403,7717]", "2018/04/16", "2018/04/16"]], "label": "tag_325+date_start=2018/04/16", "source": "7717", "id": "737", "spells": [["2018/04/16", "2018/04/16"]]}, {"target": "7403", "weight": 1.0, "tag_story": [["[7403,7501]", "2018/04/16", "2018/04/16"]], "label": "tag_89+date_start=2018/04/16", "source": "7501", "id": "261", "spells": [["2018/04/16", "2018/04/16"]]}, {"edgemeta": ["story"], "target": "57", "weight": 1.0, "label": "create_146+date_start=2018/04/16", "source": "7403", "edgeweight": {"57": 2.0, "7403": 2.0}, "id": "102", "create_story": [["[57,7403]", "2018/04/16", "2018/04/16"]], "spells": [["2018/04/16", "2018/04/16"]]}, {"target": "7728", "weight": 1.0, "tag_story": [["[7403,7728]", "2018/04/16", "2018/04/16"]], "label": "tag_342+date_start=2018/04/16", "source": "7403", "id": "750", "spells": [["2018/04/16", "2018/04/16"]]}, {"target": "7729", "weight": 1.0, "tag_story": [["[7403,7729]", "2018/04/16", "2018/04/16"]], "label": "tag_343+date_start=2018/04/16", "source": "7403", "id": "751", "spells": [["2018/04/16", "2018/04/16"]]}, {"target": "7487", "weight": 1.0, "tag_story": [["[7403,7487]", "2018/04/16", "2018/04/16"]], "label": "tag_71+date_start=2018/04/16", "source": "7403", "id": "208", "spells": [["2018/04/16", "2018/04/16"]]}, {"target": "7438", "weight": 1.0, "tag_story": [["[7403,7438]", "2018/04/16", "2018/04/16"]], "label": "tag_1+date_start=2018/04/16", "source": "7403", "id": "142", "spells": [["2018/04/16", "2018/04/16"]]}, {"target": "7727", "weight": 1.0, "tag_story": [["[7403,7727]", "2018/04/16", "2018/04/16"]], "label": "tag_341+date_start=2018/04/16", "source": "7403", "id": "749", "spells": [["2018/04/16", "2018/04/16"]]}], "multigraph": false, "graph": {"start": "2016/06/01", "node_default": {}, "end": "2018/07/10", "mode": "dynamic", "edge_default": {}}, "date": "2018/05/01", "nodes": [{"nodemeta": ["story"], "stats": {}, "name": "cooperazione sociale", "tags": [], "spells": [["2018/03/01", "2018/03/01"], ["2018/04/16", "2018/04/16"], ["2018/07/05", "2018/07/05"], ["2018/07/05", "2018/07/05"]], "tag_story": [["[7403,7708]", "2018/04/16", "2018/04/16"]], "label": "tag_312", "edgetotals": {"transaction": 0, "story": 0, "social": 0, "listing": 0}, "date": "2018/03/01", "avg_totals": {"listing": 0, "story": 0, "transaction": 0, "social": 0}, "kcore": 0, "type": "tag", "id": "7708", "cumu_totals": {"listing": 0, "story": 0, "transaction": 0, "social": 0}}, {"nodemeta": ["story"], "stats": {}, "name": "reddito di base", "tags": [], "spells": [["2018/03/09", "2018/03/09"], ["2018/04/16", "2018/04/16"], ["2018/06/15", "2018/06/15"]], "tag_story": [["[7403,7709]", "2018/04/16", "2018/04/16"]], "label": "tag_313", "edgetotals": {"transaction": 0, "story": 0, "social": 0, "listing": 0}, "date": "2018/03/01", "avg_totals": {"listing": 0, "story": 0, "transaction": 0, "social": 0}, "kcore": 0, "type": "tag", "id": "7709", "cumu_totals": {"listing": 0, "story": 0, "transaction": 0, "social": 0}}, {"nodemeta": ["story"], "stats": {}, "name": "reddito minimo garantito", "tags": [], "spells": [["2018/03/09", "2018/03/09"], ["2018/04/16", "2018/04/16"]], "tag_story": [["[7403,7710]", "2018/04/16", "2018/04/16"]], "label": "tag_314", "edgetotals": {"transaction": 0, "story": 0, "social": 0, "listing": 0}, "date": "2018/03/01", "avg_totals": {"listing": 0, "story": 0, "transaction": 0, "social": 0}, "kcore": 0, "type": "tag", "id": "7710", "cumu_totals": {"listing": 0, "story": 0, "transaction": 0, "social": 0}}, {"nodemeta": ["story"], "stats": {}, "name": "precariet\u00e0", "tags": [], "spells": [["2018/03/19", "2018/03/19"], ["2018/04/16", "2018/04/16"], ["2018/05/09", "2018/05/09"], ["2018/07/04", "2018/07/04"]], "tag_story": [["[7403,7717]", "2018/04/16", "2018/04/16"]], "label": "tag_325", "edgetotals": {"transaction": 0, "story": 0, "social": 0, "listing": 0}, "date": "2018/03/01", "avg_totals": {"listing": 0, "story": 0, "transaction": 0, "social": 0}, "kcore": 0, "type": "tag", "id": "7717", "cumu_totals": {"listing": 0, "story": 0, "transaction": 0, "social": 0}}, {"nodemeta": ["story"], "stats": {}, "name": "lavoro", "tags": [], "spells": [["2017/09/01", "2017/09/01"], ["2017/09/01", "2017/09/01"], ["2017/09/01", "2017/09/01"], ["2017/09/01", "2017/09/01"], ["2017/09/01", "2017/09/01"], ["2018/02/20", "2018/02/20"], ["2018/03/01", "2018/03/01"], ["2018/03/19", "2018/03/19"], ["2018/04/16", "2018/04/16"], ["2018/05/09", "2018/05/09"], ["2018/06/15", "2018/06/15"]], "tag_story": [["[7403,7501]", "2018/04/16", "2018/04/16"]], "label": "tag_89", "edgetotals": {"transaction": 0, "story": 0, "social": 0, "listing": 0}, "date": "2018/03/01", "avg_totals": {"listing": 0, "story": 0, "transaction": 0, "social": 0}, "kcore": 0, "type": "tag", "id": "7501", "cumu_totals": {"listing": 0, "story": 0, "transaction": 0, "social": 0}}, {"nodemeta": ["story", "story", "story"], "comment_story": [], "edgetotals": {"transaction": 0, "story": 2.0, "social": 0, "listing": 0}, "tags": ["cooperazione sociale", "reddito di base", "reddito minimo garantito", "precariet\u00e0", "lavoro", "welfare", "testimonials", "reddito di cittadinanza", "commonfare", "precari"], "spells": [["2018/04/16", "2018/04/16"], ["2018/04/16", "2018/04/16"], ["2018/04/16", "2018/04/16"], ["2018/04/16", "2018/04/16"], ["2018/04/16", "2018/04/16"], ["2018/04/16", "2018/04/16"], ["2018/04/16", "2018/04/16"], ["2018/04/16", "2018/04/16"], ["2018/04/16", "2018/04/16"], ["2018/04/16", "2018/04/16"], ["2018/04/16", "2018/04/16"], ["2018/05/03", "2018/05/03"]], "title": "Dalla precariet\u00e0 al commonfare", "tag_story": [["[7403,7438]", "2018/04/16", "2018/04/16"], ["[7403,7487]", "2018/04/16", "2018/04/16"], ["[7403,7501]", "2018/04/16", "2018/04/16"], ["[7403,7708]", "2018/04/16", "2018/04/16"], ["[7403,7709]", "2018/04/16", "2018/04/16"], ["[7403,7710]", "2018/04/16", "2018/04/16"], ["[7403,7717]", "2018/04/16", "2018/04/16"], ["[7403,7727]", "2018/04/16", "2018/04/16"], ["[7403,7728]", "2018/04/16", "2018/04/16"], ["[7403,7729]", "2018/04/16", "2018/04/16"]], "label": "story_146", "avg_totals": {"social": 0.0, "story": 4.0, "transaction": 0.0, "listing": 0.0}, "date": "2018/03/01", "stats": {"2018/04/16": {"story": {"tag_story": [10, 0]}}, "story": {"rcreate_story": [], "rtag_story": [], "create_story": [["[57,7403]", "2018/04/16", "2018/04/16"]], "tag_story": [["[7403,7710]", "2018/04/16", "2018/04/16"], ["[7403,7717]", "2018/04/16", "2018/04/16"], ["[7403,7708]", "2018/04/16", "2018/04/16"], ["[7403,7709]", "2018/04/16", "2018/04/16"], ["[7403,7728]", "2018/04/16", "2018/04/16"], ["[7403,7729]", "2018/04/16", "2018/04/16"], ["[7403,7487]", "2018/04/16", "2018/04/16"], ["[7403,7501]", "2018/04/16", "2018/04/16"], ["[7403,7438]", "2018/04/16", "2018/04/16"], ["[7403,7727]", "2018/04/16", "2018/04/16"]]}}, "kcore": 1, "type": "story", "id": "7403", "create_story": [["[57,7403]", "2018/04/16", "2018/04/16"]], "cumu_totals": {"social": 0.0, "story": 1.0, "transaction": 0.0, "listing": 0.0}}, {"nodemeta": ["story"], "stats": {}, "name": "welfare", "tags": [], "spells": [["2017/11/15", "2017/11/15"], ["2018/03/19", "2018/03/19"], ["2018/04/16", "2018/04/16"], ["2018/05/13", "2018/05/13"], ["2018/05/13", "2018/05/13"]], "tag_story": [["[7403,7487]", "2018/04/16", "2018/04/16"]], "label": "tag_71", "edgetotals": {"transaction": 0, "story": 0, "social": 0, "listing": 0}, "date": "2018/03/01", "avg_totals": {"listing": 0, "story": 0, "transaction": 0, "social": 0}, "kcore": 0, "type": "tag", "id": "7487", "cumu_totals": {"listing": 0, "story": 0, "transaction": 0, "social": 0}}, {"nodemeta": ["story"], "stats": {}, "name": "testimonials", "tags": [], "spells": [["2018/04/16", "2018/04/16"]], "tag_story": [["[7403,7728]", "2018/04/16", "2018/04/16"]], "label": "tag_342", "edgetotals": {"transaction": 0, "story": 0, "social": 0, "listing": 0}, "date": "2018/03/01", "avg_totals": {"listing": 0, "story": 0, "transaction": 0, "social": 0}, "kcore": 0, "type": "tag", "id": "7728", "cumu_totals": {"listing": 0, "story": 0, "transaction": 0, "social": 0}}, {"nodemeta": ["story"], "stats": {}, "name": "reddito di cittadinanza", "tags": [], "spells": [["2018/04/16", "2018/04/16"], ["2018/05/09", "2018/05/09"]], "tag_story": [["[7403,7729]", "2018/04/16", "2018/04/16"]], "label": "tag_343", "edgetotals": {"transaction": 0, "story": 0, "social": 0, "listing": 0}, "date": "2018/03/01", "avg_totals": {"listing": 0, "story": 0, "transaction": 0, "social": 0}, "kcore": 0, "type": "tag", "id": "7729", "cumu_totals": {"listing": 0, "story": 0, "transaction": 0, "social": 0}}, {"nodemeta": ["story"], "stats": {}, "name": "precari", "tags": [], "spells": [["2018/04/16", "2018/04/16"]], "tag_story": [["[7403,7727]", "2018/04/16", "2018/04/16"]], "label": "tag_341", "edgetotals": {"transaction": 0, "story": 0, "social": 0, "listing": 0}, "date": "2018/03/01", "avg_totals": {"listing": 0, "story": 0, "transaction": 0, "social": 0}, "kcore": 0, "type": "tag", "id": "7727", "cumu_totals": {"listing": 0, "story": 0, "transaction": 0, "social": 0}}, {"nodemeta": ["story"], "avg_totals": {"social": 0.0, "story": 4.0, "transaction": 0.0, "listing": 0.0}, "transaction": [], "comment_story": [], "name": "BIN Italia", "tags": [], "spells": [["2018/01/23", "2018/01/23"], ["2018/02/18", "2018/02/18"], ["2018/02/20", "2018/02/20"], ["2018/02/20", "2018/02/20"], ["2018/02/20", "2018/02/20"], ["2018/02/20", "2018/02/20"], ["2018/02/20", "2018/02/20"], ["2018/02/20", "2018/02/20"], ["2018/02/20", "2018/02/20"], ["2018/03/01", "2018/03/01"], ["2018/03/19", "2018/03/19"], ["2018/03/21", "2018/03/21"], ["2018/04/16", "2018/04/16"], ["2018/05/16", "2018/05/16"], ["2018/07/05", "2018/07/05"], ["2018/03/01", "2018/03/01"], ["2018/03/09", "2018/03/09"], ["2018/03/09", "2018/03/09"], ["2018/05/03", "2018/05/03"], ["2018/05/11", "2018/05/11"], ["2018/05/11", "2018/05/11"], ["2018/05/14", "2018/05/14"], ["2018/05/14", "2018/05/14"], ["2018/05/24", "2018/05/24"], ["2018/06/18", "2018/06/18"], ["2018/06/18", "2018/06/18"], ["2018/06/18", "2018/06/18"], ["2018/06/18", "2018/06/18"], ["2018/06/19", "2018/06/19"], ["2018/06/19", "2018/06/19"], ["2018/06/28", "2018/06/28"], ["2018/06/28", "2018/06/28"], ["2018/05/01", "2018/05/01"], ["2018/06/15", "2018/06/15"], ["2018/06/15", "2018/06/15"], ["2018/07/05", "2018/07/05"]], "label": "commoner_68", "conversation": [], "edgetotals": {"transaction": 0, "story": 2.0, "social": 0, "listing": 0}, "date": "2018/03/01", "stats": {"2018/04/16": {"story": {"create_story": [1, 2]}}, "story": {"rcreate_story": [], "create_story": [["[57,7403]", "2018/04/16", "2018/04/16"]]}}, "kcore": 1, "type": "commoner", "id": "57", "create_story": [["[57,7403]", "2018/04/16", "2018/04/16"]], "cumu_totals": {"social": 0.0, "story": 1.0, "transaction": 0.0, "listing": 0.0}}, {"nodemeta": ["story"], "stats": {}, "name": "commonfare", "tags": [], "spells": [["2017/09/30", "2017/09/30"], ["2017/11/10", "2017/11/10"], ["2017/11/13", "2017/11/13"], ["2017/11/15", "2017/11/15"], ["2017/11/15", "2017/11/15"], ["2018/04/16", "2018/04/16"], ["2018/07/05", "2018/07/05"]], "tag_story": [["[7403,7438]", "2018/04/16", "2018/04/16"]], "label": "tag_1", "edgetotals": {"transaction": 0, "story": 0, "social": 0, "listing": 0}, "date": "2018/03/01", "avg_totals": {"listing": 0, "story": 0, "transaction": 0, "social": 0}, "kcore": 0, "type": "tag", "id": "7438", "cumu_totals": {"listing": 0, "story": 0, "transaction": 0, "social": 0}}], "tagcount": [["welfare", 1], ["testimonials", 1], ["reddito minimo garantito", 1], ["reddito di cittadinanza", 1], ["reddito di base", 1], ["precariet\u00e0", 1], ["precari", 1], ["lavoro", 1], ["cooperazione sociale", 1], ["commonfare", 1]]}