{"directed": false, "links": [{"target": "7384", "weight": 1.0, "tag_story": [["[7384,7669]", "2018/01/10", "2018/01/10"]], "label": "tag_265+date_start=2018/01/10", "source": "7669", "id": "672", "spells": [["2018/01/10", "2018/01/10"]]}, {"target": "7384", "weight": 1.0, "tag_story": [["[7384,7668]", "2018/01/10", "2018/01/10"]], "label": "tag_264+date_start=2018/01/10", "source": "7668", "id": "671", "spells": [["2018/01/10", "2018/01/10"]]}, {"target": "7385", "weight": 1.0, "tag_story": [["[7385,7661]", "2018/01/14", "2018/01/14"]], "label": "tag_257+date_start=2018/01/14", "source": "7661", "id": "663", "spells": [["2018/01/14", "2018/01/14"]]}, {"target": "7385", "weight": 1.0, "tag_story": [["[7385,7660]", "2018/01/14", "2018/01/14"]], "label": "tag_256+date_start=2018/01/14", "source": "7660", "id": "662", "spells": [["2018/01/14", "2018/01/14"]]}, {"target": "7385", "weight": 1.0, "tag_story": [["[7385,7663]", "2018/01/14", "2018/01/14"]], "label": "tag_259+date_start=2018/01/14", "source": "7663", "id": "665", "spells": [["2018/01/14", "2018/01/14"]]}, {"target": "7385", "weight": 1.0, "tag_story": [["[7385,7662]", "2018/01/14", "2018/01/14"]], "label": "tag_258+date_start=2018/01/14", "source": "7662", "id": "664", "spells": [["2018/01/14", "2018/01/14"]]}, {"target": "7385", "weight": 1.0, "tag_story": [["[7385,7665]", "2018/01/14", "2018/01/14"]], "label": "tag_261+date_start=2018/01/14", "source": "7665", "id": "667", "spells": [["2018/01/14", "2018/01/14"]]}, {"target": "7385", "weight": 1.0, "tag_story": [["[7385,7664]", "2018/01/14", "2018/01/14"]], "label": "tag_260+date_start=2018/01/14", "source": "7664", "id": "666", "spells": [["2018/01/14", "2018/01/14"]]}, {"target": "7385", "weight": 1.0, "tag_story": [["[7385,7667]", "2018/01/14", "2018/01/14"]], "label": "tag_263+date_start=2018/01/14", "source": "7667", "id": "669", "spells": [["2018/01/14", "2018/01/14"]]}, {"target": "7385", "weight": 1.0, "tag_story": [["[7385,7666]", "2018/01/14", "2018/01/14"]], "label": "tag_262+date_start=2018/01/14", "source": "7666", "id": "668", "spells": [["2018/01/14", "2018/01/14"]]}, {"target": "7377", "weight": 1.0, "tag_story": [["[7377,7566]", "2018/01/04", "2018/01/04"]], "label": "tag_156+date_start=2018/01/04", "source": "7566", "id": "538", "spells": [["2018/01/04", "2018/01/04"]]}, {"target": "7384", "weight": 1.0, "tag_story": [["[7384,7567]", "2018/01/10", "2018/01/10"]], "label": "tag_157+date_start=2018/01/10", "source": "7567", "id": "551", "spells": [["2018/01/10", "2018/01/10"]]}, {"target": "7377", "weight": 1.0, "tag_story": [["[7377,7567]", "2018/01/04", "2018/01/04"]], "label": "tag_157+date_start=2018/01/04", "source": "7567", "id": "548", "spells": [["2018/01/04", "2018/01/04"]]}, {"target": "7377", "weight": 1.0, "tag_story": [["[7377,7569]", "2018/01/04", "2018/01/04"]], "label": "tag_159+date_start=2018/01/04", "source": "7569", "id": "566", "spells": [["2018/01/04", "2018/01/04"]]}, {"target": "7377", "weight": 1.0, "tag_story": [["[7377,7594]", "2018/01/04", "2018/01/04"]], "label": "tag_190+date_start=2018/01/04", "source": "7594", "id": "592", "spells": [["2018/01/04", "2018/01/04"]]}, {"edgemeta": ["story"], "target": "7388", "weight": 1.0, "label": "create_120+date_start=2018/01/24", "source": "7", "edgeweight": {"7388": 2.0, "7": 2.0}, "id": "87", "create_story": [["[7,7388]", "2018/01/24", "2018/01/24"]], "spells": [["2018/01/24", "2018/01/24"]]}, {"target": "7680", "weight": 1.0, "tag_story": [["[7388,7680]", "2018/01/24", "2018/01/24"]], "label": "tag_281+date_start=2018/01/24", "source": "7388", "id": "686", "spells": [["2018/01/24", "2018/01/24"]]}, {"target": "7678", "weight": 1.0, "tag_story": [["[7388,7678]", "2018/01/24", "2018/01/24"]], "label": "tag_279+date_start=2018/01/24", "source": "7388", "id": "684", "spells": [["2018/01/24", "2018/01/24"]]}, {"target": "7679", "weight": 1.0, "tag_story": [["[7388,7679]", "2018/01/24", "2018/01/24"]], "label": "tag_280+date_start=2018/01/24", "source": "7388", "id": "685", "spells": [["2018/01/24", "2018/01/24"]]}, {"target": "7677", "weight": 1.0, "tag_story": [["[7388,7677]", "2018/01/24", "2018/01/24"]], "label": "tag_278+date_start=2018/01/24", "source": "7388", "id": "682", "spells": [["2018/01/24", "2018/01/24"]]}, {"target": "7681", "weight": 1.0, "tag_story": [["[7388,7681]", "2018/01/24", "2018/01/24"]], "label": "tag_282+date_start=2018/01/24", "source": "7388", "id": "687", "spells": [["2018/01/24", "2018/01/24"]]}, {"target": "7649", "weight": 1.0, "tag_story": [["[7383,7649]", "2018/01/10", "2018/01/10"]], "label": "tag_245+date_start=2018/01/10", "source": "7383", "id": "651", "spells": [["2018/01/10", "2018/01/10"]]}, {"target": "7648", "weight": 1.0, "tag_story": [["[7383,7648]", "2018/01/10", "2018/01/10"]], "label": "tag_244+date_start=2018/01/10", "source": "7383", "id": "650", "spells": [["2018/01/10", "2018/01/10"]]}, {"target": "7645", "weight": 1.0, "tag_story": [["[7383,7645]", "2018/01/10", "2018/01/10"]], "label": "tag_241+date_start=2018/01/10", "source": "7383", "id": "648", "spells": [["2018/01/10", "2018/01/10"]]}, {"edgemeta": ["story"], "target": "53", "weight": 1.0, "label": "create_114+date_start=2018/01/10", "source": "7383", "edgeweight": {"7383": 2.0, "53": 2.0}, "id": "82", "create_story": [["[53,7383]", "2018/01/10", "2018/01/10"]], "spells": [["2018/01/10", "2018/01/10"]]}, {"target": "7646", "weight": 1.0, "tag_story": [["[7383,7646]", "2018/01/10", "2018/01/10"]], "label": "tag_242+date_start=2018/01/10", "source": "7383", "id": "649", "spells": [["2018/01/10", "2018/01/10"]]}, {"edgemeta": ["story"], "target": "37", "weight": 1.0, "label": "create_118+date_start=2018/01/22", "source": "7386", "edgeweight": {"37": 2.0, "7386": 2.0}, "id": "85", "create_story": [["[37,7386]", "2018/01/22", "2018/01/22"]], "spells": [["2018/01/22", "2018/01/22"]]}, {"target": "7676", "weight": 1.0, "tag_story": [["[7386,7676]", "2018/01/22", "2018/01/22"]], "label": "tag_277+date_start=2018/01/22", "source": "7386", "id": "680", "spells": [["2018/01/22", "2018/01/22"]]}, {"target": "7674", "weight": 1.0, "tag_story": [["[7386,7674]", "2018/01/22", "2018/01/22"]], "label": "tag_275+date_start=2018/01/22", "source": "7386", "id": "677", "spells": [["2018/01/22", "2018/01/22"]]}, {"target": "7675", "weight": 1.0, "tag_story": [["[7386,7675]", "2018/01/22", "2018/01/22"]], "label": "tag_276+date_start=2018/01/22", "source": "7386", "id": "678", "spells": [["2018/01/22", "2018/01/22"]]}, {"target": "7672", "weight": 1.0, "tag_story": [["[7386,7672]", "2018/01/22", "2018/01/22"]], "label": "tag_273+date_start=2018/01/22", "source": "7386", "id": "675", "spells": [["2018/01/22", "2018/01/22"]]}, {"target": "7673", "weight": 1.0, "tag_story": [["[7386,7673]", "2018/01/22", "2018/01/22"]], "label": "tag_274+date_start=2018/01/22", "source": "7386", "id": "676", "spells": [["2018/01/22", "2018/01/22"]]}, {"edgemeta": ["story"], "target": "57", "weight": 1.0, "label": "create_119+date_start=2018/01/23", "source": "7387", "edgeweight": {"57": 2.0, "7387": 2.0}, "id": "86", "create_story": [["[57,7387]", "2018/01/23", "2018/01/23"]], "spells": [["2018/01/23", "2018/01/23"]]}, {"target": "7442", "weight": 1.0, "tag_story": [["[7387,7442]", "2018/01/23", "2018/01/23"]], "label": "tag_5+date_start=2018/01/23", "source": "7387", "id": "150", "spells": [["2018/01/23", "2018/01/23"]]}, {"target": "7486", "weight": 1.0, "tag_story": [["[7387,7486]", "2018/01/23", "2018/01/23"]], "label": "tag_70+date_start=2018/01/23", "source": "7387", "id": "204", "spells": [["2018/01/23", "2018/01/23"]]}, {"target": "7651", "weight": 1.0, "tag_story": [["[7384,7651]", "2018/01/10", "2018/01/10"]], "label": "tag_247+date_start=2018/01/10", "source": "7384", "id": "652", "spells": [["2018/01/10", "2018/01/10"]]}, {"edgemeta": ["story"], "target": "43", "weight": 1.0, "label": "create_115+date_start=2018/01/10", "source": "7384", "edgeweight": {"43": 2.0, "7384": 2.0}, "id": "83", "create_story": [["[43,7384]", "2018/01/10", "2018/01/10"]], "spells": [["2018/01/10", "2018/01/10"]]}, {"target": "7652", "weight": 1.0, "tag_story": [["[7384,7652]", "2018/01/10", "2018/01/10"]], "label": "tag_248+date_start=2018/01/10", "source": "7384", "id": "653", "spells": [["2018/01/10", "2018/01/10"]]}, {"target": "7653", "weight": 1.0, "tag_story": [["[7384,7653]", "2018/01/10", "2018/01/10"]], "label": "tag_249+date_start=2018/01/10", "source": "7384", "id": "654", "spells": [["2018/01/10", "2018/01/10"]]}, {"target": "7654", "weight": 1.0, "tag_story": [["[7384,7654]", "2018/01/10", "2018/01/10"]], "label": "tag_250+date_start=2018/01/10", "source": "7384", "id": "655", "spells": [["2018/01/10", "2018/01/10"]]}, {"target": "7655", "weight": 1.0, "tag_story": [["[7384,7655]", "2018/01/10", "2018/01/10"]], "label": "tag_251+date_start=2018/01/10", "source": "7384", "id": "656", "spells": [["2018/01/10", "2018/01/10"]]}, {"target": "7656", "weight": 1.0, "tag_story": [["[7384,7656]", "2018/01/10", "2018/01/10"]], "label": "tag_252+date_start=2018/01/10", "source": "7384", "id": "657", "spells": [["2018/01/10", "2018/01/10"]]}, {"target": "7657", "weight": 1.0, "tag_story": [["[7384,7657]", "2018/01/10", "2018/01/10"]], "label": "tag_253+date_start=2018/01/10", "source": "7384", "id": "658", "spells": [["2018/01/10", "2018/01/10"]]}, {"target": "7658", "weight": 1.0, "tag_story": [["[7384,7658]", "2018/01/10", "2018/01/10"]], "label": "tag_254+date_start=2018/01/10", "source": "7384", "id": "659", "spells": [["2018/01/10", "2018/01/10"]]}, {"target": "7659", "weight": 1.0, "tag_story": [["[7384,7659]", "2018/01/10", "2018/01/10"]], "label": "tag_255+date_start=2018/01/10", "source": "7384", "id": "660", "spells": [["2018/01/10", "2018/01/10"]]}, {"target": "7641", "weight": 1.0, "tag_story": [["[7384,7641]", "2018/01/10", "2018/01/10"]], "label": "tag_237+date_start=2018/01/10", "source": "7384", "id": "644", "spells": [["2018/01/10", "2018/01/10"]]}, {"target": "7670", "weight": 1.0, "tag_story": [["[7384,7670]", "2018/01/10", "2018/01/10"]], "label": "tag_266+date_start=2018/01/10", "source": "7384", "id": "673", "spells": [["2018/01/10", "2018/01/10"]]}, {"target": "7671", "weight": 1.0, "tag_story": [["[7384,7671]", "2018/01/10", "2018/01/10"]], "label": "tag_267+date_start=2018/01/10", "source": "7384", "id": "674", "spells": [["2018/01/10", "2018/01/10"]]}, {"edgemeta": ["story"], "target": "45", "weight": 1.0, "label": "create_116+date_start=2018/01/14", "source": "7385", "edgeweight": {"45": 2.0, "7385": 2.0}, "id": "84", "create_story": [["[45,7385]", "2018/01/14", "2018/01/14"]], "spells": [["2018/01/14", "2018/01/14"]]}, {"target": "7602", "weight": 1.0, "tag_story": [["[7385,7602]", "2018/01/14", "2018/01/14"]], "label": "tag_198+date_start=2018/01/14", "source": "7385", "id": "601", "spells": [["2018/01/14", "2018/01/14"]]}, {"tag_commoner": [["[49,7514]", "2018/01/05", "2018/01/05"]], "weight": 1.0, "label": "tag_102+date_start=2018/01/05", "source": "7514", "target": "49", "id": "419", "spells": [["2018/01/05", "2018/01/05"]]}, {"tag_commoner": [["[49,7780]", "2018/01/05", "2018/01/05"]], "weight": 1.0, "label": "tag_403+date_start=2018/01/05", "source": "49", "target": "7780", "id": "797", "spells": [["2018/01/05", "2018/01/05"]]}, {"edgemeta": ["story"], "target": "7377", "weight": 1.0, "label": "create_108+date_start=2018/01/04", "source": "45", "edgeweight": {"45": 2.0, "7377": 2.0}, "id": "76", "create_story": [["[45,7377]", "2018/01/04", "2018/01/04"]], "spells": [["2018/01/04", "2018/01/04"]]}, {"target": "7599", "weight": 1.0, "tag_story": [["[7377,7599]", "2018/01/04", "2018/01/04"]], "label": "tag_195+date_start=2018/01/04", "source": "7377", "id": "597", "spells": [["2018/01/04", "2018/01/04"]]}, {"target": "7598", "weight": 1.0, "tag_story": [["[7377,7598]", "2018/01/04", "2018/01/04"]], "label": "tag_194+date_start=2018/01/04", "source": "7377", "id": "596", "spells": [["2018/01/04", "2018/01/04"]]}, {"target": "7597", "weight": 1.0, "tag_story": [["[7377,7597]", "2018/01/04", "2018/01/04"]], "label": "tag_193+date_start=2018/01/04", "source": "7377", "id": "595", "spells": [["2018/01/04", "2018/01/04"]]}, {"target": "7596", "weight": 1.0, "tag_story": [["[7377,7596]", "2018/01/04", "2018/01/04"]], "label": "tag_192+date_start=2018/01/04", "source": "7377", "id": "594", "spells": [["2018/01/04", "2018/01/04"]]}, {"target": "7595", "weight": 1.0, "tag_story": [["[7377,7595]", "2018/01/04", "2018/01/04"]], "label": "tag_191+date_start=2018/01/04", "source": "7377", "id": "593", "spells": [["2018/01/04", "2018/01/04"]]}, {"target": "7593", "weight": 1.0, "tag_story": [["[7377,7593]", "2018/01/04", "2018/01/04"]], "label": "tag_189+date_start=2018/01/04", "source": "7377", "id": "591", "spells": [["2018/01/04", "2018/01/04"]]}, {"target": "7592", "weight": 1.0, "tag_story": [["[7377,7592]", "2018/01/04", "2018/01/04"]], "label": "tag_188+date_start=2018/01/04", "source": "7377", "id": "590", "spells": [["2018/01/04", "2018/01/04"]]}], "multigraph": false, "graph": {"start": "2016/06/01", "node_default": {}, "end": "2018/07/10", "mode": "dynamic", "edge_default": {}}, "date": "2018/02/01", "nodes": [{"nodemeta": ["story"], "stats": {}, "name": "socijalna samoposluga", "tags": [], "spells": [["2018/01/10", "2018/01/10"]], "tag_story": [["[7384,7669]", "2018/01/10", "2018/01/10"]], "label": "tag_265", "edgetotals": {"transaction": 0, "story": 0, "social": 0, "listing": 0}, "date": "2017/12/01", "avg_totals": {"listing": 0, "story": 0, "transaction": 0, "social": 0}, "kcore": 0, "type": "tag", "id": "7669", "cumu_totals": {"listing": 0, "story": 0, "transaction": 0, "social": 0}}, {"nodemeta": ["story"], "stats": {}, "name": "solidarnost", "tags": [], "spells": [["2017/10/30", "2017/10/30"], ["2018/01/10", "2018/01/10"]], "tag_story": [["[7384,7668]", "2018/01/10", "2018/01/10"]], "label": "tag_264", "edgetotals": {"transaction": 0, "story": 0, "social": 0, "listing": 0}, "date": "2017/12/01", "avg_totals": {"listing": 0, "story": 0, "transaction": 0, "social": 0}, "kcore": 0, "type": "tag", "id": "7668", "cumu_totals": {"listing": 0, "story": 0, "transaction": 0, "social": 0}}, {"nodemeta": ["story"], "stats": {}, "name": "currency", "tags": [], "spells": [["2018/01/14", "2018/01/14"]], "tag_story": [["[7385,7661]", "2018/01/14", "2018/01/14"]], "label": "tag_257", "edgetotals": {"transaction": 0, "story": 0, "social": 0, "listing": 0}, "date": "2017/12/01", "avg_totals": {"listing": 0, "story": 0, "transaction": 0, "social": 0}, "kcore": 0, "type": "tag", "id": "7661", "cumu_totals": {"listing": 0, "story": 0, "transaction": 0, "social": 0}}, {"nodemeta": ["story"], "stats": {}, "name": "commonpoly", "tags": [], "spells": [["2018/01/14", "2018/01/14"]], "tag_story": [["[7385,7660]", "2018/01/14", "2018/01/14"]], "label": "tag_256", "edgetotals": {"transaction": 0, "story": 0, "social": 0, "listing": 0}, "date": "2017/12/01", "avg_totals": {"listing": 0, "story": 0, "transaction": 0, "social": 0}, "kcore": 0, "type": "tag", "id": "7660", "cumu_totals": {"listing": 0, "story": 0, "transaction": 0, "social": 0}}, {"nodemeta": ["story"], "stats": {}, "name": "economie", "tags": [], "spells": [["2018/01/14", "2018/01/14"]], "tag_story": [["[7385,7663]", "2018/01/14", "2018/01/14"]], "label": "tag_259", "edgetotals": {"transaction": 0, "story": 0, "social": 0, "listing": 0}, "date": "2017/12/01", "avg_totals": {"listing": 0, "story": 0, "transaction": 0, "social": 0}, "kcore": 0, "type": "tag", "id": "7663", "cumu_totals": {"listing": 0, "story": 0, "transaction": 0, "social": 0}}, {"nodemeta": ["story"], "stats": {}, "name": "economics", "tags": [], "spells": [["2018/01/14", "2018/01/14"]], "tag_story": [["[7385,7662]", "2018/01/14", "2018/01/14"]], "label": "tag_258", "edgetotals": {"transaction": 0, "story": 0, "social": 0, "listing": 0}, "date": "2017/12/01", "avg_totals": {"listing": 0, "story": 0, "transaction": 0, "social": 0}, "kcore": 0, "type": "tag", "id": "7662", "cumu_totals": {"listing": 0, "story": 0, "transaction": 0, "social": 0}}, {"nodemeta": ["story"], "stats": {}, "name": "participatory design", "tags": [], "spells": [["2018/01/14", "2018/01/14"]], "tag_story": [["[7385,7665]", "2018/01/14", "2018/01/14"]], "label": "tag_261", "edgetotals": {"transaction": 0, "story": 0, "social": 0, "listing": 0}, "date": "2017/12/01", "avg_totals": {"listing": 0, "story": 0, "transaction": 0, "social": 0}, "kcore": 0, "type": "tag", "id": "7665", "cumu_totals": {"listing": 0, "story": 0, "transaction": 0, "social": 0}}, {"nodemeta": ["story"], "stats": {}, "name": "design", "tags": [], "spells": [["2018/01/14", "2018/01/14"]], "tag_story": [["[7385,7664]", "2018/01/14", "2018/01/14"]], "label": "tag_260", "edgetotals": {"transaction": 0, "story": 0, "social": 0, "listing": 0}, "date": "2017/12/01", "avg_totals": {"listing": 0, "story": 0, "transaction": 0, "social": 0}, "kcore": 0, "type": "tag", "id": "7664", "cumu_totals": {"listing": 0, "story": 0, "transaction": 0, "social": 0}}, {"nodemeta": ["story"], "stats": {}, "name": "spel", "tags": [], "spells": [["2018/01/14", "2018/01/14"]], "tag_story": [["[7385,7667]", "2018/01/14", "2018/01/14"]], "label": "tag_263", "edgetotals": {"transaction": 0, "story": 0, "social": 0, "listing": 0}, "date": "2017/12/01", "avg_totals": {"listing": 0, "story": 0, "transaction": 0, "social": 0}, "kcore": 0, "type": "tag", "id": "7667", "cumu_totals": {"listing": 0, "story": 0, "transaction": 0, "social": 0}}, {"nodemeta": ["story"], "stats": {}, "name": "game", "tags": [], "spells": [["2018/01/14", "2018/01/14"]], "tag_story": [["[7385,7666]", "2018/01/14", "2018/01/14"]], "label": "tag_262", "edgetotals": {"transaction": 0, "story": 0, "social": 0, "listing": 0}, "date": "2017/12/01", "avg_totals": {"listing": 0, "story": 0, "transaction": 0, "social": 0}, "kcore": 0, "type": "tag", "id": "7666", "cumu_totals": {"listing": 0, "story": 0, "transaction": 0, "social": 0}}, {"nodemeta": ["story"], "stats": {}, "name": "gratis", "tags": [], "spells": [["2017/03/02", "2017/03/02"], ["2018/01/04", "2018/01/04"]], "tag_story": [["[7377,7566]", "2018/01/04", "2018/01/04"]], "label": "tag_156", "edgetotals": {"transaction": 0, "story": 0, "social": 0, "listing": 0}, "date": "2017/12/01", "avg_totals": {"listing": 0, "story": 0, "transaction": 0, "social": 0}, "kcore": 0, "type": "tag", "id": "7566", "cumu_totals": {"listing": 0, "story": 0, "transaction": 0, "social": 0}}, {"nodemeta": ["story"], "stats": {}, "name": "good practices", "tags": [], "spells": [["2017/10/30", "2017/10/30"], ["2017/10/30", "2017/10/30"], ["2017/10/30", "2017/10/30"], ["2017/10/30", "2017/10/30"], ["2017/10/30", "2017/10/30"], ["2017/03/02", "2017/03/02"], ["2017/03/03", "2017/03/03"], ["2017/09/23", "2017/09/23"], ["2017/04/26", "2017/04/26"], ["2018/01/04", "2018/01/04"], ["2017/09/26", "2017/09/26"], ["2017/03/02", "2017/03/02"], ["2018/01/10", "2018/01/10"], ["2018/02/18", "2018/02/18"], ["2018/02/20", "2018/02/20"], ["2018/02/20", "2018/02/20"], ["2018/02/20", "2018/02/20"], ["2018/02/20", "2018/02/20"], ["2018/02/20", "2018/02/20"], ["2018/02/20", "2018/02/20"], ["2018/02/20", "2018/02/20"], ["2018/05/16", "2018/05/16"]], "tag_story": [["[7377,7567]", "2018/01/04", "2018/01/04"], ["[7384,7567]", "2018/01/10", "2018/01/10"]], "label": "tag_157", "edgetotals": {"transaction": 0, "story": 0, "social": 0, "listing": 0}, "date": "2017/12/01", "avg_totals": {"listing": 0, "story": 0, "transaction": 0, "social": 0}, "kcore": 0, "type": "tag", "id": "7567", "cumu_totals": {"listing": 0, "story": 0, "transaction": 0, "social": 0}}, {"nodemeta": ["story"], "stats": {}, "name": "goede voorbeelden", "tags": [], "spells": [["2017/03/02", "2017/03/02"], ["2017/03/03", "2017/03/03"], ["2017/09/23", "2017/09/23"], ["2017/04/26", "2017/04/26"], ["2018/01/04", "2018/01/04"], ["2017/09/26", "2017/09/26"], ["2017/03/02", "2017/03/02"]], "tag_story": [["[7377,7569]", "2018/01/04", "2018/01/04"]], "label": "tag_159", "edgetotals": {"transaction": 0, "story": 0, "social": 0, "listing": 0}, "date": "2017/12/01", "avg_totals": {"listing": 0, "story": 0, "transaction": 0, "social": 0}, "kcore": 0, "type": "tag", "id": "7569", "cumu_totals": {"listing": 0, "story": 0, "transaction": 0, "social": 0}}, {"nodemeta": ["story"], "stats": {}, "name": "wireless", "tags": [], "spells": [["2018/01/04", "2018/01/04"]], "tag_story": [["[7377,7594]", "2018/01/04", "2018/01/04"]], "label": "tag_190", "edgetotals": {"transaction": 0, "story": 0, "social": 0, "listing": 0}, "date": "2017/12/01", "avg_totals": {"listing": 0, "story": 0, "transaction": 0, "social": 0}, "kcore": 0, "type": "tag", "id": "7594", "cumu_totals": {"listing": 0, "story": 0, "transaction": 0, "social": 0}}, {"avg_totals": {"social": 0.0, "story": 4.0, "transaction": 0.0, "listing": 0.0}, "nodemeta": ["story"], "comment_story": [], "name": "Imposter72", "tags": [], "spells": [["2018/06/19", "2018/06/19"], ["2018/01/24", "2018/01/24"], ["2018/06/19", "2018/06/19"]], "label": "commoner_7", "edgetotals": {"transaction": 0, "story": 2.0, "social": 0, "listing": 0}, "date": "2017/12/01", "stats": {"2018/01/24": {"story": {"create_story": [1, 2]}}, "story": {"rcreate_story": [], "create_story": [["[7,7388]", "2018/01/24", "2018/01/24"]]}}, "kcore": 1, "type": "commoner", "id": "7", "create_story": [["[7,7388]", "2018/01/24", "2018/01/24"]], "cumu_totals": {"social": 0.0, "story": 1.0, "transaction": 0.0, "listing": 0.0}}, {"nodemeta": ["story", "story", "story"], "comment_story": [], "edgetotals": {"transaction": 0, "story": 2.0, "social": 0, "listing": 0}, "tags": ["migration", "privilege", "racism", "getajob", "visa"], "spells": [["2018/06/19", "2018/06/19"], ["2018/01/24", "2018/01/24"], ["2018/01/24", "2018/01/24"], ["2018/01/24", "2018/01/24"], ["2018/01/24", "2018/01/24"], ["2018/01/24", "2018/01/24"], ["2018/01/24", "2018/01/24"], ["2018/06/19", "2018/06/19"]], "title": "The African I Want, The Immigrant I Am", "tag_story": [["[7388,7677]", "2018/01/24", "2018/01/24"], ["[7388,7678]", "2018/01/24", "2018/01/24"], ["[7388,7679]", "2018/01/24", "2018/01/24"], ["[7388,7680]", "2018/01/24", "2018/01/24"], ["[7388,7681]", "2018/01/24", "2018/01/24"]], "label": "story_120", "avg_totals": {"social": 0.0, "story": 4.0, "transaction": 0.0, "listing": 0.0}, "date": "2017/12/01", "stats": {"2018/01/24": {"story": {"tag_story": [5, 0]}}, "story": {"rcreate_story": [], "rtag_story": [], "create_story": [["[7,7388]", "2018/01/24", "2018/01/24"]], "tag_story": [["[7388,7680]", "2018/01/24", "2018/01/24"], ["[7388,7678]", "2018/01/24", "2018/01/24"], ["[7388,7679]", "2018/01/24", "2018/01/24"], ["[7388,7677]", "2018/01/24", "2018/01/24"], ["[7388,7681]", "2018/01/24", "2018/01/24"]]}}, "kcore": 1, "type": "story", "id": "7388", "create_story": [["[7,7388]", "2018/01/24", "2018/01/24"]], "cumu_totals": {"social": 0.0, "story": 1.0, "transaction": 0.0, "listing": 0.0}}, {"nodemeta": ["story", "story", "story"], "stats": {"2018/01/10": {"story": {"tag_story": [4, 0]}}, "story": {"rcreate_story": [], "rtag_story": [], "create_story": [["[53,7383]", "2018/01/10", "2018/01/10"]], "tag_story": [["[7383,7649]", "2018/01/10", "2018/01/10"], ["[7383,7648]", "2018/01/10", "2018/01/10"], ["[7383,7645]", "2018/01/10", "2018/01/10"], ["[7383,7646]", "2018/01/10", "2018/01/10"]]}}, "title": " Communics \u2013 a project in comics-based digital storytelling to foster inclusion and mutual understanding between migrants and Italians", "spells": [["2018/01/10", "2018/01/10"], ["2018/01/10", "2018/01/10"], ["2018/01/10", "2018/01/10"], ["2018/01/10", "2018/01/10"], ["2018/01/10", "2018/01/10"]], "tag_story": [["[7383,7645]", "2018/01/10", "2018/01/10"], ["[7383,7646]", "2018/01/10", "2018/01/10"], ["[7383,7648]", "2018/01/10", "2018/01/10"], ["[7383,7649]", "2018/01/10", "2018/01/10"]], "label": "story_114", "tags": ["mutual understanding", "inclusion", "narration", "digital storytelling"], "edgetotals": {"transaction": 0, "story": 2.0, "social": 0, "listing": 0}, "date": "2017/12/01", "avg_totals": {"social": 0.0, "story": 4.0, "transaction": 0.0, "listing": 0.0}, "kcore": 1, "type": "story", "id": "7383", "create_story": [["[53,7383]", "2018/01/10", "2018/01/10"]], "cumu_totals": {"social": 0.0, "story": 1.0, "transaction": 0.0, "listing": 0.0}}, {"nodemeta": ["story", "story", "story"], "stats": {"story": {"rcreate_story": [], "rtag_story": [], "create_story": [["[37,7386]", "2018/01/22", "2018/01/22"]], "tag_story": [["[7386,7676]", "2018/01/22", "2018/01/22"], ["[7386,7674]", "2018/01/22", "2018/01/22"], ["[7386,7675]", "2018/01/22", "2018/01/22"], ["[7386,7672]", "2018/01/22", "2018/01/22"], ["[7386,7673]", "2018/01/22", "2018/01/22"]]}, "2018/01/22": {"story": {"tag_story": [5, 0]}}}, "title": "The Launch of The Manifesto for Commonfare", "spells": [["2018/01/22", "2018/01/22"], ["2018/01/22", "2018/01/22"], ["2018/01/22", "2018/01/22"], ["2018/01/22", "2018/01/22"], ["2018/01/22", "2018/01/22"], ["2018/01/22", "2018/01/22"]], "tag_story": [["[7386,7672]", "2018/01/22", "2018/01/22"], ["[7386,7673]", "2018/01/22", "2018/01/22"], ["[7386,7674]", "2018/01/22", "2018/01/22"], ["[7386,7675]", "2018/01/22", "2018/01/22"], ["[7386,7676]", "2018/01/22", "2018/01/22"]], "label": "story_118", "tags": ["moneylabreader", "institute of net cultures", "general intellect", "manifesto for commonfare", "commonwealth"], "edgetotals": {"transaction": 0, "story": 2.0, "social": 0, "listing": 0}, "date": "2017/12/01", "avg_totals": {"social": 0.0, "story": 4.0, "transaction": 0.0, "listing": 0.0}, "kcore": 1, "type": "story", "id": "7386", "create_story": [["[37,7386]", "2018/01/22", "2018/01/22"]], "cumu_totals": {"social": 0.0, "story": 1.0, "transaction": 0.0, "listing": 0.0}}, {"nodemeta": ["story", "story", "story"], "stats": {"story": {"rcreate_story": [], "rtag_story": [], "create_story": [["[57,7387]", "2018/01/23", "2018/01/23"]], "tag_story": [["[7387,7442]", "2018/01/23", "2018/01/23"], ["[7387,7486]", "2018/01/23", "2018/01/23"]]}, "2018/01/23": {"story": {"tag_story": [2, 0]}}}, "title": "", "spells": [["2018/01/23", "2018/01/23"], ["2018/01/23", "2018/01/23"], ["2018/01/23", "2018/01/23"]], "tag_story": [["[7387,7442]", "2018/01/23", "2018/01/23"], ["[7387,7486]", "2018/01/23", "2018/01/23"]], "label": "story_119", "tags": ["basic income", "bin italia"], "edgetotals": {"transaction": 0, "story": 2.0, "social": 0, "listing": 0}, "date": "2017/12/01", "avg_totals": {"social": 0.0, "story": 4.0, "transaction": 0.0, "listing": 0.0}, "kcore": 1, "type": "story", "id": "7387", "create_story": [["[57,7387]", "2018/01/23", "2018/01/23"]], "cumu_totals": {"social": 0.0, "story": 1.0, "transaction": 0.0, "listing": 0.0}}, {"nodemeta": ["story", "story", "story"], "stats": {"2018/01/10": {"story": {"tag_story": [15, 0]}}, "story": {"rcreate_story": [], "rtag_story": [], "create_story": [["[43,7384]", "2018/01/10", "2018/01/10"]], "tag_story": [["[7384,7567]", "2018/01/10", "2018/01/10"], ["[7384,7651]", "2018/01/10", "2018/01/10"], ["[7384,7669]", "2018/01/10", "2018/01/10"], ["[7384,7668]", "2018/01/10", "2018/01/10"], ["[7384,7652]", "2018/01/10", "2018/01/10"], ["[7384,7653]", "2018/01/10", "2018/01/10"], ["[7384,7654]", "2018/01/10", "2018/01/10"], ["[7384,7655]", "2018/01/10", "2018/01/10"], ["[7384,7656]", "2018/01/10", "2018/01/10"], ["[7384,7657]", "2018/01/10", "2018/01/10"], ["[7384,7658]", "2018/01/10", "2018/01/10"], ["[7384,7659]", "2018/01/10", "2018/01/10"], ["[7384,7641]", "2018/01/10", "2018/01/10"], ["[7384,7670]", "2018/01/10", "2018/01/10"], ["[7384,7671]", "2018/01/10", "2018/01/10"]]}}, "title": "Udruga MOST (The BRIDGE Association) and the Solidarity Supermarket", "spells": [["2018/01/10", "2018/01/10"], ["2018/01/10", "2018/01/10"], ["2018/01/10", "2018/01/10"], ["2018/01/10", "2018/01/10"], ["2018/01/10", "2018/01/10"], ["2018/01/10", "2018/01/10"], ["2018/01/10", "2018/01/10"], ["2018/01/10", "2018/01/10"], ["2018/01/10", "2018/01/10"], ["2018/01/10", "2018/01/10"], ["2018/01/10", "2018/01/10"], ["2018/01/10", "2018/01/10"], ["2018/01/10", "2018/01/10"], ["2018/01/10", "2018/01/10"], ["2018/01/10", "2018/01/10"], ["2018/01/10", "2018/01/10"]], "tag_story": [["[7384,7567]", "2018/01/10", "2018/01/10"], ["[7384,7641]", "2018/01/10", "2018/01/10"], ["[7384,7651]", "2018/01/10", "2018/01/10"], ["[7384,7652]", "2018/01/10", "2018/01/10"], ["[7384,7653]", "2018/01/10", "2018/01/10"], ["[7384,7654]", "2018/01/10", "2018/01/10"], ["[7384,7655]", "2018/01/10", "2018/01/10"], ["[7384,7656]", "2018/01/10", "2018/01/10"], ["[7384,7657]", "2018/01/10", "2018/01/10"], ["[7384,7658]", "2018/01/10", "2018/01/10"], ["[7384,7659]", "2018/01/10", "2018/01/10"], ["[7384,7668]", "2018/01/10", "2018/01/10"], ["[7384,7669]", "2018/01/10", "2018/01/10"], ["[7384,7670]", "2018/01/10", "2018/01/10"], ["[7384,7671]", "2018/01/10", "2018/01/10"]], "label": "story_115", "tags": ["socijalna samoposluga", "solidarnost", "good practices", "most", "homeless", "dobre prakse", "volunteerism", "social solidarity supermarket", "hunger", "behavioural problems", "support centre", "poverty alleviation", "social inclusion", "bezku\u010dnici", "glad"], "edgetotals": {"transaction": 0, "story": 2.0, "social": 0, "listing": 0}, "date": "2017/12/01", "avg_totals": {"social": 0.0, "story": 4.0, "transaction": 0.0, "listing": 0.0}, "kcore": 1, "type": "story", "id": "7384", "create_story": [["[43,7384]", "2018/01/10", "2018/01/10"]], "cumu_totals": {"social": 0.0, "story": 1.0, "transaction": 0.0, "listing": 0.0}}, {"nodemeta": ["story", "story", "story"], "stats": {"story": {"rcreate_story": [], "rtag_story": [], "create_story": [["[45,7385]", "2018/01/14", "2018/01/14"]], "tag_story": [["[7385,7602]", "2018/01/14", "2018/01/14"], ["[7385,7661]", "2018/01/14", "2018/01/14"], ["[7385,7660]", "2018/01/14", "2018/01/14"], ["[7385,7663]", "2018/01/14", "2018/01/14"], ["[7385,7662]", "2018/01/14", "2018/01/14"], ["[7385,7665]", "2018/01/14", "2018/01/14"], ["[7385,7664]", "2018/01/14", "2018/01/14"], ["[7385,7667]", "2018/01/14", "2018/01/14"], ["[7385,7666]", "2018/01/14", "2018/01/14"]]}, "2018/01/14": {"story": {"tag_story": [9, 0]}}}, "title": "CommonPoly", "spells": [["2018/01/14", "2018/01/14"], ["2018/01/14", "2018/01/14"], ["2018/01/14", "2018/01/14"], ["2018/01/14", "2018/01/14"], ["2018/01/14", "2018/01/14"], ["2018/01/14", "2018/01/14"], ["2018/01/14", "2018/01/14"], ["2018/01/14", "2018/01/14"], ["2018/01/14", "2018/01/14"], ["2018/01/14", "2018/01/14"]], "tag_story": [["[7385,7602]", "2018/01/14", "2018/01/14"], ["[7385,7660]", "2018/01/14", "2018/01/14"], ["[7385,7661]", "2018/01/14", "2018/01/14"], ["[7385,7662]", "2018/01/14", "2018/01/14"], ["[7385,7663]", "2018/01/14", "2018/01/14"], ["[7385,7664]", "2018/01/14", "2018/01/14"], ["[7385,7665]", "2018/01/14", "2018/01/14"], ["[7385,7666]", "2018/01/14", "2018/01/14"], ["[7385,7667]", "2018/01/14", "2018/01/14"]], "label": "story_116", "tags": ["currency", "commonpoly", "economie", "economics", "participatory design", "design", "spel", "game", "cryptocurrency"], "edgetotals": {"transaction": 0, "story": 2.0, "social": 0, "listing": 0}, "date": "2017/12/01", "avg_totals": {"social": 0.0, "story": 4.0, "transaction": 0.0, "listing": 0.0}, "kcore": 1, "type": "story", "id": "7385", "create_story": [["[45,7385]", "2018/01/14", "2018/01/14"]], "cumu_totals": {"social": 0.0, "story": 1.0, "transaction": 0.0, "listing": 0.0}}, {"nodemeta": ["story"], "stats": {}, "name": "most", "tags": [], "spells": [["2018/01/10", "2018/01/10"]], "tag_story": [["[7384,7651]", "2018/01/10", "2018/01/10"]], "label": "tag_247", "edgetotals": {"transaction": 0, "story": 0, "social": 0, "listing": 0}, "date": "2017/12/01", "avg_totals": {"listing": 0, "story": 0, "transaction": 0, "social": 0}, "kcore": 0, "type": "tag", "id": "7651", "cumu_totals": {"listing": 0, "story": 0, "transaction": 0, "social": 0}}, {"nodemeta": ["story"], "stats": {}, "name": "homeless", "tags": [], "spells": [["2018/01/10", "2018/01/10"]], "tag_story": [["[7384,7652]", "2018/01/10", "2018/01/10"]], "label": "tag_248", "edgetotals": {"transaction": 0, "story": 0, "social": 0, "listing": 0}, "date": "2017/12/01", "avg_totals": {"listing": 0, "story": 0, "transaction": 0, "social": 0}, "kcore": 0, "type": "tag", "id": "7652", "cumu_totals": {"listing": 0, "story": 0, "transaction": 0, "social": 0}}, {"nodemeta": ["story"], "stats": {}, "name": "volunteerism", "tags": [], "spells": [["2018/01/10", "2018/01/10"]], "tag_story": [["[7384,7653]", "2018/01/10", "2018/01/10"]], "label": "tag_249", "edgetotals": {"transaction": 0, "story": 0, "social": 0, "listing": 0}, "date": "2017/12/01", "avg_totals": {"listing": 0, "story": 0, "transaction": 0, "social": 0}, "kcore": 0, "type": "tag", "id": "7653", "cumu_totals": {"listing": 0, "story": 0, "transaction": 0, "social": 0}}, {"nodemeta": ["story"], "stats": {}, "name": "social solidarity supermarket", "tags": [], "spells": [["2018/01/10", "2018/01/10"]], "tag_story": [["[7384,7654]", "2018/01/10", "2018/01/10"]], "label": "tag_250", "edgetotals": {"transaction": 0, "story": 0, "social": 0, "listing": 0}, "date": "2017/12/01", "avg_totals": {"listing": 0, "story": 0, "transaction": 0, "social": 0}, "kcore": 0, "type": "tag", "id": "7654", "cumu_totals": {"listing": 0, "story": 0, "transaction": 0, "social": 0}}, {"nodemeta": ["story"], "stats": {}, "name": "hunger", "tags": [], "spells": [["2018/01/10", "2018/01/10"]], "tag_story": [["[7384,7655]", "2018/01/10", "2018/01/10"]], "label": "tag_251", "edgetotals": {"transaction": 0, "story": 0, "social": 0, "listing": 0}, "date": "2017/12/01", "avg_totals": {"listing": 0, "story": 0, "transaction": 0, "social": 0}, "kcore": 0, "type": "tag", "id": "7655", "cumu_totals": {"listing": 0, "story": 0, "transaction": 0, "social": 0}}, {"nodemeta": ["story"], "stats": {}, "name": "behavioural problems", "tags": [], "spells": [["2018/01/10", "2018/01/10"]], "tag_story": [["[7384,7656]", "2018/01/10", "2018/01/10"]], "label": "tag_252", "edgetotals": {"transaction": 0, "story": 0, "social": 0, "listing": 0}, "date": "2017/12/01", "avg_totals": {"listing": 0, "story": 0, "transaction": 0, "social": 0}, "kcore": 0, "type": "tag", "id": "7656", "cumu_totals": {"listing": 0, "story": 0, "transaction": 0, "social": 0}}, {"nodemeta": ["story"], "stats": {}, "name": "support centre", "tags": [], "spells": [["2018/01/10", "2018/01/10"]], "tag_story": [["[7384,7657]", "2018/01/10", "2018/01/10"]], "label": "tag_253", "edgetotals": {"transaction": 0, "story": 0, "social": 0, "listing": 0}, "date": "2017/12/01", "avg_totals": {"listing": 0, "story": 0, "transaction": 0, "social": 0}, "kcore": 0, "type": "tag", "id": "7657", "cumu_totals": {"listing": 0, "story": 0, "transaction": 0, "social": 0}}, {"nodemeta": ["story"], "stats": {}, "name": "poverty alleviation", "tags": [], "spells": [["2018/01/10", "2018/01/10"]], "tag_story": [["[7384,7658]", "2018/01/10", "2018/01/10"]], "label": "tag_254", "edgetotals": {"transaction": 0, "story": 0, "social": 0, "listing": 0}, "date": "2017/12/01", "avg_totals": {"listing": 0, "story": 0, "transaction": 0, "social": 0}, "kcore": 0, "type": "tag", "id": "7658", "cumu_totals": {"listing": 0, "story": 0, "transaction": 0, "social": 0}}, {"nodemeta": ["story"], "stats": {}, "name": "social inclusion", "tags": [], "spells": [["2018/01/10", "2018/01/10"], ["2018/02/20", "2018/02/20"]], "tag_story": [["[7384,7659]", "2018/01/10", "2018/01/10"]], "label": "tag_255", "edgetotals": {"transaction": 0, "story": 0, "social": 0, "listing": 0}, "date": "2017/12/01", "avg_totals": {"listing": 0, "story": 0, "transaction": 0, "social": 0}, "kcore": 0, "type": "tag", "id": "7659", "cumu_totals": {"listing": 0, "story": 0, "transaction": 0, "social": 0}}, {"nodemeta": ["story"], "stats": {}, "name": "racism", "tags": [], "spells": [["2018/01/24", "2018/01/24"]], "tag_story": [["[7388,7678]", "2018/01/24", "2018/01/24"]], "label": "tag_279", "edgetotals": {"transaction": 0, "story": 0, "social": 0, "listing": 0}, "date": "2017/12/01", "avg_totals": {"listing": 0, "story": 0, "transaction": 0, "social": 0}, "kcore": 0, "type": "tag", "id": "7678", "cumu_totals": {"listing": 0, "story": 0, "transaction": 0, "social": 0}}, {"nodemeta": ["story"], "stats": {}, "name": "privilege", "tags": [], "spells": [["2018/01/24", "2018/01/24"]], "tag_story": [["[7388,7679]", "2018/01/24", "2018/01/24"]], "label": "tag_280", "edgetotals": {"transaction": 0, "story": 0, "social": 0, "listing": 0}, "date": "2017/12/01", "avg_totals": {"listing": 0, "story": 0, "transaction": 0, "social": 0}, "kcore": 0, "type": "tag", "id": "7679", "cumu_totals": {"listing": 0, "story": 0, "transaction": 0, "social": 0}}, {"nodemeta": ["story"], "stats": {}, "name": "moneylabreader", "tags": [], "spells": [["2018/01/22", "2018/01/22"]], "tag_story": [["[7386,7676]", "2018/01/22", "2018/01/22"]], "label": "tag_277", "edgetotals": {"transaction": 0, "story": 0, "social": 0, "listing": 0}, "date": "2017/12/01", "avg_totals": {"listing": 0, "story": 0, "transaction": 0, "social": 0}, "kcore": 0, "type": "tag", "id": "7676", "cumu_totals": {"listing": 0, "story": 0, "transaction": 0, "social": 0}}, {"kcore": 0, "stats": {}, "name": "migration", "tags": [], "spells": [["2018/01/24", "2018/01/24"], ["2017/10/04", "2017/10/04"], ["2018/06/23", "2018/06/23"]], "tag_story": [["[7388,7677]", "2018/01/24", "2018/01/24"]], "label": "tag_278", "cumu_totals": {"listing": 0, "story": 0, "transaction": 0, "social": 0}, "edgetotals": {"transaction": 0, "story": 0, "social": 0, "listing": 0}, "date": "2017/12/01", "avg_totals": {"listing": 0, "story": 0, "transaction": 0, "social": 0}, "nodemeta": ["story"], "type": "tag", "id": "7677", "tag_commoner": []}, {"nodemeta": ["story"], "stats": {}, "name": "institute of net cultures", "tags": [], "spells": [["2018/01/22", "2018/01/22"]], "tag_story": [["[7386,7674]", "2018/01/22", "2018/01/22"]], "label": "tag_275", "edgetotals": {"transaction": 0, "story": 0, "social": 0, "listing": 0}, "date": "2017/12/01", "avg_totals": {"listing": 0, "story": 0, "transaction": 0, "social": 0}, "kcore": 0, "type": "tag", "id": "7674", "cumu_totals": {"listing": 0, "story": 0, "transaction": 0, "social": 0}}, {"nodemeta": ["story"], "stats": {}, "name": "general intellect", "tags": [], "spells": [["2018/01/22", "2018/01/22"], ["2018/03/19", "2018/03/19"]], "tag_story": [["[7386,7675]", "2018/01/22", "2018/01/22"]], "label": "tag_276", "edgetotals": {"transaction": 0, "story": 0, "social": 0, "listing": 0}, "date": "2017/12/01", "avg_totals": {"listing": 0, "story": 0, "transaction": 0, "social": 0}, "kcore": 0, "type": "tag", "id": "7675", "cumu_totals": {"listing": 0, "story": 0, "transaction": 0, "social": 0}}, {"nodemeta": ["story"], "stats": {}, "name": "manifesto for commonfare", "tags": [], "spells": [["2018/01/22", "2018/01/22"]], "tag_story": [["[7386,7672]", "2018/01/22", "2018/01/22"]], "label": "tag_273", "edgetotals": {"transaction": 0, "story": 0, "social": 0, "listing": 0}, "date": "2017/12/01", "avg_totals": {"listing": 0, "story": 0, "transaction": 0, "social": 0}, "kcore": 0, "type": "tag", "id": "7672", "cumu_totals": {"listing": 0, "story": 0, "transaction": 0, "social": 0}}, {"nodemeta": ["story"], "stats": {}, "name": "commonwealth", "tags": [], "spells": [["2018/01/22", "2018/01/22"]], "tag_story": [["[7386,7673]", "2018/01/22", "2018/01/22"]], "label": "tag_274", "edgetotals": {"transaction": 0, "story": 0, "social": 0, "listing": 0}, "date": "2017/12/01", "avg_totals": {"listing": 0, "story": 0, "transaction": 0, "social": 0}, "kcore": 0, "type": "tag", "id": "7673", "cumu_totals": {"listing": 0, "story": 0, "transaction": 0, "social": 0}}, {"nodemeta": ["story"], "stats": {}, "name": "bezku\u010dnici", "tags": [], "spells": [["2018/01/10", "2018/01/10"]], "tag_story": [["[7384,7670]", "2018/01/10", "2018/01/10"]], "label": "tag_266", "edgetotals": {"transaction": 0, "story": 0, "social": 0, "listing": 0}, "date": "2017/12/01", "avg_totals": {"listing": 0, "story": 0, "transaction": 0, "social": 0}, "kcore": 0, "type": "tag", "id": "7670", "cumu_totals": {"listing": 0, "story": 0, "transaction": 0, "social": 0}}, {"nodemeta": ["story"], "stats": {}, "name": "glad", "tags": [], "spells": [["2018/01/10", "2018/01/10"]], "tag_story": [["[7384,7671]", "2018/01/10", "2018/01/10"]], "label": "tag_267", "edgetotals": {"transaction": 0, "story": 0, "social": 0, "listing": 0}, "date": "2017/12/01", "avg_totals": {"listing": 0, "story": 0, "transaction": 0, "social": 0}, "kcore": 0, "type": "tag", "id": "7671", "cumu_totals": {"listing": 0, "story": 0, "transaction": 0, "social": 0}}, {"nodemeta": ["story"], "stats": {}, "name": "basic income", "tags": [], "spells": [["2017/09/30", "2017/09/30"], ["2017/04/26", "2017/04/26"], ["2018/01/23", "2018/01/23"]], "tag_story": [["[7387,7442]", "2018/01/23", "2018/01/23"]], "label": "tag_5", "edgetotals": {"transaction": 0, "story": 0, "social": 0, "listing": 0}, "date": "2017/12/01", "avg_totals": {"listing": 0, "story": 0, "transaction": 0, "social": 0}, "kcore": 0, "type": "tag", "id": "7442", "cumu_totals": {"listing": 0, "story": 0, "transaction": 0, "social": 0}}, {"nodemeta": ["story"], "stats": {}, "name": "bin italia", "tags": [], "spells": [["2017/11/15", "2017/11/15"], ["2018/01/23", "2018/01/23"], ["2018/03/19", "2018/03/19"]], "tag_story": [["[7387,7486]", "2018/01/23", "2018/01/23"]], "label": "tag_70", "edgetotals": {"transaction": 0, "story": 0, "social": 0, "listing": 0}, "date": "2017/12/01", "avg_totals": {"listing": 0, "story": 0, "transaction": 0, "social": 0}, "kcore": 0, "type": "tag", "id": "7486", "cumu_totals": {"listing": 0, "story": 0, "transaction": 0, "social": 0}}, {"avg_totals": {"social": 0.0, "story": 4.0, "transaction": 0.0, "listing": 0.0}, "transaction": [], "comment_story": [], "name": "Commonfare", "tags": [], "spells": [["2017/11/10", "2017/11/10"], ["2017/11/15", "2017/11/15"], ["2017/11/15", "2017/11/15"], ["2017/11/15", "2017/11/15"], ["2017/09/01", "2017/09/01"], ["2017/09/01", "2017/09/01"], ["2017/09/01", "2017/09/01"], ["2017/09/01", "2017/09/01"], ["2017/09/01", "2017/09/01"], ["2017/09/01", "2017/09/01"], ["2017/09/01", "2017/09/01"], ["2017/09/01", "2017/09/01"], ["2017/09/01", "2017/09/01"], ["2017/09/01", "2017/09/01"], ["2017/09/01", "2017/09/01"], ["2017/09/01", "2017/09/01"], ["2017/09/01", "2017/09/01"], ["2017/09/01", "2017/09/01"], ["2017/09/01", "2017/09/01"], ["2017/09/01", "2017/09/01"], ["2017/09/01", "2017/09/01"], ["2017/09/01", "2017/09/01"], ["2017/09/01", "2017/09/01"], ["2017/09/01", "2017/09/01"], ["2017/09/01", "2017/09/01"], ["2017/09/01", "2017/09/01"], ["2017/09/01", "2017/09/01"], ["2017/09/01", "2017/09/01"], ["2017/09/01", "2017/09/01"], ["2017/09/01", "2017/09/01"], ["2017/09/01", "2017/09/01"], ["2017/09/01", "2017/09/01"], ["2017/09/01", "2017/09/01"], ["2017/09/01", "2017/09/01"], ["2017/09/01", "2017/09/01"], ["2017/09/01", "2017/09/01"], ["2017/09/01", "2017/09/01"], ["2017/09/01", "2017/09/01"], ["2017/09/01", "2017/09/01"], ["2017/09/01", "2017/09/01"], ["2017/09/01", "2017/09/01"], ["2017/09/01", "2017/09/01"], ["2017/09/01", "2017/09/01"], ["2017/09/01", "2017/09/01"], ["2017/09/01", "2017/09/01"], ["2017/09/01", "2017/09/01"], ["2017/09/01", "2017/09/01"], ["2017/09/01", "2017/09/01"], ["2017/09/01", "2017/09/01"], ["2017/09/01", "2017/09/01"], ["2017/09/01", "2017/09/01"], ["2017/09/01", "2017/09/01"], ["2017/09/01", "2017/09/01"], ["2017/09/01", "2017/09/01"], ["2017/09/01", "2017/09/01"], ["2017/09/01", "2017/09/01"], ["2017/09/01", "2017/09/01"], ["2017/09/01", "2017/09/01"], ["2017/09/01", "2017/09/01"], ["2017/09/01", "2017/09/01"], ["2017/09/01", "2017/09/01"], ["2018/01/22", "2018/01/22"], ["2018/05/24", "2018/05/24"], ["2018/06/12", "2018/06/12"], ["2018/06/13", "2018/06/13"], ["2018/07/05", "2018/07/05"], ["2018/07/09", "2018/07/09"], ["2018/07/09", "2018/07/09"], ["2018/06/14", "2018/06/14"], ["2018/06/14", "2018/06/14"], ["2018/06/19", "2018/06/19"], ["2018/06/19", "2018/06/19"], ["2018/06/20", "2018/06/20"], ["2018/06/25", "2018/06/25"], ["2018/06/25", "2018/06/25"], ["2018/06/25", "2018/06/25"], ["2018/06/25", "2018/06/25"], ["2018/06/25", "2018/06/25"], ["2018/06/28", "2018/06/28"], ["2018/06/28", "2018/06/28"], ["2018/07/02", "2018/07/02"], ["2018/07/02", "2018/07/02"], ["2018/07/02", "2018/07/02"], ["2018/07/02", "2018/07/02"], ["2018/07/02", "2018/07/02"], ["2018/07/02", "2018/07/02"], ["2018/06/21", "2018/06/25"], ["2018/06/21", "2018/06/30"], ["2018/06/21", "2018/06/21"], ["2018/06/21", "2018/06/30"], ["2018/06/21", "2018/06/26"], ["2018/06/23", "2018/06/26"], ["2018/06/13", "2018/06/13"], ["2018/06/14", "2018/06/14"], ["2018/06/14", "2018/06/14"], ["2018/06/14", "2018/06/14"], ["2018/06/14", "2018/06/14"], ["2018/06/14", "2018/06/14"], ["2018/06/18", "2018/06/18"], ["2018/06/25", "2018/06/25"], ["2018/06/27", "2018/06/27"], ["2018/06/27", "2018/06/27"]], "comment_listing": [], "create_listing": [], "kcore": 1, "conversation": [], "edgetotals": {"transaction": 0, "story": 2.0, "social": 0, "listing": 0}, "label": "commoner_48", "date": "2017/12/01", "stats": {"story": {"rcreate_story": [], "create_story": [["[37,7386]", "2018/01/22", "2018/01/22"]]}, "2018/01/22": {"story": {"create_story": [1, 2]}}}, "nodemeta": ["story"], "type": "commoner", "id": "37", "create_story": [["[37,7386]", "2018/01/22", "2018/01/22"]], "cumu_totals": {"social": 0.0, "story": 1.0, "transaction": 0.0, "listing": 0.0}}, {"kcore": 0, "stats": {}, "name": "sociaal", "tags": [], "spells": [["2017/09/01", "2017/09/01"], ["2017/09/01", "2017/09/01"], ["2017/09/01", "2017/09/01"], ["2017/09/01", "2017/09/01"], ["2017/09/01", "2017/09/01"], ["2017/09/01", "2017/09/01"], ["2017/09/01", "2017/09/01"], ["2017/09/01", "2017/09/01"], ["2017/09/01", "2017/09/01"], ["2017/09/01", "2017/09/01"], ["2018/01/05", "2018/01/05"]], "tag_story": [], "label": "tag_102", "cumu_totals": {"listing": 0, "story": 0, "transaction": 0, "social": 0}, "edgetotals": {"transaction": 0, "story": 0, "social": 0, "listing": 0}, "date": "2017/12/01", "avg_totals": {"listing": 0, "story": 0, "transaction": 0, "social": 0}, "nodemeta": ["social"], "type": "tag", "id": "7514", "tag_commoner": [["[49,7514]", "2018/01/05", "2018/01/05"]]}, {"tag_commoner": [["[49,7514]", "2018/01/05", "2018/01/05"], ["[49,7780]", "2018/01/05", "2018/01/05"]], "transaction": [], "stats": {}, "name": "DPL", "tags": ["sociaal", "kunst"], "spells": [["2018/06/19", "2018/06/19"], ["2018/06/19", "2018/06/19"], ["2018/06/19", "2018/06/19"], ["2018/06/19", "2018/06/19"], ["2018/01/05", "2018/01/05"], ["2018/01/05", "2018/01/05"]], "label": "commoner_60", "kcore": 0, "conversation": [], "edgetotals": {"transaction": 0, "story": 0, "social": 0, "listing": 0}, "date": "2017/12/01", "avg_totals": {"listing": 0, "story": 0, "transaction": 0, "social": 0}, "nodemeta": ["social"], "type": "commoner", "id": "49", "create_story": [], "cumu_totals": {"listing": 0, "story": 0, "transaction": 0, "social": 0}}, {"nodemeta": ["story"], "avg_totals": {"social": 0.0, "story": 4.0, "transaction": 0.0, "listing": 0.0}, "transaction": [], "comment_story": [], "tag_commoner": [], "tags": [], "spells": [["2016/06/01", "2016/06/01"], ["2017/03/02", "2017/03/02"], ["2017/03/03", "2017/03/03"], ["2017/09/23", "2017/09/23"], ["2017/04/26", "2017/04/26"], ["2018/01/04", "2018/01/04"], ["2017/10/31", "2017/10/31"], ["2017/10/21", "2017/10/21"], ["2017/09/26", "2017/09/26"], ["2017/05/31", "2017/05/31"], ["2017/03/02", "2017/03/02"], ["2018/01/14", "2018/01/14"], ["2018/02/02", "2018/02/02"], ["2017/12/28", "2017/12/28"], ["2017/12/28", "2017/12/28"], ["2017/12/28", "2017/12/28"], ["2017/12/28", "2017/12/28"], ["2018/06/27", "2018/06/27"], ["2018/06/27", "2018/06/27"], ["2018/06/28", "2018/06/28"], ["2018/06/28", "2018/06/28"], ["2018/06/19", "2018/06/19"], ["2018/06/19", "2018/06/19"], ["2018/06/19", "2018/06/19"]], "name": "Museu da Crise", "kcore": 1, "conversation": [], "edgetotals": {"transaction": 0, "story": 4.0, "social": 0, "listing": 0}, "date": "2017/12/01", "stats": {"story": {"rcreate_story": [], "create_story": [["[45,7377]", "2018/01/04", "2018/01/04"], ["[45,7385]", "2018/01/14", "2018/01/14"]]}, "2018/01/14": {"story": {"create_story": [1, 2]}}, "2018/01/04": {"story": {"create_story": [1, 2]}}}, "label": "commoner_56", "type": "commoner", "id": "45", "create_story": [["[45,7377]", "2018/01/04", "2018/01/04"], ["[45,7385]", "2018/01/14", "2018/01/14"]], "cumu_totals": {"social": 0.0, "story": 1.0, "transaction": 0.0, "listing": 0.0}}, {"nodemeta": ["story"], "stats": {"2018/01/10": {"story": {"create_story": [1, 2]}}, "story": {"rcreate_story": [], "create_story": [["[43,7384]", "2018/01/10", "2018/01/10"]]}}, "name": "Centar za mirovne studije_Zagreb", "tags": [], "spells": [["2017/11/28", "2017/11/28"], ["2018/01/10", "2018/01/10"]], "label": "commoner_54", "edgetotals": {"transaction": 0, "story": 2.0, "social": 0, "listing": 0}, "date": "2017/12/01", "avg_totals": {"social": 0.0, "story": 4.0, "transaction": 0.0, "listing": 0.0}, "kcore": 1, "type": "commoner", "id": "43", "create_story": [["[43,7384]", "2018/01/10", "2018/01/10"]], "cumu_totals": {"social": 0.0, "story": 1.0, "transaction": 0.0, "listing": 0.0}}, {"nodemeta": ["story"], "stats": {}, "name": "visa", "tags": [], "spells": [["2018/01/24", "2018/01/24"]], "tag_story": [["[7388,7681]", "2018/01/24", "2018/01/24"]], "label": "tag_282", "edgetotals": {"transaction": 0, "story": 0, "social": 0, "listing": 0}, "date": "2017/12/01", "avg_totals": {"listing": 0, "story": 0, "transaction": 0, "social": 0}, "kcore": 0, "type": "tag", "id": "7681", "cumu_totals": {"listing": 0, "story": 0, "transaction": 0, "social": 0}}, {"nodemeta": ["story"], "stats": {}, "name": "getajob", "tags": [], "spells": [["2018/01/24", "2018/01/24"]], "tag_story": [["[7388,7680]", "2018/01/24", "2018/01/24"]], "label": "tag_281", "edgetotals": {"transaction": 0, "story": 0, "social": 0, "listing": 0}, "date": "2017/12/01", "avg_totals": {"listing": 0, "story": 0, "transaction": 0, "social": 0}, "kcore": 0, "type": "tag", "id": "7680", "cumu_totals": {"listing": 0, "story": 0, "transaction": 0, "social": 0}}, {"nodemeta": ["story"], "avg_totals": {"social": 0.0, "story": 4.0, "transaction": 0.0, "listing": 0.0}, "transaction": [], "comment_story": [], "name": "BIN Italia", "tags": [], "spells": [["2018/01/23", "2018/01/23"], ["2018/02/18", "2018/02/18"], ["2018/02/20", "2018/02/20"], ["2018/02/20", "2018/02/20"], ["2018/02/20", "2018/02/20"], ["2018/02/20", "2018/02/20"], ["2018/02/20", "2018/02/20"], ["2018/02/20", "2018/02/20"], ["2018/02/20", "2018/02/20"], ["2018/03/01", "2018/03/01"], ["2018/03/19", "2018/03/19"], ["2018/03/21", "2018/03/21"], ["2018/04/16", "2018/04/16"], ["2018/05/16", "2018/05/16"], ["2018/07/05", "2018/07/05"], ["2018/03/01", "2018/03/01"], ["2018/03/09", "2018/03/09"], ["2018/03/09", "2018/03/09"], ["2018/05/03", "2018/05/03"], ["2018/05/11", "2018/05/11"], ["2018/05/11", "2018/05/11"], ["2018/05/14", "2018/05/14"], ["2018/05/14", "2018/05/14"], ["2018/05/24", "2018/05/24"], ["2018/06/18", "2018/06/18"], ["2018/06/18", "2018/06/18"], ["2018/06/18", "2018/06/18"], ["2018/06/18", "2018/06/18"], ["2018/06/19", "2018/06/19"], ["2018/06/19", "2018/06/19"], ["2018/06/28", "2018/06/28"], ["2018/06/28", "2018/06/28"], ["2018/05/01", "2018/05/01"], ["2018/06/15", "2018/06/15"], ["2018/06/15", "2018/06/15"], ["2018/07/05", "2018/07/05"]], "label": "commoner_68", "conversation": [], "edgetotals": {"transaction": 0, "story": 2.0, "social": 0, "listing": 0}, "date": "2017/12/01", "stats": {"story": {"rcreate_story": [], "create_story": [["[57,7387]", "2018/01/23", "2018/01/23"]]}, "2018/01/23": {"story": {"create_story": [1, 2]}}}, "kcore": 1, "type": "commoner", "id": "57", "create_story": [["[57,7387]", "2018/01/23", "2018/01/23"]], "cumu_totals": {"social": 0.0, "story": 1.0, "transaction": 0.0, "listing": 0.0}}, {"nodemeta": ["story"], "transaction": [], "stats": {"2018/01/10": {"story": {"create_story": [1, 2]}}, "story": {"rcreate_story": [], "create_story": [["[53,7383]", "2018/01/10", "2018/01/10"]]}}, "name": "carolina.beniamina.rutta", "tags": [], "spells": [["2018/01/10", "2018/01/10"], ["2018/06/25", "2018/06/25"]], "label": "commoner_64", "edgetotals": {"transaction": 0, "story": 2.0, "social": 0, "listing": 0}, "date": "2017/12/01", "avg_totals": {"social": 0.0, "story": 4.0, "transaction": 0.0, "listing": 0.0}, "kcore": 1, "type": "commoner", "id": "53", "create_story": [["[53,7383]", "2018/01/10", "2018/01/10"]], "cumu_totals": {"social": 0.0, "story": 1.0, "transaction": 0.0, "listing": 0.0}}, {"nodemeta": ["social"], "stats": {}, "tag_commoner": [["[49,7780]", "2018/01/05", "2018/01/05"]], "tags": [], "spells": [["2018/01/05", "2018/01/05"]], "label": "tag_403", "name": "kunst", "edgetotals": {"transaction": 0, "story": 0, "social": 0, "listing": 0}, "date": "2017/12/01", "avg_totals": {"listing": 0, "story": 0, "transaction": 0, "social": 0}, "kcore": 0, "type": "tag", "id": "7780", "cumu_totals": {"listing": 0, "story": 0, "transaction": 0, "social": 0}}, {"nodemeta": ["story", "story", "story"], "stats": {"story": {"rcreate_story": [], "rtag_story": [], "create_story": [["[45,7377]", "2018/01/04", "2018/01/04"]], "tag_story": [["[7377,7566]", "2018/01/04", "2018/01/04"], ["[7377,7567]", "2018/01/04", "2018/01/04"], ["[7377,7594]", "2018/01/04", "2018/01/04"], ["[7377,7599]", "2018/01/04", "2018/01/04"], ["[7377,7598]", "2018/01/04", "2018/01/04"], ["[7377,7597]", "2018/01/04", "2018/01/04"], ["[7377,7596]", "2018/01/04", "2018/01/04"], ["[7377,7595]", "2018/01/04", "2018/01/04"], ["[7377,7593]", "2018/01/04", "2018/01/04"], ["[7377,7592]", "2018/01/04", "2018/01/04"], ["[7377,7569]", "2018/01/04", "2018/01/04"]]}, "2018/01/04": {"story": {"tag_story": [11, 0]}}}, "title": "Wireless Leiden", "spells": [["2018/01/04", "2018/01/04"], ["2018/01/04", "2018/01/04"], ["2018/01/04", "2018/01/04"], ["2018/01/04", "2018/01/04"], ["2018/01/04", "2018/01/04"], ["2018/01/04", "2018/01/04"], ["2018/01/04", "2018/01/04"], ["2018/01/04", "2018/01/04"], ["2018/01/04", "2018/01/04"], ["2018/01/04", "2018/01/04"], ["2018/01/04", "2018/01/04"], ["2018/01/04", "2018/01/04"]], "tag_story": [["[7377,7566]", "2018/01/04", "2018/01/04"], ["[7377,7567]", "2018/01/04", "2018/01/04"], ["[7377,7569]", "2018/01/04", "2018/01/04"], ["[7377,7592]", "2018/01/04", "2018/01/04"], ["[7377,7593]", "2018/01/04", "2018/01/04"], ["[7377,7594]", "2018/01/04", "2018/01/04"], ["[7377,7595]", "2018/01/04", "2018/01/04"], ["[7377,7596]", "2018/01/04", "2018/01/04"], ["[7377,7597]", "2018/01/04", "2018/01/04"], ["[7377,7598]", "2018/01/04", "2018/01/04"], ["[7377,7599]", "2018/01/04", "2018/01/04"]], "label": "story_108", "tags": ["gratis", "good practices", "goede voorbeelden", "free", "internet", "iot", "internet of things", "draadloos", "wireless", "free internet", "gratis internet"], "edgetotals": {"transaction": 0, "story": 2.0, "social": 0, "listing": 0}, "date": "2017/12/01", "avg_totals": {"social": 0.0, "story": 4.0, "transaction": 0.0, "listing": 0.0}, "kcore": 1, "type": "story", "id": "7377", "create_story": [["[45,7377]", "2018/01/04", "2018/01/04"]], "cumu_totals": {"social": 0.0, "story": 1.0, "transaction": 0.0, "listing": 0.0}}, {"nodemeta": ["story"], "stats": {}, "name": "free", "tags": [], "spells": [["2018/01/04", "2018/01/04"]], "tag_story": [["[7377,7599]", "2018/01/04", "2018/01/04"]], "label": "tag_195", "edgetotals": {"transaction": 0, "story": 0, "social": 0, "listing": 0}, "date": "2017/12/01", "avg_totals": {"listing": 0, "story": 0, "transaction": 0, "social": 0}, "kcore": 0, "type": "tag", "id": "7599", "cumu_totals": {"listing": 0, "story": 0, "transaction": 0, "social": 0}}, {"nodemeta": ["story"], "stats": {}, "name": "internet", "tags": [], "spells": [["2018/01/04", "2018/01/04"]], "tag_story": [["[7377,7598]", "2018/01/04", "2018/01/04"]], "label": "tag_194", "edgetotals": {"transaction": 0, "story": 0, "social": 0, "listing": 0}, "date": "2017/12/01", "avg_totals": {"listing": 0, "story": 0, "transaction": 0, "social": 0}, "kcore": 0, "type": "tag", "id": "7598", "cumu_totals": {"listing": 0, "story": 0, "transaction": 0, "social": 0}}, {"nodemeta": ["story"], "stats": {}, "name": "iot", "tags": [], "spells": [["2018/01/04", "2018/01/04"]], "tag_story": [["[7377,7597]", "2018/01/04", "2018/01/04"]], "label": "tag_193", "edgetotals": {"transaction": 0, "story": 0, "social": 0, "listing": 0}, "date": "2017/12/01", "avg_totals": {"listing": 0, "story": 0, "transaction": 0, "social": 0}, "kcore": 0, "type": "tag", "id": "7597", "cumu_totals": {"listing": 0, "story": 0, "transaction": 0, "social": 0}}, {"nodemeta": ["story"], "stats": {}, "name": "internet of things", "tags": [], "spells": [["2018/01/04", "2018/01/04"]], "tag_story": [["[7377,7596]", "2018/01/04", "2018/01/04"]], "label": "tag_192", "edgetotals": {"transaction": 0, "story": 0, "social": 0, "listing": 0}, "date": "2017/12/01", "avg_totals": {"listing": 0, "story": 0, "transaction": 0, "social": 0}, "kcore": 0, "type": "tag", "id": "7596", "cumu_totals": {"listing": 0, "story": 0, "transaction": 0, "social": 0}}, {"nodemeta": ["story"], "stats": {}, "name": "draadloos", "tags": [], "spells": [["2018/01/04", "2018/01/04"]], "tag_story": [["[7377,7595]", "2018/01/04", "2018/01/04"]], "label": "tag_191", "edgetotals": {"transaction": 0, "story": 0, "social": 0, "listing": 0}, "date": "2017/12/01", "avg_totals": {"listing": 0, "story": 0, "transaction": 0, "social": 0}, "kcore": 0, "type": "tag", "id": "7595", "cumu_totals": {"listing": 0, "story": 0, "transaction": 0, "social": 0}}, {"nodemeta": ["story"], "stats": {}, "name": "free internet", "tags": [], "spells": [["2018/01/04", "2018/01/04"]], "tag_story": [["[7377,7593]", "2018/01/04", "2018/01/04"]], "label": "tag_189", "edgetotals": {"transaction": 0, "story": 0, "social": 0, "listing": 0}, "date": "2017/12/01", "avg_totals": {"listing": 0, "story": 0, "transaction": 0, "social": 0}, "kcore": 0, "type": "tag", "id": "7593", "cumu_totals": {"listing": 0, "story": 0, "transaction": 0, "social": 0}}, {"nodemeta": ["story"], "stats": {}, "name": "gratis internet", "tags": [], "spells": [["2018/01/04", "2018/01/04"]], "tag_story": [["[7377,7592]", "2018/01/04", "2018/01/04"]], "label": "tag_188", "edgetotals": {"transaction": 0, "story": 0, "social": 0, "listing": 0}, "date": "2017/12/01", "avg_totals": {"listing": 0, "story": 0, "transaction": 0, "social": 0}, "kcore": 0, "type": "tag", "id": "7592", "cumu_totals": {"listing": 0, "story": 0, "transaction": 0, "social": 0}}, {"nodemeta": ["story"], "stats": {}, "name": "cryptocurrency", "tags": [], "spells": [["2017/10/31", "2017/10/31"], ["2018/01/14", "2018/01/14"], ["2018/02/02", "2018/02/02"]], "tag_story": [["[7385,7602]", "2018/01/14", "2018/01/14"]], "label": "tag_198", "edgetotals": {"transaction": 0, "story": 0, "social": 0, "listing": 0}, "date": "2017/12/01", "avg_totals": {"listing": 0, "story": 0, "transaction": 0, "social": 0}, "kcore": 0, "type": "tag", "id": "7602", "cumu_totals": {"listing": 0, "story": 0, "transaction": 0, "social": 0}}, {"nodemeta": ["story"], "stats": {}, "name": "dobre prakse", "tags": [], "spells": [["2017/10/30", "2017/10/30"], ["2017/10/30", "2017/10/30"], ["2017/10/30", "2017/10/30"], ["2017/10/30", "2017/10/30"], ["2018/01/10", "2018/01/10"]], "tag_story": [["[7384,7641]", "2018/01/10", "2018/01/10"]], "label": "tag_237", "edgetotals": {"transaction": 0, "story": 0, "social": 0, "listing": 0}, "date": "2017/12/01", "avg_totals": {"listing": 0, "story": 0, "transaction": 0, "social": 0}, "kcore": 0, "type": "tag", "id": "7641", "cumu_totals": {"listing": 0, "story": 0, "transaction": 0, "social": 0}}, {"nodemeta": ["story"], "stats": {}, "name": "digital storytelling", "tags": [], "spells": [["2018/01/10", "2018/01/10"]], "tag_story": [["[7383,7646]", "2018/01/10", "2018/01/10"]], "label": "tag_242", "edgetotals": {"transaction": 0, "story": 0, "social": 0, "listing": 0}, "date": "2017/12/01", "avg_totals": {"listing": 0, "story": 0, "transaction": 0, "social": 0}, "kcore": 0, "type": "tag", "id": "7646", "cumu_totals": {"listing": 0, "story": 0, "transaction": 0, "social": 0}}, {"nodemeta": ["story"], "stats": {}, "name": "narration", "tags": [], "spells": [["2018/01/10", "2018/01/10"]], "tag_story": [["[7383,7645]", "2018/01/10", "2018/01/10"]], "label": "tag_241", "edgetotals": {"transaction": 0, "story": 0, "social": 0, "listing": 0}, "date": "2017/12/01", "avg_totals": {"listing": 0, "story": 0, "transaction": 0, "social": 0}, "kcore": 0, "type": "tag", "id": "7645", "cumu_totals": {"listing": 0, "story": 0, "transaction": 0, "social": 0}}, {"nodemeta": ["story"], "stats": {}, "name": "mutual understanding", "tags": [], "spells": [["2018/01/10", "2018/01/10"]], "tag_story": [["[7383,7649]", "2018/01/10", "2018/01/10"]], "label": "tag_245", "edgetotals": {"transaction": 0, "story": 0, "social": 0, "listing": 0}, "date": "2017/12/01", "avg_totals": {"listing": 0, "story": 0, "transaction": 0, "social": 0}, "kcore": 0, "type": "tag", "id": "7649", "cumu_totals": {"listing": 0, "story": 0, "transaction": 0, "social": 0}}, {"nodemeta": ["story"], "stats": {}, "name": "inclusion", "tags": [], "spells": [["2018/01/10", "2018/01/10"]], "tag_story": [["[7383,7648]", "2018/01/10", "2018/01/10"]], "label": "tag_244", "edgetotals": {"transaction": 0, "story": 0, "social": 0, "listing": 0}, "date": "2017/12/01", "avg_totals": {"listing": 0, "story": 0, "transaction": 0, "social": 0}, "kcore": 0, "type": "tag", "id": "7648", "cumu_totals": {"listing": 0, "story": 0, "transaction": 0, "social": 0}}], "tagcount": [["good practices", 2], ["wireless", 1], ["volunteerism", 1], ["visa", 1], ["support centre", 1], ["spel", 1], ["solidarnost", 1], ["socijalna samoposluga", 1], ["social solidarity supermarket", 1], ["social inclusion", 1], ["sociaal", 1], ["racism", 1], ["privilege", 1], ["poverty alleviation", 1], ["participatory design", 1], ["narration", 1], ["mutual understanding", 1], ["most", 1], ["moneylabreader", 1], ["migration", 1], ["manifesto for commonfare", 1], ["kunst", 1], ["iot", 1], ["internet of things", 1], ["internet", 1], ["institute of net cultures", 1], ["inclusion", 1], ["hunger", 1], ["homeless", 1], ["gratis internet", 1], ["gratis", 1], ["goede voorbeelden", 1], ["glad", 1], ["getajob", 1], ["general intellect", 1], ["game", 1], ["free internet", 1], ["free", 1], ["economie", 1], ["economics", 1], ["draadloos", 1], ["dobre prakse", 1], ["digital storytelling", 1], ["design", 1], ["currency", 1], ["cryptocurrency", 1], ["commonwealth", 1], ["commonpoly", 1], ["bin italia", 1], ["bezku\u010dnici", 1], ["behavioural problems", 1], ["basic income", 1]]}