{"directed": false, "links": [{"edgemeta": ["social"], "target": "3", "weight": 1.0, "source": "92", "label": "conversation_2+date_start=2018/05/03+date_end=2018/05/03", "conversation": [["[92,3]", "2018/05/03", "2018/05/03"]], "edgeweight": {"3": 10.0, "92": 10.0}, "id": "903", "spells": [["2018/05/03", "2018/05/03"]]}, {"edgemeta": ["social"], "target": "106", "weight": 1.0, "source": "92", "label": "conversation_4+date_start=2018/05/03+date_end=2018/05/03", "conversation": [["[92,106]", "2018/05/03", "2018/05/03"]], "edgeweight": {"92": 10.0, "106": 10.0}, "id": "905", "spells": [["2018/05/03", "2018/05/03"]]}, {"edgemeta": ["social"], "target": "108", "weight": 1.0, "source": "92", "label": "conversation_5+date_start=2018/05/04+date_end=2018/05/04", "conversation": [["[92,108]", "2018/05/04", "2018/05/04"]], "edgeweight": {"108": 10.0, "92": 10.0}, "id": "906", "spells": [["2018/05/04", "2018/05/04"]]}, {"edgemeta": ["social"], "target": "105", "weight": 1.0, "source": "92", "label": "conversation_3+date_start=2018/05/03+date_end=2018/05/03", "conversation": [["[92,105]", "2018/05/03", "2018/05/03"]], "edgeweight": {"92": 10.0, "105": 10.0}, "id": "904", "spells": [["2018/05/03", "2018/05/03"]]}, {"target": "7409", "weight": 1.0, "tag_story": [["[7409,7459]", "2018/05/16", "2018/05/16"]], "label": "tag_43+date_start=2018/05/16", "source": "7459", "id": "166", "spells": [["2018/05/16", "2018/05/16"]]}, {"target": "7410", "weight": 1.0, "tag_story": [["[7410,7739]", "2018/05/24", "2018/05/24"]], "label": "tag_360+date_start=2018/05/24", "source": "7739", "id": "760", "spells": [["2018/05/24", "2018/05/24"]]}, {"target": "7409", "weight": 1.0, "tag_story": [["[7409,7738]", "2018/05/16", "2018/05/16"]], "label": "tag_359+date_start=2018/05/16", "source": "7738", "id": "759", "spells": [["2018/05/16", "2018/05/16"]]}, {"target": "7408", "weight": 1.0, "tag_story": [["[7408,7732]", "2018/05/13", "2018/05/13"]], "label": "tag_346+date_start=2018/05/13", "source": "7732", "id": "755", "spells": [["2018/05/13", "2018/05/13"]]}, {"target": "7408", "weight": 1.0, "tag_story": [["[7408,7731]", "2018/05/13", "2018/05/13"]], "label": "tag_345+date_start=2018/05/13", "source": "7731", "id": "754", "spells": [["2018/05/13", "2018/05/13"]]}, {"target": "7409", "weight": 1.0, "tag_story": [["[7409,7737]", "2018/05/16", "2018/05/16"]], "label": "tag_358+date_start=2018/05/16", "source": "7737", "id": "758", "spells": [["2018/05/16", "2018/05/16"]]}, {"target": "7409", "weight": 1.0, "tag_story": [["[7409,7736]", "2018/05/16", "2018/05/16"]], "label": "tag_357+date_start=2018/05/16", "source": "7736", "id": "757", "spells": [["2018/05/16", "2018/05/16"]]}, {"target": "7406", "weight": 1.0, "tag_story": [["[7406,7717]", "2018/05/09", "2018/05/09"]], "label": "tag_325+date_start=2018/05/09", "source": "7717", "id": "738", "spells": [["2018/05/09", "2018/05/09"]]}, {"target": "7406", "weight": 1.0, "tag_story": [["[7406,7691]", "2018/05/09", "2018/05/09"]], "label": "tag_292+date_start=2018/05/09", "source": "7691", "id": "700", "spells": [["2018/05/09", "2018/05/09"]]}, {"target": "7409", "weight": 1.0, "tag_story": [["[7409,7567]", "2018/05/16", "2018/05/16"]], "label": "tag_157+date_start=2018/05/16", "source": "7567", "id": "560", "spells": [["2018/05/16", "2018/05/16"]]}, {"edgemeta": ["story"], "comment_story": [["[3,57]", "2018/05/03", "2018/05/03"]], "target": "57", "weight": 1.0, "label": "comment_30+date_start=2018/05/03", "source": "3", "edgeweight": {"3": 2.0, "57": 2.0}, "id": "830", "spells": [["2018/05/03", "2018/05/03"]]}, {"edgemeta": ["story"], "comment_story": [["[3,7403]", "2018/05/03", "2018/05/03"]], "target": "7403", "weight": 1.0, "label": "comment_30+date_start=2018/05/03", "source": "3", "edgeweight": {"3": 2.0, "7403": 2.0}, "id": "831", "spells": [["2018/05/03", "2018/05/03"]]}, {"target": "7406", "weight": 1.0, "tag_story": [["[7406,7500]", "2018/05/09", "2018/05/09"]], "label": "tag_88+date_start=2018/05/09", "source": "7500", "id": "251", "spells": [["2018/05/09", "2018/05/09"]]}, {"target": "7406", "weight": 1.0, "tag_story": [["[7406,7501]", "2018/05/09", "2018/05/09"]], "label": "tag_89+date_start=2018/05/09", "source": "7501", "id": "262", "spells": [["2018/05/09", "2018/05/09"]]}, {"target": "7408", "weight": 1.0, "tag_story": [["[7408,7502]", "2018/05/13", "2018/05/13"]], "label": "tag_90+date_start=2018/05/13", "source": "7502", "id": "322", "spells": [["2018/05/13", "2018/05/13"]]}, {"target": "7407", "weight": 1.0, "tag_story": [["[7407,7502]", "2018/05/13", "2018/05/13"]], "label": "tag_90+date_start=2018/05/13", "source": "7502", "id": "321", "spells": [["2018/05/13", "2018/05/13"]]}, {"edgemeta": ["story"], "target": "57", "weight": 1.0, "label": "create_159+date_start=2018/05/16", "source": "7409", "edgeweight": {"57": 2.0, "7409": 2.0}, "id": "108", "create_story": [["[57,7409]", "2018/05/16", "2018/05/16"]], "spells": [["2018/05/16", "2018/05/16"]]}, {"target": "7539", "weight": 1.0, "tag_story": [["[7409,7539]", "2018/05/16", "2018/05/16"]], "label": "tag_127+date_start=2018/05/16", "source": "7409", "id": "508", "spells": [["2018/05/16", "2018/05/16"]]}, {"edgemeta": ["story"], "comment_story": [["[57,7408]", "2018/05/14", "2018/05/14"]], "target": "57", "weight": 1.0, "label": "comment_32+date_start=2018/05/14", "source": "7408", "edgeweight": {"57": 2.0, "7408": 2.0}, "id": "835", "spells": [["2018/05/14", "2018/05/14"], ["2018/06/19", "2018/06/19"]]}, {"edgemeta": ["story"], "target": "114", "weight": 1.0, "label": "create_155+date_start=2018/05/13", "source": "7408", "edgeweight": {"114": 2.0, "7408": 2.0}, "id": "107", "create_story": [["[114,7408]", "2018/05/13", "2018/05/13"]], "spells": [["2018/05/13", "2018/05/13"]]}, {"target": "7487", "weight": 1.0, "tag_story": [["[7408,7487]", "2018/05/13", "2018/05/13"]], "label": "tag_71+date_start=2018/05/13", "source": "7408", "id": "210", "spells": [["2018/05/13", "2018/05/13"]]}, {"edgemeta": ["story"], "comment_story": [["[4,7408]", "2018/05/15", "2018/05/15"]], "target": "4", "weight": 1.0, "label": "comment_33+date_start=2018/05/15", "source": "7408", "edgeweight": {"4": 2.0, "7408": 2.0}, "id": "837", "spells": [["2018/05/15", "2018/05/15"]]}, {"edgemeta": ["story"], "target": "109", "weight": 1.0, "label": "create_152+date_start=2018/05/04", "source": "7405", "edgeweight": {"7405": 2.0, "109": 2.0}, "id": "104", "create_story": [["[109,7405]", "2018/05/04", "2018/05/04"]], "spells": [["2018/05/04", "2018/05/04"]]}, {"edgemeta": ["story"], "target": "105", "weight": 1.0, "label": "create_151+date_start=2018/05/03", "source": "7404", "edgeweight": {"7404": 2.0, "105": 2.0}, "id": "103", "create_story": [["[105,7404]", "2018/05/03", "2018/05/03"]], "spells": [["2018/05/03", "2018/05/03"]]}, {"edgemeta": ["story"], "target": "114", "weight": 1.0, "label": "create_154+date_start=2018/05/13", "source": "7407", "edgeweight": {"114": 2.0, "7407": 2.0}, "id": "106", "create_story": [["[114,7407]", "2018/05/13", "2018/05/13"]], "spells": [["2018/05/13", "2018/05/13"]]}, {"target": "7487", "weight": 1.0, "tag_story": [["[7407,7487]", "2018/05/13", "2018/05/13"]], "label": "tag_71+date_start=2018/05/13", "source": "7407", "id": "209", "spells": [["2018/05/13", "2018/05/13"]]}, {"edgemeta": ["story"], "comment_story": [["[58,7406]", "2018/05/23", "2018/05/23"]], "target": "58", "weight": 1.0, "label": "comment_34+date_start=2018/05/23", "source": "7406", "edgeweight": {"7406": 2.0, "58": 2.0}, "id": "839", "spells": [["2018/05/23", "2018/05/23"], ["2018/07/03", "2018/07/03"]]}, {"edgemeta": ["story"], "comment_story": [["[57,7406]", "2018/05/11", "2018/05/11"]], "target": "57", "weight": 1.0, "label": "comment_31+date_start=2018/05/11", "source": "7406", "edgeweight": {"57": 2.0, "7406": 2.0}, "id": "833", "spells": [["2018/05/11", "2018/05/11"]]}, {"target": "7517", "weight": 1.0, "tag_story": [["[7406,7517]", "2018/05/09", "2018/05/09"]], "label": "tag_105+date_start=2018/05/09", "source": "7406", "id": "453", "spells": [["2018/05/09", "2018/05/09"]]}, {"target": "7729", "weight": 1.0, "tag_story": [["[7406,7729]", "2018/05/09", "2018/05/09"]], "label": "tag_343+date_start=2018/05/09", "source": "7406", "id": "752", "spells": [["2018/05/09", "2018/05/09"]]}, {"edgemeta": ["story"], "target": "113", "weight": 1.0, "label": "create_153+date_start=2018/05/09", "source": "7406", "edgeweight": {"7406": 2.0, "113": 2.0}, "id": "105", "create_story": [["[113,7406]", "2018/05/09", "2018/05/09"]], "spells": [["2018/05/09", "2018/05/09"]]}, {"target": "7512", "weight": 1.0, "tag_story": [["[7406,7512]", "2018/05/09", "2018/05/09"]], "label": "tag_100+date_start=2018/05/09", "source": "7406", "id": "416", "spells": [["2018/05/09", "2018/05/09"]]}, {"edgemeta": ["story"], "comment_story": [["[4,114]", "2018/05/15", "2018/05/15"]], "target": "114", "weight": 1.0, "label": "comment_33+date_start=2018/05/15", "source": "4", "edgeweight": {"114": 2.0, "4": 2.0}, "id": "836", "spells": [["2018/05/15", "2018/05/15"]]}, {"target": "7410", "weight": 1.0, "tag_story": [["[7410,7742]", "2018/05/24", "2018/05/24"]], "label": "tag_363+date_start=2018/05/24", "source": "7742", "id": "763", "spells": [["2018/05/24", "2018/05/24"]]}, {"target": "7410", "weight": 1.0, "tag_story": [["[7410,7743]", "2018/05/24", "2018/05/24"]], "label": "tag_364+date_start=2018/05/24", "source": "7743", "id": "764", "spells": [["2018/05/24", "2018/05/24"]]}, {"target": "7410", "weight": 1.0, "tag_story": [["[7410,7740]", "2018/05/24", "2018/05/24"]], "label": "tag_361+date_start=2018/05/24", "source": "7740", "id": "761", "spells": [["2018/05/24", "2018/05/24"]]}, {"target": "7410", "weight": 1.0, "tag_story": [["[7410,7741]", "2018/05/24", "2018/05/24"]], "label": "tag_362+date_start=2018/05/24", "source": "7741", "id": "762", "spells": [["2018/05/24", "2018/05/24"]]}, {"target": "7410", "weight": 1.0, "tag_story": [["[7410,7744]", "2018/05/24", "2018/05/24"]], "label": "tag_365+date_start=2018/05/24", "source": "7744", "id": "765", "spells": [["2018/05/24", "2018/05/24"]]}, {"edgemeta": ["story", "social"], "comment_story": [["[8,57]", "2018/05/24", "2018/05/24"]], "target": "57", "weight": 1.0, "source": "8", "label": "comment_35+date_start=2018/05/24", "conversation": [["[8,57]", "2018/05/01", "2018/05/01"]], "edgeweight": {"8": 12.0, "57": 12.0}, "id": "840", "spells": [["2018/05/24", "2018/05/24"], ["2018/05/01", "2018/05/01"]]}, {"edgemeta": ["story"], "comment_story": [["[8,7391]", "2018/05/24", "2018/05/24"]], "target": "7391", "weight": 1.0, "label": "comment_35+date_start=2018/05/24", "source": "8", "edgeweight": {"8": 2.0, "7391": 2.0}, "id": "841", "spells": [["2018/05/24", "2018/05/24"]]}, {"edgemeta": ["story"], "target": "7410", "weight": 1.0, "label": "create_161+date_start=2018/05/24", "source": "37", "edgeweight": {"7410": 2.0, "37": 2.0}, "id": "109", "create_story": [["[37,7410]", "2018/05/24", "2018/05/24"]], "spells": [["2018/05/24", "2018/05/24"]]}, {"edgemeta": ["story"], "comment_story": [["[58,113]", "2018/05/23", "2018/05/23"]], "target": "113", "weight": 1.0, "label": "comment_34+date_start=2018/05/23", "source": "58", "edgeweight": {"58": 2.0, "113": 2.0}, "id": "838", "spells": [["2018/05/23", "2018/05/23"], ["2018/07/03", "2018/07/03"], ["2018/07/04", "2018/07/04"], ["2018/07/04", "2018/07/04"]]}, {"edgemeta": ["story"], "comment_story": [["[57,114]", "2018/05/14", "2018/05/14"]], "target": "114", "weight": 1.0, "label": "comment_32+date_start=2018/05/14", "source": "57", "edgeweight": {"114": 2.0, "57": 2.0}, "id": "834", "spells": [["2018/05/14", "2018/05/14"], ["2018/06/19", "2018/06/19"]]}, {"edgemeta": ["story"], "comment_story": [["[57,113]", "2018/05/11", "2018/05/11"]], "target": "113", "weight": 1.0, "label": "comment_31+date_start=2018/05/11", "source": "57", "edgeweight": {"57": 2.0, "113": 2.0}, "id": "832", "spells": [["2018/05/11", "2018/05/11"]]}], "multigraph": false, "graph": {"start": "2016/06/01", "node_default": {}, "end": "2018/07/10", "mode": "dynamic", "edge_default": {}}, "date": "2018/06/01", "nodes": [{"nodemeta": ["social"], "stats": {"2018/05/04": {"social": {"conversation": [1, 10]}}, "2018/05/03": {"social": {"conversation": [3, 30]}}, "social": {"conversation": [["[92,3]", "2018/05/03", "2018/05/03"], ["[92,106]", "2018/05/03", "2018/05/03"], ["[92,108]", "2018/05/04", "2018/05/04"], ["[92,105]", "2018/05/03", "2018/05/03"]], "rconversation": []}}, "name": "Linda", "tags": [], "spells": [["2018/05/03", "2018/05/03"], ["2018/05/03", "2018/05/03"], ["2018/05/03", "2018/05/03"], ["2018/05/04", "2018/05/04"]], "label": "commoner_103", "conversation": [["[92,105]", "2018/05/03", "2018/05/03"], ["[92,3]", "2018/05/03", "2018/05/03"], ["[92,106]", "2018/05/03", "2018/05/03"], ["[92,108]", "2018/05/04", "2018/05/04"]], "edgetotals": {"transaction": 0, "story": 0, "social": 40.0, "listing": 0}, "date": "2018/04/01", "avg_totals": {"social": 8.0, "story": 0.0, "transaction": 0.0, "listing": 0.0}, "kcore": 2, "type": "commoner", "id": "92", "cumu_totals": {"social": 2.0, "story": 0.0, "transaction": 0.0, "listing": 0.0}}, {"nodemeta": ["story"], "stats": {}, "name": "food coop", "tags": [], "spells": [["2017/10/30", "2017/10/30"], ["2018/05/16", "2018/05/16"]], "tag_story": [["[7409,7459]", "2018/05/16", "2018/05/16"]], "label": "tag_43", "edgetotals": {"transaction": 0, "story": 0, "social": 0, "listing": 0}, "date": "2018/04/01", "avg_totals": {"listing": 0, "story": 0, "transaction": 0, "social": 0}, "kcore": 0, "type": "tag", "id": "7459", "cumu_totals": {"listing": 0, "story": 0, "transaction": 0, "social": 0}}, {"nodemeta": ["story"], "stats": {}, "name": "recognition", "tags": [], "spells": [["2018/05/24", "2018/05/24"]], "tag_story": [["[7410,7739]", "2018/05/24", "2018/05/24"]], "label": "tag_360", "edgetotals": {"transaction": 0, "story": 0, "social": 0, "listing": 0}, "date": "2018/04/01", "avg_totals": {"listing": 0, "story": 0, "transaction": 0, "social": 0}, "kcore": 0, "type": "tag", "id": "7739", "cumu_totals": {"listing": 0, "story": 0, "transaction": 0, "social": 0}}, {"nodemeta": ["story"], "stats": {}, "name": "ecological agriculture", "tags": [], "spells": [["2018/05/16", "2018/05/16"]], "tag_story": [["[7409,7738]", "2018/05/16", "2018/05/16"]], "label": "tag_359", "edgetotals": {"transaction": 0, "story": 0, "social": 0, "listing": 0}, "date": "2018/04/01", "avg_totals": {"listing": 0, "story": 0, "transaction": 0, "social": 0}, "kcore": 0, "type": "tag", "id": "7738", "cumu_totals": {"listing": 0, "story": 0, "transaction": 0, "social": 0}}, {"nodemeta": ["story"], "stats": {}, "name": "universal credit", "tags": [], "spells": [["2018/05/13", "2018/05/13"]], "tag_story": [["[7408,7732]", "2018/05/13", "2018/05/13"]], "label": "tag_346", "edgetotals": {"transaction": 0, "story": 0, "social": 0, "listing": 0}, "date": "2018/04/01", "avg_totals": {"listing": 0, "story": 0, "transaction": 0, "social": 0}, "kcore": 0, "type": "tag", "id": "7732", "cumu_totals": {"listing": 0, "story": 0, "transaction": 0, "social": 0}}, {"nodemeta": ["story"], "stats": {}, "name": "universal basic income", "tags": [], "spells": [["2018/05/13", "2018/05/13"]], "tag_story": [["[7408,7731]", "2018/05/13", "2018/05/13"]], "label": "tag_345", "edgetotals": {"transaction": 0, "story": 0, "social": 0, "listing": 0}, "date": "2018/04/01", "avg_totals": {"listing": 0, "story": 0, "transaction": 0, "social": 0}, "kcore": 0, "type": "tag", "id": "7731", "cumu_totals": {"listing": 0, "story": 0, "transaction": 0, "social": 0}}, {"nodemeta": ["story"], "stats": {}, "name": "gas san lorenzo", "tags": [], "spells": [["2018/05/16", "2018/05/16"]], "tag_story": [["[7409,7737]", "2018/05/16", "2018/05/16"]], "label": "tag_358", "edgetotals": {"transaction": 0, "story": 0, "social": 0, "listing": 0}, "date": "2018/04/01", "avg_totals": {"listing": 0, "story": 0, "transaction": 0, "social": 0}, "kcore": 0, "type": "tag", "id": "7737", "cumu_totals": {"listing": 0, "story": 0, "transaction": 0, "social": 0}}, {"nodemeta": ["story"], "stats": {}, "name": "ecologia", "tags": [], "spells": [["2018/05/16", "2018/05/16"]], "tag_story": [["[7409,7736]", "2018/05/16", "2018/05/16"]], "label": "tag_357", "edgetotals": {"transaction": 0, "story": 0, "social": 0, "listing": 0}, "date": "2018/04/01", "avg_totals": {"listing": 0, "story": 0, "transaction": 0, "social": 0}, "kcore": 0, "type": "tag", "id": "7736", "cumu_totals": {"listing": 0, "story": 0, "transaction": 0, "social": 0}}, {"nodemeta": ["story"], "stats": {}, "name": "precariet\u00e0", "tags": [], "spells": [["2018/03/19", "2018/03/19"], ["2018/04/16", "2018/04/16"], ["2018/05/09", "2018/05/09"], ["2018/07/04", "2018/07/04"]], "tag_story": [["[7406,7717]", "2018/05/09", "2018/05/09"]], "label": "tag_325", "edgetotals": {"transaction": 0, "story": 0, "social": 0, "listing": 0}, "date": "2018/04/01", "avg_totals": {"listing": 0, "story": 0, "transaction": 0, "social": 0}, "kcore": 0, "type": "tag", "id": "7717", "cumu_totals": {"listing": 0, "story": 0, "transaction": 0, "social": 0}}, {"kcore": 0, "stats": {}, "name": "cultura", "tags": [], "spells": [["2018/02/18", "2018/02/18"], ["2018/03/09", "2018/03/09"], ["2018/05/09", "2018/05/09"], ["2018/07/05", "2018/07/05"], ["2018/06/22", "2018/06/22"]], "tag_story": [["[7406,7691]", "2018/05/09", "2018/05/09"]], "label": "tag_292", "cumu_totals": {"listing": 0, "story": 0, "transaction": 0, "social": 0}, "edgetotals": {"transaction": 0, "story": 0, "social": 0, "listing": 0}, "date": "2018/04/01", "avg_totals": {"listing": 0, "story": 0, "transaction": 0, "social": 0}, "nodemeta": ["story"], "type": "tag", "id": "7691", "tag_commoner": []}, {"nodemeta": ["story"], "stats": {}, "name": "good practices", "tags": [], "spells": [["2017/10/30", "2017/10/30"], ["2017/10/30", "2017/10/30"], ["2017/10/30", "2017/10/30"], ["2017/10/30", "2017/10/30"], ["2017/10/30", "2017/10/30"], ["2017/03/02", "2017/03/02"], ["2017/03/03", "2017/03/03"], ["2017/09/23", "2017/09/23"], ["2017/04/26", "2017/04/26"], ["2018/01/04", "2018/01/04"], ["2017/09/26", "2017/09/26"], ["2017/03/02", "2017/03/02"], ["2018/01/10", "2018/01/10"], ["2018/02/18", "2018/02/18"], ["2018/02/20", "2018/02/20"], ["2018/02/20", "2018/02/20"], ["2018/02/20", "2018/02/20"], ["2018/02/20", "2018/02/20"], ["2018/02/20", "2018/02/20"], ["2018/02/20", "2018/02/20"], ["2018/02/20", "2018/02/20"], ["2018/05/16", "2018/05/16"]], "tag_story": [["[7409,7567]", "2018/05/16", "2018/05/16"]], "label": "tag_157", "edgetotals": {"transaction": 0, "story": 0, "social": 0, "listing": 0}, "date": "2018/04/01", "avg_totals": {"listing": 0, "story": 0, "transaction": 0, "social": 0}, "kcore": 0, "type": "tag", "id": "7567", "cumu_totals": {"listing": 0, "story": 0, "transaction": 0, "social": 0}}, {"nodemeta": ["story", "social"], "avg_totals": {"social": 5.714285714285714, "story": 2.2857142857142856, "transaction": 0.0, "listing": 0.0}, "transaction": [], "comment_story": [["[3,57]", "2018/05/03", "2018/05/03"], ["[3,7403]", "2018/05/03", "2018/05/03"]], "name": "emme", "tags": [], "spells": [["2017/09/30", "2017/09/30"], ["2017/09/30", "2017/09/30"], ["2018/06/21", "2018/06/21"], ["2018/06/13", "2018/06/13"], ["2018/05/03", "2018/05/03"], ["2018/05/03", "2018/05/03"], ["2018/07/09", "2018/07/09"], ["2018/05/03", "2018/05/03"]], "label": "commoner_3", "conversation": [["[92,3]", "2018/05/03", "2018/05/03"]], "edgetotals": {"transaction": 0, "story": 4.0, "social": 10.0, "listing": 0}, "date": "2018/04/01", "stats": {"story": {"comment_story": [["[3,57]", "2018/05/03", "2018/05/03"], ["[3,7403]", "2018/05/03", "2018/05/03"]], "rcomment_story": []}, "2018/05/03": {"story": {"comment_story": [2, 4]}, "social": {"conversation": [1, 10]}}, "social": {"conversation": [["[92,3]", "2018/05/03", "2018/05/03"]], "rconversation": []}}, "kcore": 2, "type": "commoner", "id": "3", "cumu_totals": {"social": 1.4285714285714286, "story": 0.5714285714285714, "transaction": 0.0, "listing": 0.0}}, {"kcore": 0, "stats": {}, "name": "work", "tags": [], "spells": [["2017/09/01", "2017/09/01"], ["2017/09/01", "2017/09/01"], ["2017/09/01", "2017/09/01"], ["2017/09/01", "2017/09/01"], ["2017/09/01", "2017/09/01"], ["2017/09/01", "2017/09/01"], ["2017/09/01", "2017/09/01"], ["2017/09/01", "2017/09/01"], ["2017/09/01", "2017/09/01"], ["2017/09/01", "2017/09/01"], ["2017/09/01", "2017/09/01"], ["2017/09/01", "2017/09/01"], ["2017/09/01", "2017/09/01"], ["2017/09/01", "2017/09/01"], ["2017/09/01", "2017/09/01"], ["2017/09/01", "2017/09/01"], ["2017/09/01", "2017/09/01"], ["2017/09/01", "2017/09/01"], ["2017/03/02", "2017/03/02"], ["2018/02/20", "2018/02/20"], ["2018/02/20", "2018/02/20"], ["2018/03/01", "2018/03/01"], ["2018/05/09", "2018/05/09"], ["2018/06/15", "2018/06/15"], ["2018/06/22", "2018/06/22"]], "tag_story": [["[7406,7500]", "2018/05/09", "2018/05/09"]], "label": "tag_88", "cumu_totals": {"listing": 0, "story": 0, "transaction": 0, "social": 0}, "edgetotals": {"transaction": 0, "story": 0, "social": 0, "listing": 0}, "date": "2018/04/01", "avg_totals": {"listing": 0, "story": 0, "transaction": 0, "social": 0}, "nodemeta": ["story"], "type": "tag", "id": "7500", "tag_commoner": []}, {"nodemeta": ["story"], "stats": {}, "name": "lavoro", "tags": [], "spells": [["2017/09/01", "2017/09/01"], ["2017/09/01", "2017/09/01"], ["2017/09/01", "2017/09/01"], ["2017/09/01", "2017/09/01"], ["2017/09/01", "2017/09/01"], ["2018/02/20", "2018/02/20"], ["2018/03/01", "2018/03/01"], ["2018/03/19", "2018/03/19"], ["2018/04/16", "2018/04/16"], ["2018/05/09", "2018/05/09"], ["2018/06/15", "2018/06/15"]], "tag_story": [["[7406,7501]", "2018/05/09", "2018/05/09"]], "label": "tag_89", "edgetotals": {"transaction": 0, "story": 0, "social": 0, "listing": 0}, "date": "2018/04/01", "avg_totals": {"listing": 0, "story": 0, "transaction": 0, "social": 0}, "kcore": 0, "type": "tag", "id": "7501", "cumu_totals": {"listing": 0, "story": 0, "transaction": 0, "social": 0}}, {"nodemeta": ["story"], "stats": {}, "name": "welfare provisions", "tags": [], "spells": [["2017/09/01", "2017/09/01"], ["2017/09/01", "2017/09/01"], ["2017/09/01", "2017/09/01"], ["2017/09/01", "2017/09/01"], ["2017/09/01", "2017/09/01"], ["2017/09/01", "2017/09/01"], ["2017/09/01", "2017/09/01"], ["2017/09/01", "2017/09/01"], ["2017/09/01", "2017/09/01"], ["2017/09/01", "2017/09/01"], ["2017/09/01", "2017/09/01"], ["2017/09/01", "2017/09/01"], ["2017/09/01", "2017/09/01"], ["2017/09/01", "2017/09/01"], ["2017/09/01", "2017/09/01"], ["2017/09/01", "2017/09/01"], ["2017/09/01", "2017/09/01"], ["2017/09/01", "2017/09/01"], ["2017/09/01", "2017/09/01"], ["2017/09/01", "2017/09/01"], ["2017/09/01", "2017/09/01"], ["2017/09/01", "2017/09/01"], ["2017/09/01", "2017/09/01"], ["2017/09/01", "2017/09/01"], ["2017/09/01", "2017/09/01"], ["2017/09/01", "2017/09/01"], ["2017/09/01", "2017/09/01"], ["2017/09/01", "2017/09/01"], ["2017/09/01", "2017/09/01"], ["2017/09/01", "2017/09/01"], ["2017/09/01", "2017/09/01"], ["2017/09/01", "2017/09/01"], ["2017/09/01", "2017/09/01"], ["2017/09/01", "2017/09/01"], ["2017/09/01", "2017/09/01"], ["2017/09/01", "2017/09/01"], ["2017/09/01", "2017/09/01"], ["2017/09/01", "2017/09/01"], ["2017/09/01", "2017/09/01"], ["2017/09/01", "2017/09/01"], ["2017/09/01", "2017/09/01"], ["2017/09/01", "2017/09/01"], ["2017/09/01", "2017/09/01"], ["2017/09/01", "2017/09/01"], ["2017/09/01", "2017/09/01"], ["2017/09/01", "2017/09/01"], ["2017/09/01", "2017/09/01"], ["2017/09/01", "2017/09/01"], ["2017/09/01", "2017/09/01"], ["2017/09/01", "2017/09/01"], ["2017/09/01", "2017/09/01"], ["2017/09/01", "2017/09/01"], ["2017/09/01", "2017/09/01"], ["2017/09/01", "2017/09/01"], ["2017/09/01", "2017/09/01"], ["2017/09/01", "2017/09/01"], ["2017/09/01", "2017/09/01"], ["2018/05/13", "2018/05/13"], ["2018/05/13", "2018/05/13"], ["2018/07/09", "2018/07/09"], ["2018/07/09", "2018/07/09"]], "tag_story": [["[7407,7502]", "2018/05/13", "2018/05/13"], ["[7408,7502]", "2018/05/13", "2018/05/13"]], "label": "tag_90", "edgetotals": {"transaction": 0, "story": 0, "social": 0, "listing": 0}, "date": "2018/04/01", "avg_totals": {"listing": 0, "story": 0, "transaction": 0, "social": 0}, "kcore": 0, "type": "tag", "id": "7502", "cumu_totals": {"listing": 0, "story": 0, "transaction": 0, "social": 0}}, {"nodemeta": ["story", "story", "story"], "stats": {"story": {"rcreate_story": [], "rtag_story": [], "create_story": [["[57,7409]", "2018/05/16", "2018/05/16"]], "tag_story": [["[7409,7567]", "2018/05/16", "2018/05/16"], ["[7409,7459]", "2018/05/16", "2018/05/16"], ["[7409,7738]", "2018/05/16", "2018/05/16"], ["[7409,7539]", "2018/05/16", "2018/05/16"], ["[7409,7737]", "2018/05/16", "2018/05/16"], ["[7409,7736]", "2018/05/16", "2018/05/16"]]}, "2018/05/16": {"story": {"tag_story": [6, 0]}}}, "title": "Gasper GAS San Lorenzo Roma", "spells": [["2018/05/16", "2018/05/16"], ["2018/05/16", "2018/05/16"], ["2018/05/16", "2018/05/16"], ["2018/05/16", "2018/05/16"], ["2018/05/16", "2018/05/16"], ["2018/05/16", "2018/05/16"], ["2018/05/16", "2018/05/16"]], "tag_story": [["[7409,7459]", "2018/05/16", "2018/05/16"], ["[7409,7539]", "2018/05/16", "2018/05/16"], ["[7409,7567]", "2018/05/16", "2018/05/16"], ["[7409,7736]", "2018/05/16", "2018/05/16"], ["[7409,7737]", "2018/05/16", "2018/05/16"], ["[7409,7738]", "2018/05/16", "2018/05/16"]], "label": "story_159", "tags": ["food coop", "ecological agriculture", "gas san lorenzo", "ecologia", "good practices", "buone pratiche"], "edgetotals": {"transaction": 0, "story": 2.0, "social": 0, "listing": 0}, "date": "2018/04/01", "avg_totals": {"social": 0.0, "story": 4.0, "transaction": 0.0, "listing": 0.0}, "kcore": 1, "type": "story", "id": "7409", "create_story": [["[57,7409]", "2018/05/16", "2018/05/16"]], "cumu_totals": {"social": 0.0, "story": 1.0, "transaction": 0.0, "listing": 0.0}}, {"nodemeta": ["story", "story", "story"], "comment_story": [["[4,7408]", "2018/05/15", "2018/05/15"], ["[57,7408]", "2018/05/14", "2018/05/14"]], "edgetotals": {"transaction": 0, "story": 6.0, "social": 0, "listing": 0}, "tags": ["universal credit", "universal basic income", "welfare provisions", "welfare"], "spells": [["2018/05/15", "2018/05/15"], ["2018/05/14", "2018/05/14"], ["2018/06/19", "2018/06/19"], ["2018/05/13", "2018/05/13"], ["2018/05/13", "2018/05/13"], ["2018/05/13", "2018/05/13"], ["2018/05/13", "2018/05/13"], ["2018/05/13", "2018/05/13"]], "title": "Universal Credit - a UBI horror story", "tag_story": [["[7408,7487]", "2018/05/13", "2018/05/13"], ["[7408,7502]", "2018/05/13", "2018/05/13"], ["[7408,7731]", "2018/05/13", "2018/05/13"], ["[7408,7732]", "2018/05/13", "2018/05/13"]], "label": "story_155", "avg_totals": {"social": 0.0, "story": 8.0, "transaction": 0.0, "listing": 0.0}, "date": "2018/04/01", "stats": {"2018/05/15": {"story": {"rcomment_story": [1, 2]}}, "2018/05/14": {"story": {"rcomment_story": [1, 2]}}, "story": {"comment_story": [], "tag_story": [["[7408,7487]", "2018/05/13", "2018/05/13"], ["[7408,7502]", "2018/05/13", "2018/05/13"], ["[7408,7732]", "2018/05/13", "2018/05/13"], ["[7408,7731]", "2018/05/13", "2018/05/13"]], "rtag_story": [], "rcomment_story": [["[57,7408]", "2018/05/14", "2018/05/14"], ["[4,7408]", "2018/05/15", "2018/05/15"]], "rcreate_story": [], "create_story": [["[114,7408]", "2018/05/13", "2018/05/13"]]}, "2018/05/13": {"story": {"tag_story": [4, 0]}}}, "kcore": 2, "type": "story", "id": "7408", "create_story": [["[114,7408]", "2018/05/13", "2018/05/13"]], "cumu_totals": {"social": 0.0, "story": 2.0, "transaction": 0.0, "listing": 0.0}}, {"nodemeta": ["story", "story"], "stats": {"story": {"rcreate_story": [], "create_story": [["[109,7405]", "2018/05/04", "2018/05/04"]]}}, "tags": [], "spells": [["2018/05/04", "2018/05/04"]], "title": "", "label": "story_152", "edgetotals": {"transaction": 0, "story": 2.0, "social": 0, "listing": 0}, "date": "2018/04/01", "avg_totals": {"social": 0.0, "story": 4.0, "transaction": 0.0, "listing": 0.0}, "kcore": 1, "type": "story", "id": "7405", "create_story": [["[109,7405]", "2018/05/04", "2018/05/04"]], "cumu_totals": {"social": 0.0, "story": 1.0, "transaction": 0.0, "listing": 0.0}}, {"nodemeta": ["story", "story"], "stats": {"story": {"rcreate_story": [], "create_story": [["[105,7404]", "2018/05/03", "2018/05/03"]]}}, "tags": [], "spells": [["2018/05/03", "2018/05/03"]], "title": "", "label": "story_151", "edgetotals": {"transaction": 0, "story": 2.0, "social": 0, "listing": 0}, "date": "2018/04/01", "avg_totals": {"social": 0.0, "story": 4.0, "transaction": 0.0, "listing": 0.0}, "kcore": 1, "type": "story", "id": "7404", "create_story": [["[105,7404]", "2018/05/03", "2018/05/03"]], "cumu_totals": {"social": 0.0, "story": 1.0, "transaction": 0.0, "listing": 0.0}}, {"nodemeta": ["story", "story", "story"], "stats": {"story": {"rcreate_story": [], "rtag_story": [], "create_story": [["[114,7407]", "2018/05/13", "2018/05/13"]], "tag_story": [["[7407,7487]", "2018/05/13", "2018/05/13"], ["[7407,7502]", "2018/05/13", "2018/05/13"]]}, "2018/05/13": {"story": {"tag_story": [2, 0]}}}, "title": "", "spells": [["2018/05/13", "2018/05/13"], ["2018/05/13", "2018/05/13"], ["2018/05/13", "2018/05/13"]], "tag_story": [["[7407,7487]", "2018/05/13", "2018/05/13"], ["[7407,7502]", "2018/05/13", "2018/05/13"]], "label": "story_154", "tags": ["welfare provisions", "welfare"], "edgetotals": {"transaction": 0, "story": 2.0, "social": 0, "listing": 0}, "date": "2018/04/01", "avg_totals": {"social": 0.0, "story": 4.0, "transaction": 0.0, "listing": 0.0}, "kcore": 1, "type": "story", "id": "7407", "create_story": [["[114,7407]", "2018/05/13", "2018/05/13"]], "cumu_totals": {"social": 0.0, "story": 1.0, "transaction": 0.0, "listing": 0.0}}, {"nodemeta": ["story", "story", "story"], "comment_story": [["[57,7406]", "2018/05/11", "2018/05/11"], ["[58,7406]", "2018/05/23", "2018/05/23"]], "edgetotals": {"transaction": 0, "story": 6.0, "social": 0, "listing": 0}, "tags": ["precariet\u00e0", "work", "lavoro", "cultura", "cultuur", "reddito di cittadinanza", "cultural events"], "spells": [["2018/05/11", "2018/05/11"], ["2018/05/09", "2018/05/09"], ["2018/05/09", "2018/05/09"], ["2018/05/09", "2018/05/09"], ["2018/05/09", "2018/05/09"], ["2018/05/09", "2018/05/09"], ["2018/05/09", "2018/05/09"], ["2018/05/09", "2018/05/09"], ["2018/05/09", "2018/05/09"], ["2018/05/23", "2018/05/23"], ["2018/07/03", "2018/07/03"]], "title": "", "tag_story": [["[7406,7500]", "2018/05/09", "2018/05/09"], ["[7406,7501]", "2018/05/09", "2018/05/09"], ["[7406,7512]", "2018/05/09", "2018/05/09"], ["[7406,7517]", "2018/05/09", "2018/05/09"], ["[7406,7691]", "2018/05/09", "2018/05/09"], ["[7406,7717]", "2018/05/09", "2018/05/09"], ["[7406,7729]", "2018/05/09", "2018/05/09"]], "label": "story_153", "avg_totals": {"social": 0.0, "story": 8.0, "transaction": 0.0, "listing": 0.0}, "date": "2018/04/01", "stats": {"story": {"comment_story": [], "tag_story": [["[7406,7717]", "2018/05/09", "2018/05/09"], ["[7406,7517]", "2018/05/09", "2018/05/09"], ["[7406,7729]", "2018/05/09", "2018/05/09"], ["[7406,7500]", "2018/05/09", "2018/05/09"], ["[7406,7501]", "2018/05/09", "2018/05/09"], ["[7406,7512]", "2018/05/09", "2018/05/09"], ["[7406,7691]", "2018/05/09", "2018/05/09"]], "rtag_story": [], "rcomment_story": [["[58,7406]", "2018/05/23", "2018/05/23"], ["[57,7406]", "2018/05/11", "2018/05/11"]], "rcreate_story": [], "create_story": [["[113,7406]", "2018/05/09", "2018/05/09"]]}, "2018/05/23": {"story": {"rcomment_story": [1, 2]}}, "2018/05/11": {"story": {"rcomment_story": [1, 2]}}, "2018/05/09": {"story": {"tag_story": [7, 0]}}}, "kcore": 2, "type": "story", "id": "7406", "create_story": [["[113,7406]", "2018/05/09", "2018/05/09"]], "cumu_totals": {"social": 0.0, "story": 2.0, "transaction": 0.0, "listing": 0.0}}, {"nodemeta": ["story"], "comment_story": [["[3,7403]", "2018/05/03", "2018/05/03"]], "edgetotals": {"transaction": 0, "story": 2.0, "social": 0, "listing": 0}, "tags": [], "spells": [["2018/04/16", "2018/04/16"], ["2018/04/16", "2018/04/16"], ["2018/04/16", "2018/04/16"], ["2018/04/16", "2018/04/16"], ["2018/04/16", "2018/04/16"], ["2018/04/16", "2018/04/16"], ["2018/04/16", "2018/04/16"], ["2018/04/16", "2018/04/16"], ["2018/04/16", "2018/04/16"], ["2018/04/16", "2018/04/16"], ["2018/04/16", "2018/04/16"], ["2018/05/03", "2018/05/03"]], "title": "Dalla precariet\u00e0 al commonfare", "tag_story": [], "label": "story_146", "avg_totals": {"social": 0.0, "story": 4.0, "transaction": 0.0, "listing": 0.0}, "date": "2018/04/01", "stats": {"story": {"comment_story": [], "rcomment_story": [["[3,7403]", "2018/05/03", "2018/05/03"]]}, "2018/05/03": {"story": {"rcomment_story": [1, 2]}}}, "kcore": 1, "type": "story", "id": "7403", "create_story": [], "cumu_totals": {"social": 0.0, "story": 1.0, "transaction": 0.0, "listing": 0.0}}, {"nodemeta": ["social"], "stats": {"2018/05/04": {"social": {"conversation": [1, 10]}}, "social": {"conversation": [["[92,108]", "2018/05/04", "2018/05/04"]], "rconversation": []}}, "name": "Bianca", "tags": [], "spells": [["2018/05/04", "2018/05/04"]], "label": "commoner_119", "conversation": [["[92,108]", "2018/05/04", "2018/05/04"]], "edgetotals": {"transaction": 0, "story": 0, "social": 10.0, "listing": 0}, "date": "2018/04/01", "avg_totals": {"social": 4.0, "story": 0.0, "transaction": 0.0, "listing": 0.0}, "kcore": 1, "type": "commoner", "id": "108", "cumu_totals": {"social": 1.0, "story": 0.0, "transaction": 0.0, "listing": 0.0}}, {"nodemeta": ["story"], "stats": {"story": {"rcreate_story": [], "create_story": [["[109,7405]", "2018/05/04", "2018/05/04"]]}, "2018/05/04": {"story": {"create_story": [1, 2]}}}, "name": "snqhlekf937", "tags": [], "spells": [["2018/05/04", "2018/05/04"]], "label": "commoner_120", "edgetotals": {"transaction": 0, "story": 2.0, "social": 0, "listing": 0}, "date": "2018/04/01", "avg_totals": {"social": 0.0, "story": 4.0, "transaction": 0.0, "listing": 0.0}, "kcore": 1, "type": "commoner", "id": "109", "create_story": [["[109,7405]", "2018/05/04", "2018/05/04"]], "cumu_totals": {"social": 0.0, "story": 1.0, "transaction": 0.0, "listing": 0.0}}, {"nodemeta": ["social"], "stats": {"2018/05/03": {"social": {"conversation": [1, 10]}}, "social": {"conversation": [["[92,106]", "2018/05/03", "2018/05/03"]], "rconversation": []}}, "name": "martina-p", "tags": [], "spells": [["2018/05/03", "2018/05/03"]], "label": "commoner_117", "conversation": [["[92,106]", "2018/05/03", "2018/05/03"]], "edgetotals": {"transaction": 0, "story": 0, "social": 10.0, "listing": 0}, "date": "2018/04/01", "avg_totals": {"social": 4.0, "story": 0.0, "transaction": 0.0, "listing": 0.0}, "kcore": 1, "type": "commoner", "id": "106", "cumu_totals": {"social": 1.0, "story": 0.0, "transaction": 0.0, "listing": 0.0}}, {"nodemeta": ["story", "social"], "stats": {"story": {"rcreate_story": [], "create_story": [["[105,7404]", "2018/05/03", "2018/05/03"]]}, "2018/05/03": {"story": {"create_story": [1, 2]}, "social": {"conversation": [1, 10]}}, "social": {"conversation": [["[92,105]", "2018/05/03", "2018/05/03"]], "rconversation": []}}, "name": "giampiero", "tags": [], "spells": [["2018/05/03", "2018/05/03"], ["2018/05/03", "2018/05/03"]], "label": "commoner_116", "conversation": [["[92,105]", "2018/05/03", "2018/05/03"]], "edgetotals": {"transaction": 0, "story": 2.0, "social": 10.0, "listing": 0}, "date": "2018/04/01", "avg_totals": {"social": 6.666666666666667, "story": 1.3333333333333333, "transaction": 0.0, "listing": 0.0}, "kcore": 2, "type": "commoner", "id": "105", "create_story": [["[105,7404]", "2018/05/03", "2018/05/03"]], "cumu_totals": {"social": 1.6666666666666667, "story": 0.3333333333333333, "transaction": 0.0, "listing": 0.0}}, {"nodemeta": ["story"], "stats": {}, "name": "cultuur", "tags": [], "spells": [["2018/05/09", "2018/05/09"]], "tag_story": [["[7406,7517]", "2018/05/09", "2018/05/09"]], "label": "tag_105", "edgetotals": {"transaction": 0, "story": 0, "social": 0, "listing": 0}, "date": "2018/04/01", "avg_totals": {"listing": 0, "story": 0, "transaction": 0, "social": 0}, "kcore": 0, "type": "tag", "id": "7517", "cumu_totals": {"listing": 0, "story": 0, "transaction": 0, "social": 0}}, {"kcore": 0, "stats": {}, "name": "cultural events", "tags": [], "spells": [["2017/09/01", "2017/09/01"], ["2018/02/18", "2018/02/18"], ["2018/05/09", "2018/05/09"], ["2018/06/22", "2018/06/22"]], "tag_story": [["[7406,7512]", "2018/05/09", "2018/05/09"]], "label": "tag_100", "cumu_totals": {"listing": 0, "story": 0, "transaction": 0, "social": 0}, "edgetotals": {"transaction": 0, "story": 0, "social": 0, "listing": 0}, "date": "2018/04/01", "avg_totals": {"listing": 0, "story": 0, "transaction": 0, "social": 0}, "nodemeta": ["story"], "type": "tag", "id": "7512", "tag_commoner": []}, {"nodemeta": ["story"], "stats": {}, "name": "welfare", "tags": [], "spells": [["2017/11/15", "2017/11/15"], ["2018/03/19", "2018/03/19"], ["2018/04/16", "2018/04/16"], ["2018/05/13", "2018/05/13"], ["2018/05/13", "2018/05/13"]], "tag_story": [["[7407,7487]", "2018/05/13", "2018/05/13"], ["[7408,7487]", "2018/05/13", "2018/05/13"]], "label": "tag_71", "edgetotals": {"transaction": 0, "story": 0, "social": 0, "listing": 0}, "date": "2018/04/01", "avg_totals": {"listing": 0, "story": 0, "transaction": 0, "social": 0}, "kcore": 0, "type": "tag", "id": "7487", "cumu_totals": {"listing": 0, "story": 0, "transaction": 0, "social": 0}}, {"nodemeta": ["story"], "avg_totals": {"social": 0.0, "story": 8.0, "transaction": 0.0, "listing": 0.0}, "transaction": [], "comment_story": [["[4,114]", "2018/05/15", "2018/05/15"], ["[4,7408]", "2018/05/15", "2018/05/15"]], "name": "Andrea Fumagalli", "tags": [], "spells": [["2017/09/30", "2017/09/30"], ["2017/09/30", "2017/09/30"], ["2017/10/01", "2017/10/01"], ["2017/10/17", "2017/10/17"], ["2018/05/15", "2018/05/15"], ["2018/05/15", "2018/05/15"], ["2018/06/30", "2018/06/30"], ["2018/06/30", "2018/06/30"], ["2018/07/09", "2018/07/09"], ["2018/07/09", "2018/07/09"], ["2018/07/05", "2018/07/05"]], "comment_listing": [], "label": "commoner_4", "edgetotals": {"transaction": 0, "story": 4.0, "social": 0, "listing": 0}, "date": "2018/04/01", "stats": {"2018/05/15": {"story": {"comment_story": [2, 4]}}, "story": {"comment_story": [["[4,114]", "2018/05/15", "2018/05/15"], ["[4,7408]", "2018/05/15", "2018/05/15"]], "rcomment_story": []}}, "kcore": 2, "type": "commoner", "id": "4", "create_story": [], "cumu_totals": {"social": 0.0, "story": 2.0, "transaction": 0.0, "listing": 0.0}}, {"nodemeta": ["story"], "stats": {}, "name": "reputation", "tags": [], "spells": [["2018/05/24", "2018/05/24"]], "tag_story": [["[7410,7742]", "2018/05/24", "2018/05/24"]], "label": "tag_363", "edgetotals": {"transaction": 0, "story": 0, "social": 0, "listing": 0}, "date": "2018/04/01", "avg_totals": {"listing": 0, "story": 0, "transaction": 0, "social": 0}, "kcore": 0, "type": "tag", "id": "7742", "cumu_totals": {"listing": 0, "story": 0, "transaction": 0, "social": 0}}, {"nodemeta": ["story"], "stats": {}, "name": "commoners", "tags": [], "spells": [["2018/05/24", "2018/05/24"]], "tag_story": [["[7410,7743]", "2018/05/24", "2018/05/24"]], "label": "tag_364", "edgetotals": {"transaction": 0, "story": 0, "social": 0, "listing": 0}, "date": "2018/04/01", "avg_totals": {"listing": 0, "story": 0, "transaction": 0, "social": 0}, "kcore": 0, "type": "tag", "id": "7743", "cumu_totals": {"listing": 0, "story": 0, "transaction": 0, "social": 0}}, {"nodemeta": ["story"], "stats": {}, "name": "value", "tags": [], "spells": [["2018/05/24", "2018/05/24"]], "tag_story": [["[7410,7740]", "2018/05/24", "2018/05/24"]], "label": "tag_361", "edgetotals": {"transaction": 0, "story": 0, "social": 0, "listing": 0}, "date": "2018/04/01", "avg_totals": {"listing": 0, "story": 0, "transaction": 0, "social": 0}, "kcore": 0, "type": "tag", "id": "7740", "cumu_totals": {"listing": 0, "story": 0, "transaction": 0, "social": 0}}, {"nodemeta": ["story"], "stats": {}, "name": "trust", "tags": [], "spells": [["2018/05/24", "2018/05/24"]], "tag_story": [["[7410,7741]", "2018/05/24", "2018/05/24"]], "label": "tag_362", "edgetotals": {"transaction": 0, "story": 0, "social": 0, "listing": 0}, "date": "2018/04/01", "avg_totals": {"listing": 0, "story": 0, "transaction": 0, "social": 0}, "kcore": 0, "type": "tag", "id": "7741", "cumu_totals": {"listing": 0, "story": 0, "transaction": 0, "social": 0}}, {"nodemeta": ["story"], "stats": {}, "name": "platforms", "tags": [], "spells": [["2018/05/24", "2018/05/24"]], "tag_story": [["[7410,7744]", "2018/05/24", "2018/05/24"]], "label": "tag_365", "edgetotals": {"transaction": 0, "story": 0, "social": 0, "listing": 0}, "date": "2018/04/01", "avg_totals": {"listing": 0, "story": 0, "transaction": 0, "social": 0}, "kcore": 0, "type": "tag", "id": "7744", "cumu_totals": {"listing": 0, "story": 0, "transaction": 0, "social": 0}}, {"nodemeta": ["story"], "avg_totals": {"social": 5.714285714285714, "story": 2.2857142857142856, "transaction": 0.0, "listing": 0.0}, "transaction": [], "comment_story": [["[8,57]", "2018/05/24", "2018/05/24"], ["[8,7391]", "2018/05/24", "2018/05/24"]], "name": "ADA", "tags": [], "spells": [["2017/10/01", "2017/10/01"], ["2017/10/01", "2017/10/01"], ["2018/06/20", "2018/06/20"], ["2018/05/24", "2018/05/24"], ["2018/05/01", "2018/05/01"], ["2018/06/19", "2018/06/19"], ["2018/06/19", "2018/06/19"], ["2018/05/24", "2018/05/24"], ["2018/07/04", "2018/07/04"], ["2018/06/20", "2018/06/20"], ["2018/06/20", "2018/06/20"], ["2018/06/20", "2018/06/20"], ["2018/07/04", "2018/07/04"], ["2018/07/04", "2018/07/04"], ["2018/07/06", "2018/07/06"], ["2018/07/06", "2018/07/06"]], "label": "commoner_8", "conversation": [], "edgetotals": {"transaction": 0, "story": 4.0, "social": 10.0, "listing": 0}, "date": "2018/04/01", "stats": {"story": {"comment_story": [["[8,57]", "2018/05/24", "2018/05/24"], ["[8,7391]", "2018/05/24", "2018/05/24"]], "rcomment_story": []}, "2018/05/01": {"social": {"conversation": [1, 10]}}, "2018/05/24": {"story": {"comment_story": [2, 4]}}, "social": {"conversation": [["[8,57]", "2018/05/01", "2018/05/01"]], "rconversation": []}}, "kcore": 2, "type": "commoner", "id": "8", "cumu_totals": {"social": 1.4285714285714286, "story": 0.5714285714285714, "transaction": 0.0, "listing": 0.0}}, {"nodemeta": ["story"], "stats": {}, "name": "reddito di cittadinanza", "tags": [], "spells": [["2018/04/16", "2018/04/16"], ["2018/05/09", "2018/05/09"]], "tag_story": [["[7406,7729]", "2018/05/09", "2018/05/09"]], "label": "tag_343", "edgetotals": {"transaction": 0, "story": 0, "social": 0, "listing": 0}, "date": "2018/04/01", "avg_totals": {"listing": 0, "story": 0, "transaction": 0, "social": 0}, "kcore": 0, "type": "tag", "id": "7729", "cumu_totals": {"listing": 0, "story": 0, "transaction": 0, "social": 0}}, {"avg_totals": {"social": 0.0, "story": 4.0, "transaction": 0.0, "listing": 0.0}, "transaction": [], "comment_story": [], "name": "Commonfare", "tags": [], "spells": [["2017/11/10", "2017/11/10"], ["2017/11/15", "2017/11/15"], ["2017/11/15", "2017/11/15"], ["2017/11/15", "2017/11/15"], ["2017/09/01", "2017/09/01"], ["2017/09/01", "2017/09/01"], ["2017/09/01", "2017/09/01"], ["2017/09/01", "2017/09/01"], ["2017/09/01", "2017/09/01"], ["2017/09/01", "2017/09/01"], ["2017/09/01", "2017/09/01"], ["2017/09/01", "2017/09/01"], ["2017/09/01", "2017/09/01"], ["2017/09/01", "2017/09/01"], ["2017/09/01", "2017/09/01"], ["2017/09/01", "2017/09/01"], ["2017/09/01", "2017/09/01"], ["2017/09/01", "2017/09/01"], ["2017/09/01", "2017/09/01"], ["2017/09/01", "2017/09/01"], ["2017/09/01", "2017/09/01"], ["2017/09/01", "2017/09/01"], ["2017/09/01", "2017/09/01"], ["2017/09/01", "2017/09/01"], ["2017/09/01", "2017/09/01"], ["2017/09/01", "2017/09/01"], ["2017/09/01", "2017/09/01"], ["2017/09/01", "2017/09/01"], ["2017/09/01", "2017/09/01"], ["2017/09/01", "2017/09/01"], ["2017/09/01", "2017/09/01"], ["2017/09/01", "2017/09/01"], ["2017/09/01", "2017/09/01"], ["2017/09/01", "2017/09/01"], ["2017/09/01", "2017/09/01"], ["2017/09/01", "2017/09/01"], ["2017/09/01", "2017/09/01"], ["2017/09/01", "2017/09/01"], ["2017/09/01", "2017/09/01"], ["2017/09/01", "2017/09/01"], ["2017/09/01", "2017/09/01"], ["2017/09/01", "2017/09/01"], ["2017/09/01", "2017/09/01"], ["2017/09/01", "2017/09/01"], ["2017/09/01", "2017/09/01"], ["2017/09/01", "2017/09/01"], ["2017/09/01", "2017/09/01"], ["2017/09/01", "2017/09/01"], ["2017/09/01", "2017/09/01"], ["2017/09/01", "2017/09/01"], ["2017/09/01", "2017/09/01"], ["2017/09/01", "2017/09/01"], ["2017/09/01", "2017/09/01"], ["2017/09/01", "2017/09/01"], ["2017/09/01", "2017/09/01"], ["2017/09/01", "2017/09/01"], ["2017/09/01", "2017/09/01"], ["2017/09/01", "2017/09/01"], ["2017/09/01", "2017/09/01"], ["2017/09/01", "2017/09/01"], ["2017/09/01", "2017/09/01"], ["2018/01/22", "2018/01/22"], ["2018/05/24", "2018/05/24"], ["2018/06/12", "2018/06/12"], ["2018/06/13", "2018/06/13"], ["2018/07/05", "2018/07/05"], ["2018/07/09", "2018/07/09"], ["2018/07/09", "2018/07/09"], ["2018/06/14", "2018/06/14"], ["2018/06/14", "2018/06/14"], ["2018/06/19", "2018/06/19"], ["2018/06/19", "2018/06/19"], ["2018/06/20", "2018/06/20"], ["2018/06/25", "2018/06/25"], ["2018/06/25", "2018/06/25"], ["2018/06/25", "2018/06/25"], ["2018/06/25", "2018/06/25"], ["2018/06/25", "2018/06/25"], ["2018/06/28", "2018/06/28"], ["2018/06/28", "2018/06/28"], ["2018/07/02", "2018/07/02"], ["2018/07/02", "2018/07/02"], ["2018/07/02", "2018/07/02"], ["2018/07/02", "2018/07/02"], ["2018/07/02", "2018/07/02"], ["2018/07/02", "2018/07/02"], ["2018/06/21", "2018/06/25"], ["2018/06/21", "2018/06/30"], ["2018/06/21", "2018/06/21"], ["2018/06/21", "2018/06/30"], ["2018/06/21", "2018/06/26"], ["2018/06/23", "2018/06/26"], ["2018/06/13", "2018/06/13"], ["2018/06/14", "2018/06/14"], ["2018/06/14", "2018/06/14"], ["2018/06/14", "2018/06/14"], ["2018/06/14", "2018/06/14"], ["2018/06/14", "2018/06/14"], ["2018/06/18", "2018/06/18"], ["2018/06/25", "2018/06/25"], ["2018/06/27", "2018/06/27"], ["2018/06/27", "2018/06/27"]], "comment_listing": [], "create_listing": [], "kcore": 1, "conversation": [], "edgetotals": {"transaction": 0, "story": 2.0, "social": 0, "listing": 0}, "label": "commoner_48", "date": "2018/04/01", "stats": {"story": {"rcreate_story": [], "create_story": [["[37,7410]", "2018/05/24", "2018/05/24"]]}, "2018/05/24": {"story": {"create_story": [1, 2]}}}, "nodemeta": ["story"], "type": "commoner", "id": "37", "create_story": [["[37,7410]", "2018/05/24", "2018/05/24"]], "cumu_totals": {"social": 0.0, "story": 1.0, "transaction": 0.0, "listing": 0.0}}, {"nodemeta": ["story"], "stats": {}, "name": "buone pratiche", "tags": [], "spells": [["2018/02/18", "2018/02/18"], ["2018/02/20", "2018/02/20"], ["2018/02/20", "2018/02/20"], ["2018/02/20", "2018/02/20"], ["2018/02/20", "2018/02/20"], ["2018/02/20", "2018/02/20"], ["2018/02/20", "2018/02/20"], ["2018/02/20", "2018/02/20"], ["2018/03/19", "2018/03/19"], ["2018/05/16", "2018/05/16"], ["2018/07/03", "2018/07/03"], ["2018/07/05", "2018/07/05"], ["2018/07/09", "2018/07/09"]], "tag_story": [["[7409,7539]", "2018/05/16", "2018/05/16"]], "label": "tag_127", "edgetotals": {"transaction": 0, "story": 0, "social": 0, "listing": 0}, "date": "2018/04/01", "avg_totals": {"listing": 0, "story": 0, "transaction": 0, "social": 0}, "kcore": 0, "type": "tag", "id": "7539", "cumu_totals": {"listing": 0, "story": 0, "transaction": 0, "social": 0}}, {"nodemeta": ["story"], "avg_totals": {"social": 0.0, "story": 8.0, "transaction": 0.0, "listing": 0.0}, "transaction": [], "comment_story": [["[58,113]", "2018/05/23", "2018/05/23"], ["[58,7406]", "2018/05/23", "2018/05/23"]], "name": "Rankis", "tags": [], "spells": [["2018/03/01", "2018/03/01"], ["2018/07/05", "2018/07/05"], ["2018/03/01", "2018/03/01"], ["2018/03/01", "2018/03/01"], ["2018/03/01", "2018/03/01"], ["2018/03/01", "2018/03/01"], ["2018/03/01", "2018/03/01"], ["2018/05/23", "2018/05/23"], ["2018/07/03", "2018/07/03"], ["2018/07/04", "2018/07/04"], ["2018/07/04", "2018/07/04"], ["2018/05/23", "2018/05/23"], ["2018/07/03", "2018/07/03"], ["2018/06/18", "2018/06/18"], ["2018/06/18", "2018/06/18"], ["2018/07/04", "2018/07/04"], ["2018/07/04", "2018/07/04"]], "label": "commoner_69", "edgetotals": {"transaction": 0, "story": 4.0, "social": 0, "listing": 0}, "date": "2018/04/01", "stats": {"story": {"comment_story": [["[58,113]", "2018/05/23", "2018/05/23"], ["[58,7406]", "2018/05/23", "2018/05/23"]], "rcomment_story": []}, "2018/05/23": {"story": {"comment_story": [2, 4]}}}, "kcore": 2, "type": "commoner", "id": "58", "cumu_totals": {"social": 0.0, "story": 2.0, "transaction": 0.0, "listing": 0.0}}, {"nodemeta": ["story", "story"], "avg_totals": {"social": 3.3333333333333335, "story": 4.666666666666667, "transaction": 0.0, "listing": 0.0}, "transaction": [], "comment_story": [["[3,57]", "2018/05/03", "2018/05/03"], ["[57,113]", "2018/05/11", "2018/05/11"], ["[57,7406]", "2018/05/11", "2018/05/11"], ["[57,114]", "2018/05/14", "2018/05/14"], ["[57,7408]", "2018/05/14", "2018/05/14"], ["[8,57]", "2018/05/24", "2018/05/24"]], "name": "BIN Italia", "tags": [], "spells": [["2018/01/23", "2018/01/23"], ["2018/02/18", "2018/02/18"], ["2018/02/20", "2018/02/20"], ["2018/02/20", "2018/02/20"], ["2018/02/20", "2018/02/20"], ["2018/02/20", "2018/02/20"], ["2018/02/20", "2018/02/20"], ["2018/02/20", "2018/02/20"], ["2018/02/20", "2018/02/20"], ["2018/03/01", "2018/03/01"], ["2018/03/19", "2018/03/19"], ["2018/03/21", "2018/03/21"], ["2018/04/16", "2018/04/16"], ["2018/05/16", "2018/05/16"], ["2018/07/05", "2018/07/05"], ["2018/03/01", "2018/03/01"], ["2018/03/09", "2018/03/09"], ["2018/03/09", "2018/03/09"], ["2018/05/03", "2018/05/03"], ["2018/05/11", "2018/05/11"], ["2018/05/11", "2018/05/11"], ["2018/05/14", "2018/05/14"], ["2018/05/14", "2018/05/14"], ["2018/05/24", "2018/05/24"], ["2018/06/18", "2018/06/18"], ["2018/06/18", "2018/06/18"], ["2018/06/18", "2018/06/18"], ["2018/06/18", "2018/06/18"], ["2018/06/19", "2018/06/19"], ["2018/06/19", "2018/06/19"], ["2018/06/28", "2018/06/28"], ["2018/06/28", "2018/06/28"], ["2018/05/01", "2018/05/01"], ["2018/06/15", "2018/06/15"], ["2018/06/15", "2018/06/15"], ["2018/07/05", "2018/07/05"]], "label": "commoner_68", "conversation": [], "edgetotals": {"transaction": 0, "story": 14.0, "social": 10.0, "listing": 0}, "date": "2018/04/01", "stats": {"story": {"rcreate_story": [], "comment_story": [["[57,114]", "2018/05/14", "2018/05/14"], ["[57,113]", "2018/05/11", "2018/05/11"], ["[57,7408]", "2018/05/14", "2018/05/14"], ["[57,7406]", "2018/05/11", "2018/05/11"]], "rcomment_story": [["[3,57]", "2018/05/03", "2018/05/03"], ["[8,57]", "2018/05/24", "2018/05/24"]], "create_story": [["[57,7409]", "2018/05/16", "2018/05/16"]]}, "2018/05/24": {"story": {"rcomment_story": [1, 2]}}, "2018/05/14": {"story": {"comment_story": [2, 4]}}, "2018/05/16": {"story": {"create_story": [1, 2]}}, "2018/05/11": {"story": {"comment_story": [2, 4]}}, "2018/05/03": {"story": {"rcomment_story": [1, 2]}}, "2018/05/01": {"social": {"conversation": [1, 10]}}, "social": {"conversation": [["[8,57]", "2018/05/01", "2018/05/01"]], "rconversation": []}}, "kcore": 2, "type": "commoner", "id": "57", "create_story": [["[57,7409]", "2018/05/16", "2018/05/16"]], "cumu_totals": {"social": 0.8333333333333334, "story": 1.1666666666666667, "transaction": 0.0, "listing": 0.0}}, {"nodemeta": ["story"], "comment_story": [["[8,7391]", "2018/05/24", "2018/05/24"]], "edgetotals": {"transaction": 0, "story": 2.0, "social": 0, "listing": 0}, "tags": [], "spells": [["2018/02/20", "2018/02/20"], ["2018/02/20", "2018/02/20"], ["2018/02/20", "2018/02/20"], ["2018/02/20", "2018/02/20"], ["2018/02/20", "2018/02/20"], ["2018/02/20", "2018/02/20"], ["2018/02/20", "2018/02/20"], ["2018/02/20", "2018/02/20"], ["2018/05/24", "2018/05/24"]], "title": "Ri-Maflow - Recovered factory", "tag_story": [], "label": "story_127", "avg_totals": {"social": 0.0, "story": 4.0, "transaction": 0.0, "listing": 0.0}, "date": "2018/04/01", "stats": {"story": {"comment_story": [], "rcomment_story": [["[8,7391]", "2018/05/24", "2018/05/24"]]}, "2018/05/24": {"story": {"rcomment_story": [1, 2]}}}, "kcore": 1, "type": "story", "id": "7391", "create_story": [], "cumu_totals": {"social": 0.0, "story": 1.0, "transaction": 0.0, "listing": 0.0}}, {"nodemeta": ["story", "story", "story"], "stats": {"story": {"rcreate_story": [], "rtag_story": [], "create_story": [["[37,7410]", "2018/05/24", "2018/05/24"]], "tag_story": [["[7410,7740]", "2018/05/24", "2018/05/24"], ["[7410,7742]", "2018/05/24", "2018/05/24"], ["[7410,7743]", "2018/05/24", "2018/05/24"], ["[7410,7739]", "2018/05/24", "2018/05/24"], ["[7410,7741]", "2018/05/24", "2018/05/24"], ["[7410,7744]", "2018/05/24", "2018/05/24"]]}, "2018/05/24": {"story": {"tag_story": [6, 0]}}}, "title": "Voices from the field \u2013 Recognition, values, and trust \u2013 Commonfare Newsletter #2", "spells": [["2018/05/24", "2018/05/24"], ["2018/05/24", "2018/05/24"], ["2018/05/24", "2018/05/24"], ["2018/05/24", "2018/05/24"], ["2018/05/24", "2018/05/24"], ["2018/05/24", "2018/05/24"], ["2018/05/24", "2018/05/24"]], "tag_story": [["[7410,7739]", "2018/05/24", "2018/05/24"], ["[7410,7740]", "2018/05/24", "2018/05/24"], ["[7410,7741]", "2018/05/24", "2018/05/24"], ["[7410,7742]", "2018/05/24", "2018/05/24"], ["[7410,7743]", "2018/05/24", "2018/05/24"], ["[7410,7744]", "2018/05/24", "2018/05/24"]], "label": "story_161", "tags": ["recognition", "reputation", "commoners", "value", "trust", "platforms"], "edgetotals": {"transaction": 0, "story": 2.0, "social": 0, "listing": 0}, "date": "2018/04/01", "avg_totals": {"social": 0.0, "story": 4.0, "transaction": 0.0, "listing": 0.0}, "kcore": 1, "type": "story", "id": "7410", "create_story": [["[37,7410]", "2018/05/24", "2018/05/24"]], "cumu_totals": {"social": 0.0, "story": 1.0, "transaction": 0.0, "listing": 0.0}}, {"avg_totals": {"social": 0.0, "story": 8.0, "transaction": 0.0, "listing": 0.0}, "nodemeta": ["story"], "comment_story": [["[4,114]", "2018/05/15", "2018/05/15"], ["[57,114]", "2018/05/14", "2018/05/14"]], "name": "yhbnlsor949", "tags": [], "spells": [["2018/05/15", "2018/05/15"], ["2018/05/14", "2018/05/14"], ["2018/06/19", "2018/06/19"], ["2018/05/13", "2018/05/13"], ["2018/05/13", "2018/05/13"]], "label": "commoner_125", "edgetotals": {"transaction": 0, "story": 8.0, "social": 0, "listing": 0}, "date": "2018/04/01", "stats": {"2018/05/15": {"story": {"rcomment_story": [1, 2]}}, "2018/05/14": {"story": {"rcomment_story": [1, 2]}}, "story": {"rcreate_story": [], "comment_story": [], "rcomment_story": [["[4,114]", "2018/05/15", "2018/05/15"], ["[57,114]", "2018/05/14", "2018/05/14"]], "create_story": [["[114,7407]", "2018/05/13", "2018/05/13"], ["[114,7408]", "2018/05/13", "2018/05/13"]]}, "2018/05/13": {"story": {"create_story": [2, 4]}}}, "kcore": 2, "type": "commoner", "id": "114", "create_story": [["[114,7407]", "2018/05/13", "2018/05/13"], ["[114,7408]", "2018/05/13", "2018/05/13"]], "cumu_totals": {"social": 0.0, "story": 2.0, "transaction": 0.0, "listing": 0.0}}, {"nodemeta": ["story"], "avg_totals": {"social": 0.0, "story": 8.0, "transaction": 0.0, "listing": 0.0}, "transaction": [], "comment_story": [["[57,113]", "2018/05/11", "2018/05/11"], ["[58,113]", "2018/05/23", "2018/05/23"]], "name": "Mattia Tombolini", "tags": [], "spells": [["2018/05/11", "2018/05/11"], ["2018/05/09", "2018/05/09"], ["2018/07/04", "2018/07/04"], ["2018/05/23", "2018/05/23"], ["2018/07/03", "2018/07/03"], ["2018/07/04", "2018/07/04"], ["2018/07/04", "2018/07/04"], ["2018/07/04", "2018/07/04"], ["2018/07/04", "2018/07/04"], ["2018/07/04", "2018/07/04"], ["2018/07/04", "2018/07/04"], ["2018/07/04", "2018/07/04"], ["2018/07/09", "2018/07/09"], ["2018/07/09", "2018/07/09"]], "label": "commoner_124", "edgetotals": {"transaction": 0, "story": 6.0, "social": 0, "listing": 0}, "date": "2018/04/01", "stats": {"story": {"rcreate_story": [], "comment_story": [], "rcomment_story": [["[58,113]", "2018/05/23", "2018/05/23"], ["[57,113]", "2018/05/11", "2018/05/11"]], "create_story": [["[113,7406]", "2018/05/09", "2018/05/09"]]}, "2018/05/23": {"story": {"rcomment_story": [1, 2]}}, "2018/05/11": {"story": {"rcomment_story": [1, 2]}}, "2018/05/09": {"story": {"create_story": [1, 2]}}}, "kcore": 2, "type": "commoner", "id": "113", "create_story": [["[113,7406]", "2018/05/09", "2018/05/09"]], "cumu_totals": {"social": 0.0, "story": 2.0, "transaction": 0.0, "listing": 0.0}}], "tagcount": [["welfare provisions", 2], ["welfare", 2], ["work", 1], ["value", 1], ["universal credit", 1], ["universal basic income", 1], ["trust", 1], ["reputation", 1], ["reddito di cittadinanza", 1], ["recognition", 1], ["precariet\u00e0", 1], ["platforms", 1], ["lavoro", 1], ["good practices", 1], ["gas san lorenzo", 1], ["food coop", 1], ["ecological agriculture", 1], ["ecologia", 1], ["cultuur", 1], ["cultural events", 1], ["cultura", 1], ["commoners", 1], ["buone pratiche", 1]]}