{"directed": false, "links": [{"target": "7399", "weight": 1.0, "tag_story": [["[7399,7705]", "2018/03/01", "2018/03/01"]], "label": "tag_309+date_start=2018/03/01", "source": "7705", "id": "717", "spells": [["2018/03/01", "2018/03/01"]]}, {"target": "7399", "weight": 1.0, "tag_story": [["[7399,7708]", "2018/03/01", "2018/03/01"]], "label": "tag_312+date_start=2018/03/01", "source": "7708", "id": "720", "spells": [["2018/03/01", "2018/03/01"]]}, {"target": "7400", "weight": 1.0, "tag_story": [["[7400,7709]", "2018/03/09", "2018/03/09"]], "label": "tag_313+date_start=2018/03/09", "source": "7709", "id": "724", "spells": [["2018/03/09", "2018/03/09"]]}, {"target": "7402", "weight": 1.0, "tag_story": [["[7402,7711]", "2018/03/21", "2018/03/21"]], "label": "tag_315+date_start=2018/03/21", "source": "7711", "id": "729", "spells": [["2018/03/21", "2018/03/21"]]}, {"target": "7400", "weight": 1.0, "tag_story": [["[7400,7710]", "2018/03/09", "2018/03/09"]], "label": "tag_314+date_start=2018/03/09", "source": "7710", "id": "727", "spells": [["2018/03/09", "2018/03/09"]]}, {"target": "7400", "weight": 1.0, "tag_story": [["[7400,7713]", "2018/03/09", "2018/03/09"]], "label": "tag_319+date_start=2018/03/09", "source": "7713", "id": "731", "spells": [["2018/03/09", "2018/03/09"]]}, {"target": "7400", "weight": 1.0, "tag_story": [["[7400,7712]", "2018/03/09", "2018/03/09"]], "label": "tag_317+date_start=2018/03/09", "source": "7712", "id": "730", "spells": [["2018/03/09", "2018/03/09"]]}, {"target": "7400", "weight": 1.0, "tag_story": [["[7400,7715]", "2018/03/09", "2018/03/09"]], "label": "tag_321+date_start=2018/03/09", "source": "7715", "id": "733", "spells": [["2018/03/09", "2018/03/09"]]}, {"target": "7400", "weight": 1.0, "tag_story": [["[7400,7714]", "2018/03/09", "2018/03/09"]], "label": "tag_320+date_start=2018/03/09", "source": "7714", "id": "732", "spells": [["2018/03/09", "2018/03/09"]]}, {"target": "7401", "weight": 1.0, "tag_story": [["[7401,7717]", "2018/03/19", "2018/03/19"]], "label": "tag_325+date_start=2018/03/19", "source": "7717", "id": "736", "spells": [["2018/03/19", "2018/03/19"]]}, {"target": "7400", "weight": 1.0, "tag_story": [["[7400,7716]", "2018/03/09", "2018/03/09"]], "label": "tag_322+date_start=2018/03/09", "source": "7716", "id": "734", "spells": [["2018/03/09", "2018/03/09"]]}, {"target": "7401", "weight": 1.0, "tag_story": [["[7401,7719]", "2018/03/19", "2018/03/19"]], "label": "tag_329+date_start=2018/03/19", "source": "7719", "id": "741", "spells": [["2018/03/19", "2018/03/19"]]}, {"target": "7401", "weight": 1.0, "tag_story": [["[7401,7718]", "2018/03/19", "2018/03/19"]], "label": "tag_328+date_start=2018/03/19", "source": "7718", "id": "740", "spells": [["2018/03/19", "2018/03/19"]]}, {"target": "7400", "weight": 1.0, "tag_story": [["[7400,7691]", "2018/03/09", "2018/03/09"]], "label": "tag_292+date_start=2018/03/09", "source": "7691", "id": "699", "spells": [["2018/03/09", "2018/03/09"]]}, {"target": "7401", "weight": 1.0, "tag_story": [["[7401,7693]", "2018/03/19", "2018/03/19"]], "label": "tag_294+date_start=2018/03/19", "source": "7693", "id": "704", "spells": [["2018/03/19", "2018/03/19"]]}, {"target": "7401", "weight": 1.0, "tag_story": [["[7401,7545]", "2018/03/19", "2018/03/19"]], "label": "tag_133+date_start=2018/03/19", "source": "7545", "id": "522", "spells": [["2018/03/19", "2018/03/19"]]}, {"target": "7399", "weight": 1.0, "tag_story": [["[7399,7500]", "2018/03/01", "2018/03/01"]], "label": "tag_88+date_start=2018/03/01", "source": "7500", "id": "250", "spells": [["2018/03/01", "2018/03/01"]]}, {"target": "7399", "weight": 1.0, "tag_story": [["[7399,7501]", "2018/03/01", "2018/03/01"]], "label": "tag_89+date_start=2018/03/01", "source": "7501", "id": "259", "spells": [["2018/03/01", "2018/03/01"]]}, {"target": "7401", "weight": 1.0, "tag_story": [["[7401,7501]", "2018/03/19", "2018/03/19"]], "label": "tag_89+date_start=2018/03/19", "source": "7501", "id": "260", "spells": [["2018/03/19", "2018/03/19"]]}, {"target": "7401", "weight": 1.0, "tag_story": [["[7401,7503]", "2018/03/19", "2018/03/19"]], "label": "tag_91+date_start=2018/03/19", "source": "7503", "id": "347", "spells": [["2018/03/19", "2018/03/19"]]}, {"edgemeta": ["story"], "target": "57", "weight": 1.0, "label": "create_142+date_start=2018/03/19", "source": "7401", "edgeweight": {"57": 2.0, "7401": 2.0}, "id": "100", "create_story": [["[57,7401]", "2018/03/19", "2018/03/19"]], "spells": [["2018/03/19", "2018/03/19"]]}, {"target": "7487", "weight": 1.0, "tag_story": [["[7401,7487]", "2018/03/19", "2018/03/19"]], "label": "tag_71+date_start=2018/03/19", "source": "7401", "id": "207", "spells": [["2018/03/19", "2018/03/19"]]}, {"target": "7486", "weight": 1.0, "tag_story": [["[7401,7486]", "2018/03/19", "2018/03/19"]], "label": "tag_70+date_start=2018/03/19", "source": "7401", "id": "205", "spells": [["2018/03/19", "2018/03/19"]]}, {"target": "7539", "weight": 1.0, "tag_story": [["[7401,7539]", "2018/03/19", "2018/03/19"]], "label": "tag_127+date_start=2018/03/19", "source": "7401", "id": "507", "spells": [["2018/03/19", "2018/03/19"]]}, {"target": "7675", "weight": 1.0, "tag_story": [["[7401,7675]", "2018/03/19", "2018/03/19"]], "label": "tag_276+date_start=2018/03/19", "source": "7401", "id": "679", "spells": [["2018/03/19", "2018/03/19"]]}, {"edgemeta": ["story"], "comment_story": [["[57,7400]", "2018/03/09", "2018/03/09"]], "target": "57", "weight": 1.0, "label": "comment_29+date_start=2018/03/09", "source": "7400", "edgeweight": {"57": 2.0, "7400": 2.0}, "id": "829", "spells": [["2018/03/09", "2018/03/09"]]}, {"edgemeta": ["story"], "target": "85", "weight": 1.0, "label": "create_140+date_start=2018/03/09", "source": "7400", "edgeweight": {"7400": 2.0, "85": 2.0}, "id": "99", "create_story": [["[85,7400]", "2018/03/09", "2018/03/09"]], "spells": [["2018/03/09", "2018/03/09"]]}, {"target": "7499", "weight": 1.0, "tag_story": [["[7402,7499]", "2018/03/21", "2018/03/21"]], "label": "tag_86+date_start=2018/03/21", "source": "7402", "id": "227", "spells": [["2018/03/21", "2018/03/21"]]}, {"edgemeta": ["story"], "target": "57", "weight": 1.0, "label": "create_144+date_start=2018/03/21", "source": "7402", "edgeweight": {"57": 2.0, "7402": 2.0}, "id": "101", "create_story": [["[57,7402]", "2018/03/21", "2018/03/21"]], "spells": [["2018/03/21", "2018/03/21"]]}, {"target": "7485", "weight": 1.0, "tag_story": [["[7402,7485]", "2018/03/21", "2018/03/21"]], "label": "tag_69+date_start=2018/03/21", "source": "7402", "id": "202", "spells": [["2018/03/21", "2018/03/21"]]}, {"target": "7720", "weight": 1.0, "tag_story": [["[7402,7720]", "2018/03/21", "2018/03/21"]], "label": "tag_331+date_start=2018/03/21", "source": "7402", "id": "742", "spells": [["2018/03/21", "2018/03/21"]]}, {"target": "7721", "weight": 1.0, "tag_story": [["[7402,7721]", "2018/03/21", "2018/03/21"]], "label": "tag_333+date_start=2018/03/21", "source": "7402", "id": "743", "spells": [["2018/03/21", "2018/03/21"]]}, {"target": "7722", "weight": 1.0, "tag_story": [["[7402,7722]", "2018/03/21", "2018/03/21"]], "label": "tag_334+date_start=2018/03/21", "source": "7402", "id": "744", "spells": [["2018/03/21", "2018/03/21"]]}, {"target": "7723", "weight": 1.0, "tag_story": [["[7402,7723]", "2018/03/21", "2018/03/21"]], "label": "tag_335+date_start=2018/03/21", "source": "7402", "id": "745", "spells": [["2018/03/21", "2018/03/21"]]}, {"target": "7724", "weight": 1.0, "tag_story": [["[7402,7724]", "2018/03/21", "2018/03/21"]], "label": "tag_336+date_start=2018/03/21", "source": "7402", "id": "746", "spells": [["2018/03/21", "2018/03/21"]]}, {"target": "7725", "weight": 1.0, "tag_story": [["[7402,7725]", "2018/03/21", "2018/03/21"]], "label": "tag_337+date_start=2018/03/21", "source": "7402", "id": "747", "spells": [["2018/03/21", "2018/03/21"]]}, {"target": "7726", "weight": 1.0, "tag_story": [["[7402,7726]", "2018/03/21", "2018/03/21"]], "label": "tag_340+date_start=2018/03/21", "source": "7402", "id": "748", "spells": [["2018/03/21", "2018/03/21"]]}, {"target": "7399", "weight": 1.0, "tag_story": [["[7399,7706]", "2018/03/01", "2018/03/01"]], "label": "tag_310+date_start=2018/03/01", "source": "7706", "id": "718", "spells": [["2018/03/01", "2018/03/01"]]}, {"target": "7399", "weight": 1.0, "tag_story": [["[7399,7707]", "2018/03/01", "2018/03/01"]], "label": "tag_311+date_start=2018/03/01", "source": "7707", "id": "719", "spells": [["2018/03/01", "2018/03/01"]]}, {"target": "7399", "weight": 1.0, "tag_story": [["[7399,7704]", "2018/03/01", "2018/03/01"]], "label": "tag_308+date_start=2018/03/01", "source": "7704", "id": "716", "spells": [["2018/03/01", "2018/03/01"]]}, {"target": "7399", "weight": 1.0, "tag_story": [["[7399,7702]", "2018/03/01", "2018/03/01"]], "label": "tag_306+date_start=2018/03/01", "source": "7702", "id": "714", "spells": [["2018/03/01", "2018/03/01"]]}, {"target": "7399", "weight": 1.0, "tag_story": [["[7399,7703]", "2018/03/01", "2018/03/01"]], "label": "tag_307+date_start=2018/03/01", "source": "7703", "id": "715", "spells": [["2018/03/01", "2018/03/01"]]}, {"target": "7399", "weight": 1.0, "tag_story": [["[7399,7701]", "2018/03/01", "2018/03/01"]], "label": "tag_305+date_start=2018/03/01", "source": "7701", "id": "713", "spells": [["2018/03/01", "2018/03/01"]]}, {"edgemeta": ["story", "transaction"], "transaction": [], "comment_story": [["[58,57]", "2018/03/01", "2018/03/01"]], "target": "57", "weight": 1.0, "label": "comment_28+date_start=2018/03/01", "source": "58", "edgeweight": {"57": 2.0, "58": 2.0}, "id": "826", "spells": [["2018/03/01", "2018/03/01"], ["2018/07/05", "2018/07/05"]]}, {"edgemeta": ["story"], "comment_story": [["[58,7399]", "2018/03/01", "2018/03/01"]], "target": "7399", "weight": 1.0, "label": "comment_28+date_start=2018/03/01", "source": "58", "edgeweight": {"7399": 2.0, "58": 2.0}, "id": "827", "spells": [["2018/03/01", "2018/03/01"]]}, {"edgemeta": ["story"], "comment_story": [["[58,7398]", "2018/03/01", "2018/03/01"], ["[58,7398]", "2018/03/01", "2018/03/01"]], "target": "7398", "weight": 1.0, "label": "comment_26+date_start=2018/03/01", "source": "58", "edgeweight": {"7398": 4.0, "58": 4.0}, "id": "823", "spells": [["2018/03/01", "2018/03/01"], ["2018/03/01", "2018/03/01"]]}, {"edgemeta": ["story"], "comment_story": [["[58,70]", "2018/03/01", "2018/03/01"], ["[58,70]", "2018/03/01", "2018/03/01"]], "target": "70", "weight": 1.0, "label": "comment_26+date_start=2018/03/01", "source": "58", "edgeweight": {"58": 4.0, "70": 4.0}, "id": "822", "spells": [["2018/03/01", "2018/03/01"], ["2018/03/01", "2018/03/01"]]}, {"edgemeta": ["story"], "comment_story": [["[57,85]", "2018/03/09", "2018/03/09"]], "target": "85", "weight": 1.0, "label": "comment_29+date_start=2018/03/09", "source": "57", "edgeweight": {"57": 2.0, "85": 2.0}, "id": "828", "spells": [["2018/03/09", "2018/03/09"]]}, {"edgemeta": ["story"], "target": "7399", "weight": 1.0, "label": "create_137+date_start=2018/03/01", "source": "57", "edgeweight": {"57": 2.0, "7399": 2.0}, "id": "98", "create_story": [["[57,7399]", "2018/03/01", "2018/03/01"]], "spells": [["2018/03/01", "2018/03/01"]]}], "multigraph": false, "graph": {"start": "2016/06/01", "node_default": {}, "end": "2018/07/10", "mode": "dynamic", "edge_default": {}}, "date": "2018/04/01", "nodes": [{"nodemeta": [], "stats": {}, "name": "autogestione", "tags": [], "spells": [["2018/03/01", "2018/03/01"]], "tag_story": [], "label": "tag_309", "edgetotals": {"transaction": 0, "story": 0, "social": 0, "listing": 0}, "date": "2018/02/01", "avg_totals": {"listing": 0, "story": 0, "transaction": 0, "social": 0}, "kcore": 0, "type": "tag", "id": "7705", "cumu_totals": {"listing": 0, "story": 0, "transaction": 0, "social": 0}}, {"nodemeta": [], "stats": {}, "name": "cooperazione sociale", "tags": [], "spells": [["2018/03/01", "2018/03/01"], ["2018/04/16", "2018/04/16"], ["2018/07/05", "2018/07/05"], ["2018/07/05", "2018/07/05"]], "tag_story": [], "label": "tag_312", "edgetotals": {"transaction": 0, "story": 0, "social": 0, "listing": 0}, "date": "2018/02/01", "avg_totals": {"listing": 0, "story": 0, "transaction": 0, "social": 0}, "kcore": 0, "type": "tag", "id": "7708", "cumu_totals": {"listing": 0, "story": 0, "transaction": 0, "social": 0}}, {"nodemeta": ["story"], "stats": {}, "name": "reddito di base", "tags": [], "spells": [["2018/03/09", "2018/03/09"], ["2018/04/16", "2018/04/16"], ["2018/06/15", "2018/06/15"]], "tag_story": [["[7400,7709]", "2018/03/09", "2018/03/09"]], "label": "tag_313", "edgetotals": {"transaction": 0, "story": 0, "social": 0, "listing": 0}, "date": "2018/02/01", "avg_totals": {"listing": 0, "story": 0, "transaction": 0, "social": 0}, "kcore": 0, "type": "tag", "id": "7709", "cumu_totals": {"listing": 0, "story": 0, "transaction": 0, "social": 0}}, {"nodemeta": ["story"], "stats": {}, "name": "innovazione tecnologica", "tags": [], "spells": [["2018/03/21", "2018/03/21"]], "tag_story": [["[7402,7711]", "2018/03/21", "2018/03/21"]], "label": "tag_315", "edgetotals": {"transaction": 0, "story": 0, "social": 0, "listing": 0}, "date": "2018/02/01", "avg_totals": {"listing": 0, "story": 0, "transaction": 0, "social": 0}, "kcore": 0, "type": "tag", "id": "7711", "cumu_totals": {"listing": 0, "story": 0, "transaction": 0, "social": 0}}, {"nodemeta": ["story"], "stats": {}, "name": "reddito minimo garantito", "tags": [], "spells": [["2018/03/09", "2018/03/09"], ["2018/04/16", "2018/04/16"]], "tag_story": [["[7400,7710]", "2018/03/09", "2018/03/09"]], "label": "tag_314", "edgetotals": {"transaction": 0, "story": 0, "social": 0, "listing": 0}, "date": "2018/02/01", "avg_totals": {"listing": 0, "story": 0, "transaction": 0, "social": 0}, "kcore": 0, "type": "tag", "id": "7710", "cumu_totals": {"listing": 0, "story": 0, "transaction": 0, "social": 0}}, {"nodemeta": ["story"], "stats": {}, "name": "workfare", "tags": [], "spells": [["2018/03/09", "2018/03/09"]], "tag_story": [["[7400,7713]", "2018/03/09", "2018/03/09"]], "label": "tag_319", "edgetotals": {"transaction": 0, "story": 0, "social": 0, "listing": 0}, "date": "2018/02/01", "avg_totals": {"listing": 0, "story": 0, "transaction": 0, "social": 0}, "kcore": 0, "type": "tag", "id": "7713", "cumu_totals": {"listing": 0, "story": 0, "transaction": 0, "social": 0}}, {"nodemeta": ["story"], "stats": {}, "name": "diritto", "tags": [], "spells": [["2018/03/09", "2018/03/09"]], "tag_story": [["[7400,7712]", "2018/03/09", "2018/03/09"]], "label": "tag_317", "edgetotals": {"transaction": 0, "story": 0, "social": 0, "listing": 0}, "date": "2018/02/01", "avg_totals": {"listing": 0, "story": 0, "transaction": 0, "social": 0}, "kcore": 0, "type": "tag", "id": "7712", "cumu_totals": {"listing": 0, "story": 0, "transaction": 0, "social": 0}}, {"nodemeta": ["story"], "stats": {}, "name": "video", "tags": [], "spells": [["2018/03/09", "2018/03/09"]], "tag_story": [["[7400,7715]", "2018/03/09", "2018/03/09"]], "label": "tag_321", "edgetotals": {"transaction": 0, "story": 0, "social": 0, "listing": 0}, "date": "2018/02/01", "avg_totals": {"listing": 0, "story": 0, "transaction": 0, "social": 0}, "kcore": 0, "type": "tag", "id": "7715", "cumu_totals": {"listing": 0, "story": 0, "transaction": 0, "social": 0}}, {"nodemeta": ["story"], "stats": {}, "name": "regione lazio", "tags": [], "spells": [["2018/03/09", "2018/03/09"]], "tag_story": [["[7400,7714]", "2018/03/09", "2018/03/09"]], "label": "tag_320", "edgetotals": {"transaction": 0, "story": 0, "social": 0, "listing": 0}, "date": "2018/02/01", "avg_totals": {"listing": 0, "story": 0, "transaction": 0, "social": 0}, "kcore": 0, "type": "tag", "id": "7714", "cumu_totals": {"listing": 0, "story": 0, "transaction": 0, "social": 0}}, {"nodemeta": ["story"], "stats": {}, "name": "precariet\u00e0", "tags": [], "spells": [["2018/03/19", "2018/03/19"], ["2018/04/16", "2018/04/16"], ["2018/05/09", "2018/05/09"], ["2018/07/04", "2018/07/04"]], "tag_story": [["[7401,7717]", "2018/03/19", "2018/03/19"]], "label": "tag_325", "edgetotals": {"transaction": 0, "story": 0, "social": 0, "listing": 0}, "date": "2018/02/01", "avg_totals": {"listing": 0, "story": 0, "transaction": 0, "social": 0}, "kcore": 0, "type": "tag", "id": "7717", "cumu_totals": {"listing": 0, "story": 0, "transaction": 0, "social": 0}}, {"nodemeta": ["story"], "stats": {}, "name": "arte", "tags": [], "spells": [["2018/03/09", "2018/03/09"], ["2018/07/06", "2018/07/06"]], "tag_story": [["[7400,7716]", "2018/03/09", "2018/03/09"]], "label": "tag_322", "edgetotals": {"transaction": 0, "story": 0, "social": 0, "listing": 0}, "date": "2018/02/01", "avg_totals": {"listing": 0, "story": 0, "transaction": 0, "social": 0}, "kcore": 0, "type": "tag", "id": "7716", "cumu_totals": {"listing": 0, "story": 0, "transaction": 0, "social": 0}}, {"nodemeta": ["story"], "stats": {}, "name": "trasformazioni produttive", "tags": [], "spells": [["2018/03/19", "2018/03/19"]], "tag_story": [["[7401,7719]", "2018/03/19", "2018/03/19"]], "label": "tag_329", "edgetotals": {"transaction": 0, "story": 0, "social": 0, "listing": 0}, "date": "2018/02/01", "avg_totals": {"listing": 0, "story": 0, "transaction": 0, "social": 0}, "kcore": 0, "type": "tag", "id": "7719", "cumu_totals": {"listing": 0, "story": 0, "transaction": 0, "social": 0}}, {"nodemeta": ["story"], "stats": {}, "name": "povert\u00e0", "tags": [], "spells": [["2018/03/19", "2018/03/19"]], "tag_story": [["[7401,7718]", "2018/03/19", "2018/03/19"]], "label": "tag_328", "edgetotals": {"transaction": 0, "story": 0, "social": 0, "listing": 0}, "date": "2018/02/01", "avg_totals": {"listing": 0, "story": 0, "transaction": 0, "social": 0}, "kcore": 0, "type": "tag", "id": "7718", "cumu_totals": {"listing": 0, "story": 0, "transaction": 0, "social": 0}}, {"kcore": 0, "stats": {}, "name": "cultura", "tags": [], "spells": [["2018/02/18", "2018/02/18"], ["2018/03/09", "2018/03/09"], ["2018/05/09", "2018/05/09"], ["2018/07/05", "2018/07/05"], ["2018/06/22", "2018/06/22"]], "tag_story": [["[7400,7691]", "2018/03/09", "2018/03/09"]], "label": "tag_292", "cumu_totals": {"listing": 0, "story": 0, "transaction": 0, "social": 0}, "edgetotals": {"transaction": 0, "story": 0, "social": 0, "listing": 0}, "date": "2018/02/01", "avg_totals": {"listing": 0, "story": 0, "transaction": 0, "social": 0}, "nodemeta": ["story"], "type": "tag", "id": "7691", "tag_commoner": []}, {"nodemeta": ["story"], "stats": {}, "name": "roma", "tags": [], "spells": [["2018/02/20", "2018/02/20"], ["2018/03/19", "2018/03/19"], ["2018/07/03", "2018/07/03"]], "tag_story": [["[7401,7693]", "2018/03/19", "2018/03/19"]], "label": "tag_294", "edgetotals": {"transaction": 0, "story": 0, "social": 0, "listing": 0}, "date": "2018/02/01", "avg_totals": {"listing": 0, "story": 0, "transaction": 0, "social": 0}, "kcore": 0, "type": "tag", "id": "7693", "cumu_totals": {"listing": 0, "story": 0, "transaction": 0, "social": 0}}, {"nodemeta": ["story"], "stats": {}, "name": "milano", "tags": [], "spells": [["2018/02/18", "2018/02/18"], ["2018/02/20", "2018/02/20"], ["2018/02/20", "2018/02/20"], ["2018/02/20", "2018/02/20"], ["2018/02/20", "2018/02/20"], ["2018/03/19", "2018/03/19"]], "tag_story": [["[7401,7545]", "2018/03/19", "2018/03/19"]], "label": "tag_133", "edgetotals": {"transaction": 0, "story": 0, "social": 0, "listing": 0}, "date": "2018/02/01", "avg_totals": {"listing": 0, "story": 0, "transaction": 0, "social": 0}, "kcore": 0, "type": "tag", "id": "7545", "cumu_totals": {"listing": 0, "story": 0, "transaction": 0, "social": 0}}, {"kcore": 0, "stats": {}, "name": "work", "tags": [], "spells": [["2017/09/01", "2017/09/01"], ["2017/09/01", "2017/09/01"], ["2017/09/01", "2017/09/01"], ["2017/09/01", "2017/09/01"], ["2017/09/01", "2017/09/01"], ["2017/09/01", "2017/09/01"], ["2017/09/01", "2017/09/01"], ["2017/09/01", "2017/09/01"], ["2017/09/01", "2017/09/01"], ["2017/09/01", "2017/09/01"], ["2017/09/01", "2017/09/01"], ["2017/09/01", "2017/09/01"], ["2017/09/01", "2017/09/01"], ["2017/09/01", "2017/09/01"], ["2017/09/01", "2017/09/01"], ["2017/09/01", "2017/09/01"], ["2017/09/01", "2017/09/01"], ["2017/09/01", "2017/09/01"], ["2017/03/02", "2017/03/02"], ["2018/02/20", "2018/02/20"], ["2018/02/20", "2018/02/20"], ["2018/03/01", "2018/03/01"], ["2018/05/09", "2018/05/09"], ["2018/06/15", "2018/06/15"], ["2018/06/22", "2018/06/22"]], "tag_story": [], "label": "tag_88", "cumu_totals": {"listing": 0, "story": 0, "transaction": 0, "social": 0}, "edgetotals": {"transaction": 0, "story": 0, "social": 0, "listing": 0}, "date": "2018/02/01", "avg_totals": {"listing": 0, "story": 0, "transaction": 0, "social": 0}, "nodemeta": [], "type": "tag", "id": "7500", "tag_commoner": []}, {"nodemeta": ["story"], "stats": {}, "name": "lavoro", "tags": [], "spells": [["2017/09/01", "2017/09/01"], ["2017/09/01", "2017/09/01"], ["2017/09/01", "2017/09/01"], ["2017/09/01", "2017/09/01"], ["2017/09/01", "2017/09/01"], ["2018/02/20", "2018/02/20"], ["2018/03/01", "2018/03/01"], ["2018/03/19", "2018/03/19"], ["2018/04/16", "2018/04/16"], ["2018/05/09", "2018/05/09"], ["2018/06/15", "2018/06/15"]], "tag_story": [["[7401,7501]", "2018/03/19", "2018/03/19"]], "label": "tag_89", "edgetotals": {"transaction": 0, "story": 0, "social": 0, "listing": 0}, "date": "2018/02/01", "avg_totals": {"listing": 0, "story": 0, "transaction": 0, "social": 0}, "kcore": 0, "type": "tag", "id": "7501", "cumu_totals": {"listing": 0, "story": 0, "transaction": 0, "social": 0}}, {"nodemeta": ["story"], "stats": {}, "name": "misure di welfare", "tags": [], "spells": [["2017/09/01", "2017/09/01"], ["2017/09/01", "2017/09/01"], ["2017/09/01", "2017/09/01"], ["2017/09/01", "2017/09/01"], ["2017/09/01", "2017/09/01"], ["2017/09/01", "2017/09/01"], ["2017/09/01", "2017/09/01"], ["2017/09/01", "2017/09/01"], ["2017/09/01", "2017/09/01"], ["2017/09/01", "2017/09/01"], ["2017/09/01", "2017/09/01"], ["2017/09/01", "2017/09/01"], ["2017/09/01", "2017/09/01"], ["2017/09/01", "2017/09/01"], ["2017/09/01", "2017/09/01"], ["2017/09/01", "2017/09/01"], ["2017/09/01", "2017/09/01"], ["2017/09/01", "2017/09/01"], ["2017/09/01", "2017/09/01"], ["2017/09/01", "2017/09/01"], ["2017/09/01", "2017/09/01"], ["2017/09/01", "2017/09/01"], ["2018/03/19", "2018/03/19"], ["2018/07/09", "2018/07/09"], ["2018/07/09", "2018/07/09"]], "tag_story": [["[7401,7503]", "2018/03/19", "2018/03/19"]], "label": "tag_91", "edgetotals": {"transaction": 0, "story": 0, "social": 0, "listing": 0}, "date": "2018/02/01", "avg_totals": {"listing": 0, "story": 0, "transaction": 0, "social": 0}, "kcore": 0, "type": "tag", "id": "7503", "cumu_totals": {"listing": 0, "story": 0, "transaction": 0, "social": 0}}, {"nodemeta": ["story", "story", "story"], "stats": {"story": {"rcreate_story": [], "rtag_story": [], "create_story": [["[57,7401]", "2018/03/19", "2018/03/19"]], "tag_story": [["[7401,7717]", "2018/03/19", "2018/03/19"], ["[7401,7719]", "2018/03/19", "2018/03/19"], ["[7401,7718]", "2018/03/19", "2018/03/19"], ["[7401,7693]", "2018/03/19", "2018/03/19"], ["[7401,7487]", "2018/03/19", "2018/03/19"], ["[7401,7486]", "2018/03/19", "2018/03/19"], ["[7401,7539]", "2018/03/19", "2018/03/19"], ["[7401,7501]", "2018/03/19", "2018/03/19"], ["[7401,7503]", "2018/03/19", "2018/03/19"], ["[7401,7675]", "2018/03/19", "2018/03/19"], ["[7401,7545]", "2018/03/19", "2018/03/19"]]}, "2018/03/19": {"story": {"tag_story": [11, 0]}}}, "title": "", "spells": [["2018/03/19", "2018/03/19"], ["2018/03/19", "2018/03/19"], ["2018/03/19", "2018/03/19"], ["2018/03/19", "2018/03/19"], ["2018/03/19", "2018/03/19"], ["2018/03/19", "2018/03/19"], ["2018/03/19", "2018/03/19"], ["2018/03/19", "2018/03/19"], ["2018/03/19", "2018/03/19"], ["2018/03/19", "2018/03/19"], ["2018/03/19", "2018/03/19"], ["2018/03/19", "2018/03/19"]], "tag_story": [["[7401,7486]", "2018/03/19", "2018/03/19"], ["[7401,7487]", "2018/03/19", "2018/03/19"], ["[7401,7501]", "2018/03/19", "2018/03/19"], ["[7401,7503]", "2018/03/19", "2018/03/19"], ["[7401,7539]", "2018/03/19", "2018/03/19"], ["[7401,7545]", "2018/03/19", "2018/03/19"], ["[7401,7675]", "2018/03/19", "2018/03/19"], ["[7401,7693]", "2018/03/19", "2018/03/19"], ["[7401,7717]", "2018/03/19", "2018/03/19"], ["[7401,7718]", "2018/03/19", "2018/03/19"], ["[7401,7719]", "2018/03/19", "2018/03/19"]], "label": "story_142", "tags": ["precariet\u00e0", "trasformazioni produttive", "povert\u00e0", "lavoro", "misure di welfare", "roma", "milano", "welfare", "bin italia", "buone pratiche", "general intellect"], "edgetotals": {"transaction": 0, "story": 2.0, "social": 0, "listing": 0}, "date": "2018/02/01", "avg_totals": {"social": 0.0, "story": 4.0, "transaction": 0.0, "listing": 0.0}, "kcore": 1, "type": "story", "id": "7401", "create_story": [["[57,7401]", "2018/03/19", "2018/03/19"]], "cumu_totals": {"social": 0.0, "story": 1.0, "transaction": 0.0, "listing": 0.0}}, {"nodemeta": ["story", "story", "story"], "comment_story": [["[57,7400]", "2018/03/09", "2018/03/09"]], "edgetotals": {"transaction": 0, "story": 4.0, "social": 0, "listing": 0}, "tags": ["reddito di base", "reddito minimo garantito", "workfare", "diritto", "video", "regione lazio", "arte", "cultura"], "spells": [["2018/03/09", "2018/03/09"], ["2018/03/09", "2018/03/09"], ["2018/03/09", "2018/03/09"], ["2018/03/09", "2018/03/09"], ["2018/03/09", "2018/03/09"], ["2018/03/09", "2018/03/09"], ["2018/03/09", "2018/03/09"], ["2018/03/09", "2018/03/09"], ["2018/03/09", "2018/03/09"], ["2018/03/09", "2018/03/09"]], "title": "Per la Regione Lazio i giovani disoccupati passano il tempo sul divano a masturbarsi!", "tag_story": [["[7400,7691]", "2018/03/09", "2018/03/09"], ["[7400,7709]", "2018/03/09", "2018/03/09"], ["[7400,7710]", "2018/03/09", "2018/03/09"], ["[7400,7712]", "2018/03/09", "2018/03/09"], ["[7400,7713]", "2018/03/09", "2018/03/09"], ["[7400,7714]", "2018/03/09", "2018/03/09"], ["[7400,7715]", "2018/03/09", "2018/03/09"], ["[7400,7716]", "2018/03/09", "2018/03/09"]], "label": "story_140", "avg_totals": {"social": 0.0, "story": 8.0, "transaction": 0.0, "listing": 0.0}, "date": "2018/02/01", "stats": {"2018/03/09": {"story": {"rcomment_story": [1, 2], "tag_story": [8, 0]}}, "story": {"comment_story": [], "tag_story": [["[7400,7710]", "2018/03/09", "2018/03/09"], ["[7400,7713]", "2018/03/09", "2018/03/09"], ["[7400,7712]", "2018/03/09", "2018/03/09"], ["[7400,7715]", "2018/03/09", "2018/03/09"], ["[7400,7714]", "2018/03/09", "2018/03/09"], ["[7400,7716]", "2018/03/09", "2018/03/09"], ["[7400,7709]", "2018/03/09", "2018/03/09"], ["[7400,7691]", "2018/03/09", "2018/03/09"]], "rtag_story": [], "rcomment_story": [["[57,7400]", "2018/03/09", "2018/03/09"]], "rcreate_story": [], "create_story": [["[85,7400]", "2018/03/09", "2018/03/09"]]}}, "kcore": 2, "type": "story", "id": "7400", "create_story": [["[85,7400]", "2018/03/09", "2018/03/09"]], "cumu_totals": {"social": 0.0, "story": 2.0, "transaction": 0.0, "listing": 0.0}}, {"nodemeta": ["story", "story", "story"], "stats": {"story": {"rcreate_story": [], "rtag_story": [], "create_story": [["[57,7402]", "2018/03/21", "2018/03/21"]], "tag_story": [["[7402,7711]", "2018/03/21", "2018/03/21"], ["[7402,7499]", "2018/03/21", "2018/03/21"], ["[7402,7485]", "2018/03/21", "2018/03/21"], ["[7402,7720]", "2018/03/21", "2018/03/21"], ["[7402,7721]", "2018/03/21", "2018/03/21"], ["[7402,7722]", "2018/03/21", "2018/03/21"], ["[7402,7723]", "2018/03/21", "2018/03/21"], ["[7402,7724]", "2018/03/21", "2018/03/21"], ["[7402,7725]", "2018/03/21", "2018/03/21"], ["[7402,7726]", "2018/03/21", "2018/03/21"]]}, "2018/03/21": {"story": {"tag_story": [10, 0]}}}, "title": "Commonfare al Manifattura Milano Camp: connessioni immaginando il futuro", "spells": [["2018/03/21", "2018/03/21"], ["2018/03/21", "2018/03/21"], ["2018/03/21", "2018/03/21"], ["2018/03/21", "2018/03/21"], ["2018/03/21", "2018/03/21"], ["2018/03/21", "2018/03/21"], ["2018/03/21", "2018/03/21"], ["2018/03/21", "2018/03/21"], ["2018/03/21", "2018/03/21"], ["2018/03/21", "2018/03/21"], ["2018/03/21", "2018/03/21"]], "tag_story": [["[7402,7485]", "2018/03/21", "2018/03/21"], ["[7402,7499]", "2018/03/21", "2018/03/21"], ["[7402,7711]", "2018/03/21", "2018/03/21"], ["[7402,7720]", "2018/03/21", "2018/03/21"], ["[7402,7721]", "2018/03/21", "2018/03/21"], ["[7402,7722]", "2018/03/21", "2018/03/21"], ["[7402,7723]", "2018/03/21", "2018/03/21"], ["[7402,7724]", "2018/03/21", "2018/03/21"], ["[7402,7725]", "2018/03/21", "2018/03/21"], ["[7402,7726]", "2018/03/21", "2018/03/21"]], "label": "story_144", "tags": ["innovazione tecnologica", "innovazione sociale", "social innovation", "maker", "rivoluzione 4.0", "comune di milano", "cristina tajani", "annibale d'elia", "stefano miceli", "ricerca"], "edgetotals": {"transaction": 0, "story": 2.0, "social": 0, "listing": 0}, "date": "2018/02/01", "avg_totals": {"social": 0.0, "story": 4.0, "transaction": 0.0, "listing": 0.0}, "kcore": 1, "type": "story", "id": "7402", "create_story": [["[57,7402]", "2018/03/21", "2018/03/21"]], "cumu_totals": {"social": 0.0, "story": 1.0, "transaction": 0.0, "listing": 0.0}}, {"nodemeta": ["story"], "stats": {}, "name": "general intellect", "tags": [], "spells": [["2018/01/22", "2018/01/22"], ["2018/03/19", "2018/03/19"]], "tag_story": [["[7401,7675]", "2018/03/19", "2018/03/19"]], "label": "tag_276", "edgetotals": {"transaction": 0, "story": 0, "social": 0, "listing": 0}, "date": "2018/02/01", "avg_totals": {"listing": 0, "story": 0, "transaction": 0, "social": 0}, "kcore": 0, "type": "tag", "id": "7675", "cumu_totals": {"listing": 0, "story": 0, "transaction": 0, "social": 0}}, {"nodemeta": ["story"], "stats": {}, "name": "innovazione sociale", "tags": [], "spells": [["2017/11/22", "2017/11/22"], ["2018/03/21", "2018/03/21"]], "tag_story": [["[7402,7499]", "2018/03/21", "2018/03/21"]], "label": "tag_86", "edgetotals": {"transaction": 0, "story": 0, "social": 0, "listing": 0}, "date": "2018/02/01", "avg_totals": {"listing": 0, "story": 0, "transaction": 0, "social": 0}, "kcore": 0, "type": "tag", "id": "7499", "cumu_totals": {"listing": 0, "story": 0, "transaction": 0, "social": 0}}, {"nodemeta": ["story"], "stats": {}, "name": "social innovation", "tags": [], "spells": [["2017/11/13", "2017/11/13"], ["2017/11/15", "2017/11/15"], ["2017/11/22", "2017/11/22"], ["2018/02/18", "2018/02/18"], ["2018/02/20", "2018/02/20"], ["2018/03/21", "2018/03/21"]], "tag_story": [["[7402,7485]", "2018/03/21", "2018/03/21"]], "label": "tag_69", "edgetotals": {"transaction": 0, "story": 0, "social": 0, "listing": 0}, "date": "2018/02/01", "avg_totals": {"listing": 0, "story": 0, "transaction": 0, "social": 0}, "kcore": 0, "type": "tag", "id": "7485", "cumu_totals": {"listing": 0, "story": 0, "transaction": 0, "social": 0}}, {"nodemeta": ["story"], "stats": {}, "name": "welfare", "tags": [], "spells": [["2017/11/15", "2017/11/15"], ["2018/03/19", "2018/03/19"], ["2018/04/16", "2018/04/16"], ["2018/05/13", "2018/05/13"], ["2018/05/13", "2018/05/13"]], "tag_story": [["[7401,7487]", "2018/03/19", "2018/03/19"]], "label": "tag_71", "edgetotals": {"transaction": 0, "story": 0, "social": 0, "listing": 0}, "date": "2018/02/01", "avg_totals": {"listing": 0, "story": 0, "transaction": 0, "social": 0}, "kcore": 0, "type": "tag", "id": "7487", "cumu_totals": {"listing": 0, "story": 0, "transaction": 0, "social": 0}}, {"nodemeta": ["story"], "stats": {}, "name": "bin italia", "tags": [], "spells": [["2017/11/15", "2017/11/15"], ["2018/01/23", "2018/01/23"], ["2018/03/19", "2018/03/19"]], "tag_story": [["[7401,7486]", "2018/03/19", "2018/03/19"]], "label": "tag_70", "edgetotals": {"transaction": 0, "story": 0, "social": 0, "listing": 0}, "date": "2018/02/01", "avg_totals": {"listing": 0, "story": 0, "transaction": 0, "social": 0}, "kcore": 0, "type": "tag", "id": "7486", "cumu_totals": {"listing": 0, "story": 0, "transaction": 0, "social": 0}}, {"nodemeta": ["story"], "stats": {}, "name": "maker", "tags": [], "spells": [["2018/03/21", "2018/03/21"]], "tag_story": [["[7402,7720]", "2018/03/21", "2018/03/21"]], "label": "tag_331", "edgetotals": {"transaction": 0, "story": 0, "social": 0, "listing": 0}, "date": "2018/02/01", "avg_totals": {"listing": 0, "story": 0, "transaction": 0, "social": 0}, "kcore": 0, "type": "tag", "id": "7720", "cumu_totals": {"listing": 0, "story": 0, "transaction": 0, "social": 0}}, {"nodemeta": ["story"], "stats": {}, "name": "rivoluzione 4.0", "tags": [], "spells": [["2018/03/21", "2018/03/21"]], "tag_story": [["[7402,7721]", "2018/03/21", "2018/03/21"]], "label": "tag_333", "edgetotals": {"transaction": 0, "story": 0, "social": 0, "listing": 0}, "date": "2018/02/01", "avg_totals": {"listing": 0, "story": 0, "transaction": 0, "social": 0}, "kcore": 0, "type": "tag", "id": "7721", "cumu_totals": {"listing": 0, "story": 0, "transaction": 0, "social": 0}}, {"nodemeta": ["story"], "stats": {}, "name": "comune di milano", "tags": [], "spells": [["2018/03/21", "2018/03/21"]], "tag_story": [["[7402,7722]", "2018/03/21", "2018/03/21"]], "label": "tag_334", "edgetotals": {"transaction": 0, "story": 0, "social": 0, "listing": 0}, "date": "2018/02/01", "avg_totals": {"listing": 0, "story": 0, "transaction": 0, "social": 0}, "kcore": 0, "type": "tag", "id": "7722", "cumu_totals": {"listing": 0, "story": 0, "transaction": 0, "social": 0}}, {"nodemeta": ["story"], "stats": {}, "name": "cristina tajani", "tags": [], "spells": [["2018/03/21", "2018/03/21"]], "tag_story": [["[7402,7723]", "2018/03/21", "2018/03/21"]], "label": "tag_335", "edgetotals": {"transaction": 0, "story": 0, "social": 0, "listing": 0}, "date": "2018/02/01", "avg_totals": {"listing": 0, "story": 0, "transaction": 0, "social": 0}, "kcore": 0, "type": "tag", "id": "7723", "cumu_totals": {"listing": 0, "story": 0, "transaction": 0, "social": 0}}, {"nodemeta": ["story"], "stats": {}, "name": "annibale d'elia", "tags": [], "spells": [["2018/03/21", "2018/03/21"]], "tag_story": [["[7402,7724]", "2018/03/21", "2018/03/21"]], "label": "tag_336", "edgetotals": {"transaction": 0, "story": 0, "social": 0, "listing": 0}, "date": "2018/02/01", "avg_totals": {"listing": 0, "story": 0, "transaction": 0, "social": 0}, "kcore": 0, "type": "tag", "id": "7724", "cumu_totals": {"listing": 0, "story": 0, "transaction": 0, "social": 0}}, {"nodemeta": ["story"], "stats": {}, "name": "stefano miceli", "tags": [], "spells": [["2018/03/21", "2018/03/21"]], "tag_story": [["[7402,7725]", "2018/03/21", "2018/03/21"]], "label": "tag_337", "edgetotals": {"transaction": 0, "story": 0, "social": 0, "listing": 0}, "date": "2018/02/01", "avg_totals": {"listing": 0, "story": 0, "transaction": 0, "social": 0}, "kcore": 0, "type": "tag", "id": "7725", "cumu_totals": {"listing": 0, "story": 0, "transaction": 0, "social": 0}}, {"nodemeta": ["story"], "stats": {}, "name": "ricerca", "tags": [], "spells": [["2018/03/21", "2018/03/21"]], "tag_story": [["[7402,7726]", "2018/03/21", "2018/03/21"]], "label": "tag_340", "edgetotals": {"transaction": 0, "story": 0, "social": 0, "listing": 0}, "date": "2018/02/01", "avg_totals": {"listing": 0, "story": 0, "transaction": 0, "social": 0}, "kcore": 0, "type": "tag", "id": "7726", "cumu_totals": {"listing": 0, "story": 0, "transaction": 0, "social": 0}}, {"nodemeta": [], "stats": {}, "name": "self-organization", "tags": [], "spells": [["2018/03/01", "2018/03/01"]], "tag_story": [], "label": "tag_310", "edgetotals": {"transaction": 0, "story": 0, "social": 0, "listing": 0}, "date": "2018/02/01", "avg_totals": {"listing": 0, "story": 0, "transaction": 0, "social": 0}, "kcore": 0, "type": "tag", "id": "7706", "cumu_totals": {"listing": 0, "story": 0, "transaction": 0, "social": 0}}, {"nodemeta": [], "stats": {}, "name": "social cooperation", "tags": [], "spells": [["2018/03/01", "2018/03/01"]], "tag_story": [], "label": "tag_311", "edgetotals": {"transaction": 0, "story": 0, "social": 0, "listing": 0}, "date": "2018/02/01", "avg_totals": {"listing": 0, "story": 0, "transaction": 0, "social": 0}, "kcore": 0, "type": "tag", "id": "7707", "cumu_totals": {"listing": 0, "story": 0, "transaction": 0, "social": 0}}, {"nodemeta": [], "stats": {}, "name": "autoproduzione", "tags": [], "spells": [["2018/03/01", "2018/03/01"]], "tag_story": [], "label": "tag_308", "edgetotals": {"transaction": 0, "story": 0, "social": 0, "listing": 0}, "date": "2018/02/01", "avg_totals": {"listing": 0, "story": 0, "transaction": 0, "social": 0}, "kcore": 0, "type": "tag", "id": "7704", "cumu_totals": {"listing": 0, "story": 0, "transaction": 0, "social": 0}}, {"nodemeta": [], "stats": {}, "name": "wemake", "tags": [], "spells": [["2018/03/01", "2018/03/01"]], "tag_story": [], "label": "tag_306", "edgetotals": {"transaction": 0, "story": 0, "social": 0, "listing": 0}, "date": "2018/02/01", "avg_totals": {"listing": 0, "story": 0, "transaction": 0, "social": 0}, "kcore": 0, "type": "tag", "id": "7702", "cumu_totals": {"listing": 0, "story": 0, "transaction": 0, "social": 0}}, {"nodemeta": [], "stats": {}, "name": "isola pepe verde", "tags": [], "spells": [["2018/03/01", "2018/03/01"]], "tag_story": [], "label": "tag_307", "edgetotals": {"transaction": 0, "story": 0, "social": 0, "listing": 0}, "date": "2018/02/01", "avg_totals": {"listing": 0, "story": 0, "transaction": 0, "social": 0}, "kcore": 0, "type": "tag", "id": "7703", "cumu_totals": {"listing": 0, "story": 0, "transaction": 0, "social": 0}}, {"nodemeta": [], "stats": {}, "name": "ri-maflow", "tags": [], "spells": [["2018/03/01", "2018/03/01"]], "tag_story": [], "label": "tag_305", "edgetotals": {"transaction": 0, "story": 0, "social": 0, "listing": 0}, "date": "2018/02/01", "avg_totals": {"listing": 0, "story": 0, "transaction": 0, "social": 0}, "kcore": 0, "type": "tag", "id": "7701", "cumu_totals": {"listing": 0, "story": 0, "transaction": 0, "social": 0}}, {"nodemeta": ["story"], "stats": {}, "name": "buone pratiche", "tags": [], "spells": [["2018/02/18", "2018/02/18"], ["2018/02/20", "2018/02/20"], ["2018/02/20", "2018/02/20"], ["2018/02/20", "2018/02/20"], ["2018/02/20", "2018/02/20"], ["2018/02/20", "2018/02/20"], ["2018/02/20", "2018/02/20"], ["2018/02/20", "2018/02/20"], ["2018/03/19", "2018/03/19"], ["2018/05/16", "2018/05/16"], ["2018/07/03", "2018/07/03"], ["2018/07/05", "2018/07/05"], ["2018/07/09", "2018/07/09"]], "tag_story": [["[7401,7539]", "2018/03/19", "2018/03/19"]], "label": "tag_127", "edgetotals": {"transaction": 0, "story": 0, "social": 0, "listing": 0}, "date": "2018/02/01", "avg_totals": {"listing": 0, "story": 0, "transaction": 0, "social": 0}, "kcore": 0, "type": "tag", "id": "7539", "cumu_totals": {"listing": 0, "story": 0, "transaction": 0, "social": 0}}, {"nodemeta": [], "avg_totals": {"social": 0.0, "story": 8.0, "transaction": 0.0, "listing": 0.0}, "transaction": [], "comment_story": [], "name": "Rankis", "tags": [], "spells": [["2018/03/01", "2018/03/01"], ["2018/07/05", "2018/07/05"], ["2018/03/01", "2018/03/01"], ["2018/03/01", "2018/03/01"], ["2018/03/01", "2018/03/01"], ["2018/03/01", "2018/03/01"], ["2018/03/01", "2018/03/01"], ["2018/05/23", "2018/05/23"], ["2018/07/03", "2018/07/03"], ["2018/07/04", "2018/07/04"], ["2018/07/04", "2018/07/04"], ["2018/05/23", "2018/05/23"], ["2018/07/03", "2018/07/03"], ["2018/06/18", "2018/06/18"], ["2018/06/18", "2018/06/18"], ["2018/07/04", "2018/07/04"], ["2018/07/04", "2018/07/04"]], "label": "commoner_69", "edgetotals": {"transaction": 0, "story": 12.0, "social": 0, "listing": 0}, "date": "2018/02/01", "stats": {"2018/03/01": {"story": {"comment_story": [6, 12]}}, "story": {"comment_story": [["[58,57]", "2018/03/01", "2018/03/01"], ["[58,7399]", "2018/03/01", "2018/03/01"], ["[58,7398]", "2018/03/01", "2018/03/01"], ["[58,7398]", "2018/03/01", "2018/03/01"], ["[58,70]", "2018/03/01", "2018/03/01"], ["[58,70]", "2018/03/01", "2018/03/01"]], "rcomment_story": []}, "transaction": {"rtransaction": [], "transaction": []}}, "kcore": 2, "type": "commoner", "id": "58", "cumu_totals": {"social": 0.0, "story": 2.0, "transaction": 0.0, "listing": 0.0}}, {"nodemeta": ["story", "story"], "avg_totals": {"social": 0.0, "story": 8.0, "transaction": 0.0, "listing": 0.0}, "transaction": [], "comment_story": [["[57,85]", "2018/03/09", "2018/03/09"], ["[57,7400]", "2018/03/09", "2018/03/09"]], "name": "BIN Italia", "tags": [], "spells": [["2018/01/23", "2018/01/23"], ["2018/02/18", "2018/02/18"], ["2018/02/20", "2018/02/20"], ["2018/02/20", "2018/02/20"], ["2018/02/20", "2018/02/20"], ["2018/02/20", "2018/02/20"], ["2018/02/20", "2018/02/20"], ["2018/02/20", "2018/02/20"], ["2018/02/20", "2018/02/20"], ["2018/03/01", "2018/03/01"], ["2018/03/19", "2018/03/19"], ["2018/03/21", "2018/03/21"], ["2018/04/16", "2018/04/16"], ["2018/05/16", "2018/05/16"], ["2018/07/05", "2018/07/05"], ["2018/03/01", "2018/03/01"], ["2018/03/09", "2018/03/09"], ["2018/03/09", "2018/03/09"], ["2018/05/03", "2018/05/03"], ["2018/05/11", "2018/05/11"], ["2018/05/11", "2018/05/11"], ["2018/05/14", "2018/05/14"], ["2018/05/14", "2018/05/14"], ["2018/05/24", "2018/05/24"], ["2018/06/18", "2018/06/18"], ["2018/06/18", "2018/06/18"], ["2018/06/18", "2018/06/18"], ["2018/06/18", "2018/06/18"], ["2018/06/19", "2018/06/19"], ["2018/06/19", "2018/06/19"], ["2018/06/28", "2018/06/28"], ["2018/06/28", "2018/06/28"], ["2018/05/01", "2018/05/01"], ["2018/06/15", "2018/06/15"], ["2018/06/15", "2018/06/15"], ["2018/07/05", "2018/07/05"]], "label": "commoner_68", "conversation": [], "edgetotals": {"transaction": 0, "story": 12.0, "social": 0, "listing": 0}, "date": "2018/02/01", "stats": {"2018/03/09": {"story": {"comment_story": [2, 4]}}, "story": {"rcreate_story": [], "comment_story": [["[57,85]", "2018/03/09", "2018/03/09"], ["[57,7400]", "2018/03/09", "2018/03/09"]], "rcomment_story": [["[58,57]", "2018/03/01", "2018/03/01"]], "create_story": [["[57,7399]", "2018/03/01", "2018/03/01"], ["[57,7401]", "2018/03/19", "2018/03/19"], ["[57,7402]", "2018/03/21", "2018/03/21"]]}, "transaction": {"rtransaction": [], "transaction": []}, "2018/03/19": {"story": {"create_story": [1, 2]}}, "2018/03/01": {"story": {"rcomment_story": [1, 2], "create_story": [1, 2]}}, "2018/03/21": {"story": {"create_story": [1, 2]}}}, "kcore": 2, "type": "commoner", "id": "57", "create_story": [["[57,7401]", "2018/03/19", "2018/03/19"], ["[57,7402]", "2018/03/21", "2018/03/21"]], "cumu_totals": {"social": 0.0, "story": 2.0, "transaction": 0.0, "listing": 0.0}}, {"nodemeta": ["story"], "comment_story": [], "edgetotals": {"transaction": 0, "story": 4.0, "social": 0, "listing": 0}, "tags": ["autogestione", "cooperazione sociale", "work", "lavoro", "self-organization", "social cooperation", "autoproduzione", "wemake", "isola pepe verde", "ri-maflow"], "spells": [["2018/03/01", "2018/03/01"], ["2018/03/01", "2018/03/01"], ["2018/03/01", "2018/03/01"], ["2018/03/01", "2018/03/01"], ["2018/03/01", "2018/03/01"], ["2018/03/01", "2018/03/01"], ["2018/03/01", "2018/03/01"], ["2018/03/01", "2018/03/01"], ["2018/03/01", "2018/03/01"], ["2018/03/01", "2018/03/01"], ["2018/03/01", "2018/03/01"], ["2018/03/01", "2018/03/01"]], "title": "Gli artigiani di Ri-Maflow per i bambini di Soprasotto", "tag_story": [], "label": "story_137", "avg_totals": {"social": 0.0, "story": 8.0, "transaction": 0.0, "listing": 0.0}, "date": "2018/02/01", "stats": {"2018/03/01": {"story": {"rcomment_story": [1, 2], "tag_story": [10, 0]}}, "story": {"comment_story": [], "tag_story": [["[7399,7706]", "2018/03/01", "2018/03/01"], ["[7399,7707]", "2018/03/01", "2018/03/01"], ["[7399,7704]", "2018/03/01", "2018/03/01"], ["[7399,7705]", "2018/03/01", "2018/03/01"], ["[7399,7702]", "2018/03/01", "2018/03/01"], ["[7399,7703]", "2018/03/01", "2018/03/01"], ["[7399,7701]", "2018/03/01", "2018/03/01"], ["[7399,7708]", "2018/03/01", "2018/03/01"], ["[7399,7500]", "2018/03/01", "2018/03/01"], ["[7399,7501]", "2018/03/01", "2018/03/01"]], "rtag_story": [], "rcomment_story": [["[58,7399]", "2018/03/01", "2018/03/01"]], "rcreate_story": [], "create_story": [["[57,7399]", "2018/03/01", "2018/03/01"]]}}, "kcore": 2, "type": "story", "id": "7399", "create_story": [], "cumu_totals": {"social": 0.0, "story": 2.0, "transaction": 0.0, "listing": 0.0}}, {"nodemeta": ["story"], "comment_story": [], "edgetotals": {"transaction": 0, "story": 4.0, "social": 0, "listing": 0}, "tags": [], "spells": [["2018/02/28", "2018/02/28"], ["2018/02/28", "2018/02/28"], ["2018/02/28", "2018/02/28"], ["2018/02/28", "2018/02/28"], ["2018/02/28", "2018/02/28"], ["2018/02/28", "2018/02/28"], ["2018/02/28", "2018/02/28"], ["2018/02/28", "2018/02/28"], ["2018/03/01", "2018/03/01"], ["2018/03/01", "2018/03/01"]], "title": "Progetto Sopr\ufffcasotto\ufffc", "tag_story": [], "label": "story_136", "avg_totals": {"social": 0.0, "story": 4.0, "transaction": 0.0, "listing": 0.0}, "date": "2018/02/01", "stats": {"2018/03/01": {"story": {"rcomment_story": [2, 4]}}, "story": {"comment_story": [], "rcomment_story": [["[58,7398]", "2018/03/01", "2018/03/01"], ["[58,7398]", "2018/03/01", "2018/03/01"]]}}, "kcore": 1, "type": "story", "id": "7398", "create_story": [], "cumu_totals": {"social": 0.0, "story": 1.0, "transaction": 0.0, "listing": 0.0}}, {"avg_totals": {"social": 0.0, "story": 4.0, "transaction": 0.0, "listing": 0.0}, "nodemeta": [], "comment_story": [], "name": "SOPRASOTTO", "tags": [], "spells": [["2018/02/28", "2018/02/28"], ["2018/03/01", "2018/03/01"], ["2018/03/01", "2018/03/01"], ["2018/07/05", "2018/07/05"]], "label": "commoner_81", "conversation": [], "edgetotals": {"transaction": 0, "story": 4.0, "social": 0, "listing": 0}, "date": "2018/02/01", "stats": {"2018/03/01": {"story": {"rcomment_story": [2, 4]}}, "story": {"comment_story": [], "rcomment_story": [["[58,70]", "2018/03/01", "2018/03/01"], ["[58,70]", "2018/03/01", "2018/03/01"]]}}, "kcore": 1, "type": "commoner", "id": "70", "create_story": [], "cumu_totals": {"social": 0.0, "story": 1.0, "transaction": 0.0, "listing": 0.0}}, {"avg_totals": {"social": 0.0, "story": 8.0, "transaction": 0.0, "listing": 0.0}, "nodemeta": ["story"], "comment_story": [["[57,85]", "2018/03/09", "2018/03/09"]], "name": "jo_condor", "tags": [], "spells": [["2018/03/09", "2018/03/09"], ["2018/03/09", "2018/03/09"]], "label": "commoner_96", "edgetotals": {"transaction": 0, "story": 4.0, "social": 0, "listing": 0}, "date": "2018/02/01", "stats": {"2018/03/09": {"story": {"rcomment_story": [1, 2], "create_story": [1, 2]}}, "story": {"rcreate_story": [], "comment_story": [], "rcomment_story": [["[57,85]", "2018/03/09", "2018/03/09"]], "create_story": [["[85,7400]", "2018/03/09", "2018/03/09"]]}}, "kcore": 2, "type": "commoner", "id": "85", "create_story": [["[85,7400]", "2018/03/09", "2018/03/09"]], "cumu_totals": {"social": 0.0, "story": 2.0, "transaction": 0.0, "listing": 0.0}}], "tagcount": [["lavoro", 2], ["workfare", 1], ["work", 1], ["wemake", 1], ["welfare", 1], ["video", 1], ["trasformazioni produttive", 1], ["stefano miceli", 1], ["social innovation", 1], ["social cooperation", 1], ["self-organization", 1], ["roma", 1], ["rivoluzione 4.0", 1], ["ricerca", 1], ["ri-maflow", 1], ["regione lazio", 1], ["reddito minimo garantito", 1], ["reddito di base", 1], ["precariet\u00e0", 1], ["povert\u00e0", 1], ["misure di welfare", 1], ["milano", 1], ["maker", 1], ["isola pepe verde", 1], ["innovazione tecnologica", 1], ["innovazione sociale", 1], ["general intellect", 1], ["diritto", 1], ["cultura", 1], ["cristina tajani", 1], ["cooperazione sociale", 1], ["comune di milano", 1], ["buone pratiche", 1], ["bin italia", 1], ["autoproduzione", 1], ["autogestione", 1], ["arte", 1], ["annibale d'elia", 1]]}