{"directed": false, "links": [{"target": "7376", "weight": 1.0, "tag_story": [["[7376,7567]", "2017/04/26", "2017/04/26"]], "label": "tag_157+date_start=2017/04/26", "source": "7567", "id": "547", "spells": [["2017/04/26", "2017/04/26"]]}, {"target": "7376", "weight": 1.0, "tag_story": [["[7376,7569]", "2017/04/26", "2017/04/26"]], "label": "tag_159+date_start=2017/04/26", "source": "7569", "id": "565", "spells": [["2017/04/26", "2017/04/26"]]}, {"target": "7376", "weight": 1.0, "tag_story": [["[7376,7589]", "2017/04/26", "2017/04/26"]], "label": "tag_185+date_start=2017/04/26", "source": "7589", "id": "587", "spells": [["2017/04/26", "2017/04/26"]]}, {"target": "7376", "weight": 1.0, "tag_story": [["[7376,7442]", "2017/04/26", "2017/04/26"]], "label": "tag_5+date_start=2017/04/26", "source": "7442", "id": "149", "spells": [["2017/04/26", "2017/04/26"]]}, {"edgemeta": ["story"], "target": "7376", "weight": 1.0, "label": "create_107+date_start=2017/04/26", "source": "45", "edgeweight": {"45": 2.0, "7376": 2.0}, "id": "75", "create_story": [["[45,7376]", "2017/04/26", "2017/04/26"]], "spells": [["2017/04/26", "2017/04/26"]]}, {"target": "7591", "weight": 1.0, "tag_story": [["[7376,7591]", "2017/04/26", "2017/04/26"]], "label": "tag_187+date_start=2017/04/26", "source": "7376", "id": "589", "spells": [["2017/04/26", "2017/04/26"]]}, {"target": "7590", "weight": 1.0, "tag_story": [["[7376,7590]", "2017/04/26", "2017/04/26"]], "label": "tag_186+date_start=2017/04/26", "source": "7376", "id": "588", "spells": [["2017/04/26", "2017/04/26"]]}], "multigraph": false, "graph": {"start": "2016/06/01", "node_default": {}, "end": "2018/07/10", "mode": "dynamic", "edge_default": {}}, "date": "2017/05/01", "nodes": [{"nodemeta": ["story"], "stats": {}, "name": "good practices", "tags": [], "spells": [["2017/10/30", "2017/10/30"], ["2017/10/30", "2017/10/30"], ["2017/10/30", "2017/10/30"], ["2017/10/30", "2017/10/30"], ["2017/10/30", "2017/10/30"], ["2017/03/02", "2017/03/02"], ["2017/03/03", "2017/03/03"], ["2017/09/23", "2017/09/23"], ["2017/04/26", "2017/04/26"], ["2018/01/04", "2018/01/04"], ["2017/09/26", "2017/09/26"], ["2017/03/02", "2017/03/02"], ["2018/01/10", "2018/01/10"], ["2018/02/18", "2018/02/18"], ["2018/02/20", "2018/02/20"], ["2018/02/20", "2018/02/20"], ["2018/02/20", "2018/02/20"], ["2018/02/20", "2018/02/20"], ["2018/02/20", "2018/02/20"], ["2018/02/20", "2018/02/20"], ["2018/02/20", "2018/02/20"], ["2018/05/16", "2018/05/16"]], "tag_story": [["[7376,7567]", "2017/04/26", "2017/04/26"]], "label": "tag_157", "edgetotals": {"transaction": 0, "story": 0, "social": 0, "listing": 0}, "date": "2017/03/01", "avg_totals": {"listing": 0, "story": 0, "transaction": 0, "social": 0}, "kcore": 0, "type": "tag", "id": "7567", "cumu_totals": {"listing": 0, "story": 0, "transaction": 0, "social": 0}}, {"nodemeta": ["story"], "stats": {}, "name": "goede voorbeelden", "tags": [], "spells": [["2017/03/02", "2017/03/02"], ["2017/03/03", "2017/03/03"], ["2017/09/23", "2017/09/23"], ["2017/04/26", "2017/04/26"], ["2018/01/04", "2018/01/04"], ["2017/09/26", "2017/09/26"], ["2017/03/02", "2017/03/02"]], "tag_story": [["[7376,7569]", "2017/04/26", "2017/04/26"]], "label": "tag_159", "edgetotals": {"transaction": 0, "story": 0, "social": 0, "listing": 0}, "date": "2017/03/01", "avg_totals": {"listing": 0, "story": 0, "transaction": 0, "social": 0}, "kcore": 0, "type": "tag", "id": "7569", "cumu_totals": {"listing": 0, "story": 0, "transaction": 0, "social": 0}}, {"nodemeta": ["story"], "stats": {}, "name": "basisinkomen", "tags": [], "spells": [["2017/04/26", "2017/04/26"]], "tag_story": [["[7376,7589]", "2017/04/26", "2017/04/26"]], "label": "tag_185", "edgetotals": {"transaction": 0, "story": 0, "social": 0, "listing": 0}, "date": "2017/03/01", "avg_totals": {"listing": 0, "story": 0, "transaction": 0, "social": 0}, "kcore": 0, "type": "tag", "id": "7589", "cumu_totals": {"listing": 0, "story": 0, "transaction": 0, "social": 0}}, {"nodemeta": ["story"], "stats": {}, "name": "basic income", "tags": [], "spells": [["2017/09/30", "2017/09/30"], ["2017/04/26", "2017/04/26"], ["2018/01/23", "2018/01/23"]], "tag_story": [["[7376,7442]", "2017/04/26", "2017/04/26"]], "label": "tag_5", "edgetotals": {"transaction": 0, "story": 0, "social": 0, "listing": 0}, "date": "2017/03/01", "avg_totals": {"listing": 0, "story": 0, "transaction": 0, "social": 0}, "kcore": 0, "type": "tag", "id": "7442", "cumu_totals": {"listing": 0, "story": 0, "transaction": 0, "social": 0}}, {"nodemeta": ["story"], "avg_totals": {"social": 0.0, "story": 4.0, "transaction": 0.0, "listing": 0.0}, "transaction": [], "comment_story": [], "tag_commoner": [], "tags": [], "spells": [["2016/06/01", "2016/06/01"], ["2017/03/02", "2017/03/02"], ["2017/03/03", "2017/03/03"], ["2017/09/23", "2017/09/23"], ["2017/04/26", "2017/04/26"], ["2018/01/04", "2018/01/04"], ["2017/10/31", "2017/10/31"], ["2017/10/21", "2017/10/21"], ["2017/09/26", "2017/09/26"], ["2017/05/31", "2017/05/31"], ["2017/03/02", "2017/03/02"], ["2018/01/14", "2018/01/14"], ["2018/02/02", "2018/02/02"], ["2017/12/28", "2017/12/28"], ["2017/12/28", "2017/12/28"], ["2017/12/28", "2017/12/28"], ["2017/12/28", "2017/12/28"], ["2018/06/27", "2018/06/27"], ["2018/06/27", "2018/06/27"], ["2018/06/28", "2018/06/28"], ["2018/06/28", "2018/06/28"], ["2018/06/19", "2018/06/19"], ["2018/06/19", "2018/06/19"], ["2018/06/19", "2018/06/19"]], "name": "Museu da Crise", "kcore": 1, "conversation": [], "edgetotals": {"transaction": 0, "story": 2.0, "social": 0, "listing": 0}, "date": "2017/03/01", "stats": {"story": {"rcreate_story": [], "create_story": [["[45,7376]", "2017/04/26", "2017/04/26"]]}, "2017/04/26": {"story": {"create_story": [1, 2]}}}, "label": "commoner_56", "type": "commoner", "id": "45", "create_story": [["[45,7376]", "2017/04/26", "2017/04/26"]], "cumu_totals": {"social": 0.0, "story": 1.0, "transaction": 0.0, "listing": 0.0}}, {"nodemeta": ["story", "story", "story"], "stats": {"story": {"rcreate_story": [], "rtag_story": [], "create_story": [["[45,7376]", "2017/04/26", "2017/04/26"]], "tag_story": [["[7376,7567]", "2017/04/26", "2017/04/26"], ["[7376,7442]", "2017/04/26", "2017/04/26"], ["[7376,7589]", "2017/04/26", "2017/04/26"], ["[7376,7591]", "2017/04/26", "2017/04/26"], ["[7376,7569]", "2017/04/26", "2017/04/26"], ["[7376,7590]", "2017/04/26", "2017/04/26"]]}, "2017/04/26": {"story": {"tag_story": [6, 0]}}}, "title": "MIESlab", "spells": [["2017/04/26", "2017/04/26"], ["2017/04/26", "2017/04/26"], ["2017/04/26", "2017/04/26"], ["2017/04/26", "2017/04/26"], ["2017/04/26", "2017/04/26"], ["2017/04/26", "2017/04/26"], ["2017/04/26", "2017/04/26"]], "tag_story": [["[7376,7442]", "2017/04/26", "2017/04/26"], ["[7376,7567]", "2017/04/26", "2017/04/26"], ["[7376,7569]", "2017/04/26", "2017/04/26"], ["[7376,7589]", "2017/04/26", "2017/04/26"], ["[7376,7590]", "2017/04/26", "2017/04/26"], ["[7376,7591]", "2017/04/26", "2017/04/26"]], "label": "story_107", "tags": ["good practices", "goede voorbeelden", "basisinkomen", "basic income", "unconditional", "onvoorwaardelijk"], "edgetotals": {"transaction": 0, "story": 2.0, "social": 0, "listing": 0}, "date": "2017/03/01", "avg_totals": {"social": 0.0, "story": 4.0, "transaction": 0.0, "listing": 0.0}, "kcore": 1, "type": "story", "id": "7376", "create_story": [["[45,7376]", "2017/04/26", "2017/04/26"]], "cumu_totals": {"social": 0.0, "story": 1.0, "transaction": 0.0, "listing": 0.0}}, {"nodemeta": ["story"], "stats": {}, "name": "unconditional", "tags": [], "spells": [["2017/04/26", "2017/04/26"]], "tag_story": [["[7376,7591]", "2017/04/26", "2017/04/26"]], "label": "tag_187", "edgetotals": {"transaction": 0, "story": 0, "social": 0, "listing": 0}, "date": "2017/03/01", "avg_totals": {"listing": 0, "story": 0, "transaction": 0, "social": 0}, "kcore": 0, "type": "tag", "id": "7591", "cumu_totals": {"listing": 0, "story": 0, "transaction": 0, "social": 0}}, {"nodemeta": ["story"], "stats": {}, "name": "onvoorwaardelijk", "tags": [], "spells": [["2017/04/26", "2017/04/26"]], "tag_story": [["[7376,7590]", "2017/04/26", "2017/04/26"]], "label": "tag_186", "edgetotals": {"transaction": 0, "story": 0, "social": 0, "listing": 0}, "date": "2017/03/01", "avg_totals": {"listing": 0, "story": 0, "transaction": 0, "social": 0}, "kcore": 0, "type": "tag", "id": "7590", "cumu_totals": {"listing": 0, "story": 0, "transaction": 0, "social": 0}}], "tagcount": [["unconditional", 1], ["onvoorwaardelijk", 1], ["good practices", 1], ["goede voorbeelden", 1], ["basisinkomen", 1], ["basic income", 1]]}