{"directed": false, "links": [{"target": "7309", "weight": 1.0, "tag_story": [["[7309,7456]", "2017/11/13", "2017/11/13"]], "label": "tag_40+date_start=2017/11/13", "source": "7456", "id": "160", "spells": [["2017/11/13", "2017/11/13"]]}, {"target": "7311", "weight": 1.0, "tag_story": [["[7311,7492]", "2017/11/15", "2017/11/15"]], "label": "tag_76+date_start=2017/11/15", "source": "7492", "id": "217", "spells": [["2017/11/15", "2017/11/15"]]}, {"target": "7312", "weight": 1.0, "tag_story": [["[7312,7493]", "2017/11/15", "2017/11/15"]], "label": "tag_80+date_start=2017/11/15", "source": "7493", "id": "219", "spells": [["2017/11/15", "2017/11/15"]]}, {"target": "7313", "weight": 1.0, "tag_story": [["[7313,7496]", "2017/11/22", "2017/11/22"]], "label": "tag_83+date_start=2017/11/22", "source": "7496", "id": "222", "spells": [["2017/11/22", "2017/11/22"]]}, {"target": "7313", "weight": 1.0, "tag_story": [["[7313,7497]", "2017/11/22", "2017/11/22"]], "label": "tag_84+date_start=2017/11/22", "source": "7497", "id": "224", "spells": [["2017/11/22", "2017/11/22"]]}, {"target": "7312", "weight": 1.0, "tag_story": [["[7312,7494]", "2017/11/15", "2017/11/15"]], "label": "tag_81+date_start=2017/11/15", "source": "7494", "id": "220", "spells": [["2017/11/15", "2017/11/15"]]}, {"target": "7313", "weight": 1.0, "tag_story": [["[7313,7495]", "2017/11/22", "2017/11/22"]], "label": "tag_82+date_start=2017/11/22", "source": "7495", "id": "221", "spells": [["2017/11/22", "2017/11/22"]]}, {"target": "7371", "weight": 1.0, "tag_story": [["[7371,7526]", "2017/11/28", "2017/11/28"]], "label": "tag_114+date_start=2017/11/28", "source": "7526", "id": "489", "spells": [["2017/11/28", "2017/11/28"]]}, {"target": "7371", "weight": 1.0, "tag_story": [["[7371,7527]", "2017/11/28", "2017/11/28"]], "label": "tag_115+date_start=2017/11/28", "source": "7527", "id": "490", "spells": [["2017/11/28", "2017/11/28"]]}, {"target": "7371", "weight": 1.0, "tag_story": [["[7371,7525]", "2017/11/28", "2017/11/28"]], "label": "tag_113+date_start=2017/11/28", "source": "7525", "id": "488", "spells": [["2017/11/28", "2017/11/28"]]}, {"target": "7371", "weight": 1.0, "tag_story": [["[7371,7529]", "2017/11/28", "2017/11/28"]], "label": "tag_117+date_start=2017/11/28", "source": "7529", "id": "492", "spells": [["2017/11/28", "2017/11/28"]]}, {"target": "7484", "weight": 1.0, "tag_story": [["[7308,7484]", "2017/11/10", "2017/11/10"]], "label": "tag_68+date_start=2017/11/10", "source": "7308", "id": "196", "spells": [["2017/11/10", "2017/11/10"]]}, {"edgemeta": ["story"], "target": "37", "weight": 1.0, "label": "create_27+date_start=2017/11/10", "source": "7308", "edgeweight": {"7308": 2.0, "37": 2.0}, "id": "7", "create_story": [["[37,7308]", "2017/11/10", "2017/11/10"]], "spells": [["2017/11/10", "2017/11/10"]]}, {"target": "7479", "weight": 1.0, "tag_story": [["[7308,7479]", "2017/11/10", "2017/11/10"]], "label": "tag_63+date_start=2017/11/10", "source": "7308", "id": "191", "spells": [["2017/11/10", "2017/11/10"]]}, {"target": "7481", "weight": 1.0, "tag_story": [["[7308,7481]", "2017/11/10", "2017/11/10"]], "label": "tag_65+date_start=2017/11/10", "source": "7308", "id": "193", "spells": [["2017/11/10", "2017/11/10"]]}, {"target": "7480", "weight": 1.0, "tag_story": [["[7308,7480]", "2017/11/10", "2017/11/10"]], "label": "tag_64+date_start=2017/11/10", "source": "7308", "id": "192", "spells": [["2017/11/10", "2017/11/10"]]}, {"target": "7483", "weight": 1.0, "tag_story": [["[7308,7483]", "2017/11/10", "2017/11/10"]], "label": "tag_67+date_start=2017/11/10", "source": "7308", "id": "195", "spells": [["2017/11/10", "2017/11/10"]]}, {"target": "7482", "weight": 1.0, "tag_story": [["[7308,7482]", "2017/11/10", "2017/11/10"]], "label": "tag_66+date_start=2017/11/10", "source": "7308", "id": "194", "spells": [["2017/11/10", "2017/11/10"]]}, {"target": "7438", "weight": 1.0, "tag_story": [["[7308,7438]", "2017/11/10", "2017/11/10"]], "label": "tag_1+date_start=2017/11/10", "source": "7308", "id": "138", "spells": [["2017/11/10", "2017/11/10"]]}, {"edgemeta": ["story"], "comment_story": [["[24,7309]", "2017/11/22", "2017/11/22"]], "target": "24", "weight": 1.0, "label": "comment_25+date_start=2017/11/22", "source": "7309", "edgeweight": {"24": 2.0, "7309": 2.0}, "id": "821", "spells": [["2017/11/22", "2017/11/22"]]}, {"edgemeta": ["story"], "target": "42", "weight": 1.0, "label": "create_28+date_start=2017/11/13", "source": "7309", "edgeweight": {"7309": 2.0, "42": 2.0}, "id": "8", "create_story": [["[42,7309]", "2017/11/13", "2017/11/13"]], "spells": [["2017/11/13", "2017/11/13"]]}, {"target": "7485", "weight": 1.0, "tag_story": [["[7309,7485]", "2017/11/13", "2017/11/13"]], "label": "tag_69+date_start=2017/11/13", "source": "7309", "id": "197", "spells": [["2017/11/13", "2017/11/13"]]}, {"target": "7470", "weight": 1.0, "tag_story": [["[7309,7470]", "2017/11/13", "2017/11/13"]], "label": "tag_54+date_start=2017/11/13", "source": "7309", "id": "178", "spells": [["2017/11/13", "2017/11/13"]]}, {"target": "7473", "weight": 1.0, "tag_story": [["[7309,7473]", "2017/11/13", "2017/11/13"]], "label": "tag_57+date_start=2017/11/13", "source": "7309", "id": "182", "spells": [["2017/11/13", "2017/11/13"]]}, {"target": "7438", "weight": 1.0, "tag_story": [["[7309,7438]", "2017/11/13", "2017/11/13"]], "label": "tag_1+date_start=2017/11/13", "source": "7309", "id": "139", "spells": [["2017/11/13", "2017/11/13"]]}, {"target": "7313", "weight": 1.0, "tag_story": [["[7313,7499]", "2017/11/22", "2017/11/22"]], "label": "tag_86+date_start=2017/11/22", "source": "7499", "id": "226", "spells": [["2017/11/22", "2017/11/22"]]}, {"target": "7313", "weight": 1.0, "tag_story": [["[7313,7498]", "2017/11/22", "2017/11/22"]], "label": "tag_85+date_start=2017/11/22", "source": "7498", "id": "225", "spells": [["2017/11/22", "2017/11/22"]]}, {"target": "7311", "weight": 1.0, "tag_story": [["[7311,7490]", "2017/11/15", "2017/11/15"]], "label": "tag_74+date_start=2017/11/15", "source": "7490", "id": "213", "spells": [["2017/11/15", "2017/11/15"]]}, {"target": "7311", "weight": 1.0, "tag_story": [["[7311,7491]", "2017/11/15", "2017/11/15"]], "label": "tag_75+date_start=2017/11/15", "source": "7491", "id": "216", "spells": [["2017/11/15", "2017/11/15"]]}, {"target": "7310", "weight": 1.0, "tag_story": [["[7310,7485]", "2017/11/15", "2017/11/15"]], "label": "tag_69+date_start=2017/11/15", "source": "7485", "id": "198", "spells": [["2017/11/15", "2017/11/15"]]}, {"target": "7313", "weight": 1.0, "tag_story": [["[7313,7485]", "2017/11/22", "2017/11/22"]], "label": "tag_69+date_start=2017/11/22", "source": "7485", "id": "199", "spells": [["2017/11/22", "2017/11/22"]]}, {"target": "7310", "weight": 1.0, "tag_story": [["[7310,7487]", "2017/11/15", "2017/11/15"]], "label": "tag_71+date_start=2017/11/15", "source": "7487", "id": "206", "spells": [["2017/11/15", "2017/11/15"]]}, {"target": "7310", "weight": 1.0, "tag_story": [["[7310,7486]", "2017/11/15", "2017/11/15"]], "label": "tag_70+date_start=2017/11/15", "source": "7486", "id": "203", "spells": [["2017/11/15", "2017/11/15"]]}, {"target": "7311", "weight": 1.0, "tag_story": [["[7311,7489]", "2017/11/15", "2017/11/15"]], "label": "tag_73+date_start=2017/11/15", "source": "7489", "id": "212", "spells": [["2017/11/15", "2017/11/15"]]}, {"target": "7310", "weight": 1.0, "tag_story": [["[7310,7488]", "2017/11/15", "2017/11/15"]], "label": "tag_72+date_start=2017/11/15", "source": "7488", "id": "211", "spells": [["2017/11/15", "2017/11/15"]]}, {"target": "7371", "weight": 1.0, "tag_story": [["[7371,7528]", "2017/11/28", "2017/11/28"]], "label": "tag_116+date_start=2017/11/28", "source": "7528", "id": "491", "spells": [["2017/11/28", "2017/11/28"]]}, {"edgemeta": ["story"], "comment_story": [["[24,42]", "2017/11/22", "2017/11/22"]], "target": "42", "weight": 1.0, "label": "comment_25+date_start=2017/11/22", "source": "24", "edgeweight": {"24": 2.0, "42": 2.0}, "id": "820", "spells": [["2017/11/22", "2017/11/22"]]}, {"target": "7371", "weight": 1.0, "tag_story": [["[7371,7535]", "2017/11/28", "2017/11/28"]], "label": "tag_123+date_start=2017/11/28", "source": "7535", "id": "496", "spells": [["2017/11/28", "2017/11/28"]]}, {"target": "7371", "weight": 1.0, "tag_story": [["[7371,7534]", "2017/11/28", "2017/11/28"]], "label": "tag_122+date_start=2017/11/28", "source": "7534", "id": "495", "spells": [["2017/11/28", "2017/11/28"]]}, {"edgemeta": ["story"], "target": "7311", "weight": 1.0, "label": "create_30+date_start=2017/11/15", "source": "37", "edgeweight": {"37": 2.0, "7311": 2.0}, "id": "10", "create_story": [["[37,7311]", "2017/11/15", "2017/11/15"]], "spells": [["2017/11/15", "2017/11/15"]]}, {"edgemeta": ["story"], "target": "7310", "weight": 1.0, "label": "create_29+date_start=2017/11/15", "source": "37", "edgeweight": {"37": 2.0, "7310": 2.0}, "id": "9", "create_story": [["[37,7310]", "2017/11/15", "2017/11/15"]], "spells": [["2017/11/15", "2017/11/15"]]}, {"edgemeta": ["story"], "target": "7312", "weight": 1.0, "label": "create_32+date_start=2017/11/15", "source": "37", "edgeweight": {"37": 2.0, "7312": 2.0}, "id": "11", "create_story": [["[37,7312]", "2017/11/15", "2017/11/15"]], "spells": [["2017/11/15", "2017/11/15"]]}, {"target": "7371", "weight": 1.0, "tag_story": [["[7371,7537]", "2017/11/28", "2017/11/28"]], "label": "tag_125+date_start=2017/11/28", "source": "7537", "id": "497", "spells": [["2017/11/28", "2017/11/28"]]}, {"target": "7371", "weight": 1.0, "tag_story": [["[7371,7531]", "2017/11/28", "2017/11/28"]], "label": "tag_119+date_start=2017/11/28", "source": "7531", "id": "494", "spells": [["2017/11/28", "2017/11/28"]]}, {"target": "7371", "weight": 1.0, "tag_story": [["[7371,7530]", "2017/11/28", "2017/11/28"]], "label": "tag_118+date_start=2017/11/28", "source": "7530", "id": "493", "spells": [["2017/11/28", "2017/11/28"]]}, {"edgemeta": ["story"], "target": "7313", "weight": 1.0, "label": "create_33+date_start=2017/11/22", "source": "42", "edgeweight": {"42": 2.0, "7313": 2.0}, "id": "12", "create_story": [["[42,7313]", "2017/11/22", "2017/11/22"]], "spells": [["2017/11/22", "2017/11/22"]]}, {"edgemeta": ["story"], "target": "7371", "weight": 1.0, "label": "create_94+date_start=2017/11/28", "source": "43", "edgeweight": {"7371": 2.0, "43": 2.0}, "id": "70", "create_story": [["[43,7371]", "2017/11/28", "2017/11/28"]], "spells": [["2017/11/28", "2017/11/28"]]}, {"target": "7371", "weight": 1.0, "tag_story": [["[7371,7538]", "2017/11/28", "2017/11/28"]], "label": "tag_126+date_start=2017/11/28", "source": "7538", "id": "498", "spells": [["2017/11/28", "2017/11/28"]]}, {"target": "7438", "weight": 1.0, "tag_story": [["[7311,7438]", "2017/11/15", "2017/11/15"]], "label": "tag_1+date_start=2017/11/15", "source": "7311", "id": "140", "spells": [["2017/11/15", "2017/11/15"]]}, {"target": "7438", "weight": 1.0, "tag_story": [["[7312,7438]", "2017/11/15", "2017/11/15"]], "label": "tag_1+date_start=2017/11/15", "source": "7312", "id": "141", "spells": [["2017/11/15", "2017/11/15"]]}], "multigraph": false, "graph": {"start": "2016/06/01", "node_default": {}, "end": "2018/07/10", "mode": "dynamic", "edge_default": {}}, "date": "2017/12/01", "nodes": [{"nodemeta": ["story"], "stats": {}, "name": "civic engagement", "tags": [], "spells": [["2017/10/30", "2017/10/30"], ["2017/11/13", "2017/11/13"]], "tag_story": [["[7309,7456]", "2017/11/13", "2017/11/13"]], "label": "tag_40", "edgetotals": {"transaction": 0, "story": 0, "social": 0, "listing": 0}, "date": "2017/10/01", "avg_totals": {"listing": 0, "story": 0, "transaction": 0, "social": 0}, "kcore": 0, "type": "tag", "id": "7456", "cumu_totals": {"listing": 0, "story": 0, "transaction": 0, "social": 0}}, {"nodemeta": ["story"], "stats": {}, "name": "unemployment", "tags": [], "spells": [["2017/11/15", "2017/11/15"], ["2018/02/20", "2018/02/20"]], "tag_story": [["[7311,7492]", "2017/11/15", "2017/11/15"]], "label": "tag_76", "edgetotals": {"transaction": 0, "story": 0, "social": 0, "listing": 0}, "date": "2017/10/01", "avg_totals": {"listing": 0, "story": 0, "transaction": 0, "social": 0}, "kcore": 0, "type": "tag", "id": "7492", "cumu_totals": {"listing": 0, "story": 0, "transaction": 0, "social": 0}}, {"nodemeta": ["story"], "stats": {}, "name": "academia", "tags": [], "spells": [["2017/11/15", "2017/11/15"]], "tag_story": [["[7312,7493]", "2017/11/15", "2017/11/15"]], "label": "tag_80", "edgetotals": {"transaction": 0, "story": 0, "social": 0, "listing": 0}, "date": "2017/10/01", "avg_totals": {"listing": 0, "story": 0, "transaction": 0, "social": 0}, "kcore": 0, "type": "tag", "id": "7493", "cumu_totals": {"listing": 0, "story": 0, "transaction": 0, "social": 0}}, {"nodemeta": ["story"], "stats": {}, "name": "good practice", "tags": [], "spells": [["2017/11/22", "2017/11/22"], ["2018/07/05", "2018/07/05"]], "tag_story": [["[7313,7496]", "2017/11/22", "2017/11/22"]], "label": "tag_83", "edgetotals": {"transaction": 0, "story": 0, "social": 0, "listing": 0}, "date": "2017/10/01", "avg_totals": {"listing": 0, "story": 0, "transaction": 0, "social": 0}, "kcore": 0, "type": "tag", "id": "7496", "cumu_totals": {"listing": 0, "story": 0, "transaction": 0, "social": 0}}, {"nodemeta": ["story"], "stats": {}, "name": "prismatica", "tags": [], "spells": [["2017/11/22", "2017/11/22"]], "tag_story": [["[7313,7497]", "2017/11/22", "2017/11/22"]], "label": "tag_84", "edgetotals": {"transaction": 0, "story": 0, "social": 0, "listing": 0}, "date": "2017/10/01", "avg_totals": {"listing": 0, "story": 0, "transaction": 0, "social": 0}, "kcore": 0, "type": "tag", "id": "7497", "cumu_totals": {"listing": 0, "story": 0, "transaction": 0, "social": 0}}, {"nodemeta": ["story"], "stats": {}, "name": "paper", "tags": [], "spells": [["2017/11/15", "2017/11/15"]], "tag_story": [["[7312,7494]", "2017/11/15", "2017/11/15"]], "label": "tag_81", "edgetotals": {"transaction": 0, "story": 0, "social": 0, "listing": 0}, "date": "2017/10/01", "avg_totals": {"listing": 0, "story": 0, "transaction": 0, "social": 0}, "kcore": 0, "type": "tag", "id": "7494", "cumu_totals": {"listing": 0, "story": 0, "transaction": 0, "social": 0}}, {"nodemeta": ["story"], "stats": {}, "name": "ecomuseo", "tags": [], "spells": [["2017/11/22", "2017/11/22"]], "tag_story": [["[7313,7495]", "2017/11/22", "2017/11/22"]], "label": "tag_82", "edgetotals": {"transaction": 0, "story": 0, "social": 0, "listing": 0}, "date": "2017/10/01", "avg_totals": {"listing": 0, "story": 0, "transaction": 0, "social": 0}, "kcore": 0, "type": "tag", "id": "7495", "cumu_totals": {"listing": 0, "story": 0, "transaction": 0, "social": 0}}, {"nodemeta": ["story"], "stats": {}, "name": "siroma\u0161tvo", "tags": [], "spells": [["2017/11/28", "2017/11/28"]], "tag_story": [["[7371,7526]", "2017/11/28", "2017/11/28"]], "label": "tag_114", "edgetotals": {"transaction": 0, "story": 0, "social": 0, "listing": 0}, "date": "2017/10/01", "avg_totals": {"listing": 0, "story": 0, "transaction": 0, "social": 0}, "kcore": 0, "type": "tag", "id": "7526", "cumu_totals": {"listing": 0, "story": 0, "transaction": 0, "social": 0}}, {"nodemeta": ["story"], "stats": {}, "name": "obrazovanje", "tags": [], "spells": [["2017/11/28", "2017/11/28"]], "tag_story": [["[7371,7527]", "2017/11/28", "2017/11/28"]], "label": "tag_115", "edgetotals": {"transaction": 0, "story": 0, "social": 0, "listing": 0}, "date": "2017/10/01", "avg_totals": {"listing": 0, "story": 0, "transaction": 0, "social": 0}, "kcore": 0, "type": "tag", "id": "7527", "cumu_totals": {"listing": 0, "story": 0, "transaction": 0, "social": 0}}, {"nodemeta": ["story"], "stats": {}, "name": "nejednakost", "tags": [], "spells": [["2017/11/28", "2017/11/28"]], "tag_story": [["[7371,7525]", "2017/11/28", "2017/11/28"]], "label": "tag_113", "edgetotals": {"transaction": 0, "story": 0, "social": 0, "listing": 0}, "date": "2017/10/01", "avg_totals": {"listing": 0, "story": 0, "transaction": 0, "social": 0}, "kcore": 0, "type": "tag", "id": "7525", "cumu_totals": {"listing": 0, "story": 0, "transaction": 0, "social": 0}}, {"nodemeta": ["story"], "stats": {}, "name": "jednaki pristup", "tags": [], "spells": [["2017/11/28", "2017/11/28"]], "tag_story": [["[7371,7529]", "2017/11/28", "2017/11/28"]], "label": "tag_117", "edgetotals": {"transaction": 0, "story": 0, "social": 0, "listing": 0}, "date": "2017/10/01", "avg_totals": {"listing": 0, "story": 0, "transaction": 0, "social": 0}, "kcore": 0, "type": "tag", "id": "7529", "cumu_totals": {"listing": 0, "story": 0, "transaction": 0, "social": 0}}, {"nodemeta": ["story", "story", "story"], "stats": {"story": {"rcreate_story": [], "rtag_story": [], "create_story": [["[37,7308]", "2017/11/10", "2017/11/10"]], "tag_story": [["[7308,7484]", "2017/11/10", "2017/11/10"], ["[7308,7479]", "2017/11/10", "2017/11/10"], ["[7308,7481]", "2017/11/10", "2017/11/10"], ["[7308,7480]", "2017/11/10", "2017/11/10"], ["[7308,7483]", "2017/11/10", "2017/11/10"], ["[7308,7482]", "2017/11/10", "2017/11/10"], ["[7308,7438]", "2017/11/10", "2017/11/10"]]}, "2017/11/10": {"story": {"tag_story": [7, 0]}}}, "title": "Voices from the field - Get to know Commonfare pilot partners! - Commonfare Newsletter #1", "spells": [["2017/11/10", "2017/11/10"], ["2017/11/10", "2017/11/10"], ["2017/11/10", "2017/11/10"], ["2017/11/10", "2017/11/10"], ["2017/11/10", "2017/11/10"], ["2017/11/10", "2017/11/10"], ["2017/11/10", "2017/11/10"], ["2017/11/10", "2017/11/10"]], "tag_story": [["[7308,7438]", "2017/11/10", "2017/11/10"], ["[7308,7479]", "2017/11/10", "2017/11/10"], ["[7308,7480]", "2017/11/10", "2017/11/10"], ["[7308,7481]", "2017/11/10", "2017/11/10"], ["[7308,7482]", "2017/11/10", "2017/11/10"], ["[7308,7483]", "2017/11/10", "2017/11/10"], ["[7308,7484]", "2017/11/10", "2017/11/10"]], "label": "story_27", "tags": ["pilots", "newsletter", "croatia", "italy", "voices from the field", "the netherlands", "commonfare"], "edgetotals": {"transaction": 0, "story": 2.0, "social": 0, "listing": 0}, "date": "2017/10/01", "avg_totals": {"social": 0.0, "story": 4.0, "transaction": 0.0, "listing": 0.0}, "kcore": 1, "type": "story", "id": "7308", "create_story": [["[37,7308]", "2017/11/10", "2017/11/10"]], "cumu_totals": {"social": 0.0, "story": 1.0, "transaction": 0.0, "listing": 0.0}}, {"nodemeta": ["story", "story", "story"], "comment_story": [["[24,7309]", "2017/11/22", "2017/11/22"]], "edgetotals": {"transaction": 0, "story": 4.0, "social": 0, "listing": 0}, "tags": ["civic engagement", "social innovation", "social impact", "community development", "commonfare"], "spells": [["2017/11/13", "2017/11/13"], ["2017/11/13", "2017/11/13"], ["2017/11/13", "2017/11/13"], ["2017/11/13", "2017/11/13"], ["2017/11/13", "2017/11/13"], ["2017/11/13", "2017/11/13"], ["2017/11/22", "2017/11/22"]], "title": "Prismatica: Social Innovation stories  ", "tag_story": [["[7309,7438]", "2017/11/13", "2017/11/13"], ["[7309,7456]", "2017/11/13", "2017/11/13"], ["[7309,7470]", "2017/11/13", "2017/11/13"], ["[7309,7473]", "2017/11/13", "2017/11/13"], ["[7309,7485]", "2017/11/13", "2017/11/13"]], "label": "story_28", "avg_totals": {"social": 0.0, "story": 8.0, "transaction": 0.0, "listing": 0.0}, "date": "2017/10/01", "stats": {"2017/11/13": {"story": {"tag_story": [5, 0]}}, "2017/11/22": {"story": {"rcomment_story": [1, 2]}}, "story": {"comment_story": [], "tag_story": [["[7309,7456]", "2017/11/13", "2017/11/13"], ["[7309,7485]", "2017/11/13", "2017/11/13"], ["[7309,7470]", "2017/11/13", "2017/11/13"], ["[7309,7473]", "2017/11/13", "2017/11/13"], ["[7309,7438]", "2017/11/13", "2017/11/13"]], "rtag_story": [], "rcomment_story": [["[24,7309]", "2017/11/22", "2017/11/22"]], "rcreate_story": [], "create_story": [["[42,7309]", "2017/11/13", "2017/11/13"]]}}, "kcore": 2, "type": "story", "id": "7309", "create_story": [["[42,7309]", "2017/11/13", "2017/11/13"]], "cumu_totals": {"social": 0.0, "story": 2.0, "transaction": 0.0, "listing": 0.0}}, {"nodemeta": ["story"], "stats": {}, "name": "innovazione sociale", "tags": [], "spells": [["2017/11/22", "2017/11/22"], ["2018/03/21", "2018/03/21"]], "tag_story": [["[7313,7499]", "2017/11/22", "2017/11/22"]], "label": "tag_86", "edgetotals": {"transaction": 0, "story": 0, "social": 0, "listing": 0}, "date": "2017/10/01", "avg_totals": {"listing": 0, "story": 0, "transaction": 0, "social": 0}, "kcore": 0, "type": "tag", "id": "7499", "cumu_totals": {"listing": 0, "story": 0, "transaction": 0, "social": 0}}, {"nodemeta": ["story"], "stats": {}, "name": "documentario", "tags": [], "spells": [["2017/11/22", "2017/11/22"]], "tag_story": [["[7313,7498]", "2017/11/22", "2017/11/22"]], "label": "tag_85", "edgetotals": {"transaction": 0, "story": 0, "social": 0, "listing": 0}, "date": "2017/10/01", "avg_totals": {"listing": 0, "story": 0, "transaction": 0, "social": 0}, "kcore": 0, "type": "tag", "id": "7498", "cumu_totals": {"listing": 0, "story": 0, "transaction": 0, "social": 0}}, {"nodemeta": ["story"], "stats": {}, "name": "amsterdam", "tags": [], "spells": [["2017/11/15", "2017/11/15"], ["2016/06/01", "2016/06/01"]], "tag_story": [["[7311,7490]", "2017/11/15", "2017/11/15"]], "label": "tag_74", "edgetotals": {"transaction": 0, "story": 0, "social": 0, "listing": 0}, "date": "2017/10/01", "avg_totals": {"listing": 0, "story": 0, "transaction": 0, "social": 0}, "kcore": 0, "type": "tag", "id": "7490", "cumu_totals": {"listing": 0, "story": 0, "transaction": 0, "social": 0}}, {"kcore": 0, "stats": {}, "name": "arts", "tags": [], "spells": [["2017/11/15", "2017/11/15"], ["2018/06/22", "2018/06/22"]], "tag_story": [["[7311,7491]", "2017/11/15", "2017/11/15"]], "label": "tag_75", "cumu_totals": {"listing": 0, "story": 0, "transaction": 0, "social": 0}, "edgetotals": {"transaction": 0, "story": 0, "social": 0, "listing": 0}, "date": "2017/10/01", "avg_totals": {"listing": 0, "story": 0, "transaction": 0, "social": 0}, "nodemeta": ["story"], "type": "tag", "id": "7491", "tag_commoner": []}, {"nodemeta": ["story"], "stats": {}, "name": "social innovation", "tags": [], "spells": [["2017/11/13", "2017/11/13"], ["2017/11/15", "2017/11/15"], ["2017/11/22", "2017/11/22"], ["2018/02/18", "2018/02/18"], ["2018/02/20", "2018/02/20"], ["2018/03/21", "2018/03/21"]], "tag_story": [["[7309,7485]", "2017/11/13", "2017/11/13"], ["[7310,7485]", "2017/11/15", "2017/11/15"], ["[7313,7485]", "2017/11/22", "2017/11/22"]], "label": "tag_69", "edgetotals": {"transaction": 0, "story": 0, "social": 0, "listing": 0}, "date": "2017/10/01", "avg_totals": {"listing": 0, "story": 0, "transaction": 0, "social": 0}, "kcore": 0, "type": "tag", "id": "7485", "cumu_totals": {"listing": 0, "story": 0, "transaction": 0, "social": 0}}, {"nodemeta": ["story"], "stats": {}, "name": "newsletter", "tags": [], "spells": [["2017/11/10", "2017/11/10"]], "tag_story": [["[7308,7484]", "2017/11/10", "2017/11/10"]], "label": "tag_68", "edgetotals": {"transaction": 0, "story": 0, "social": 0, "listing": 0}, "date": "2017/10/01", "avg_totals": {"listing": 0, "story": 0, "transaction": 0, "social": 0}, "kcore": 0, "type": "tag", "id": "7484", "cumu_totals": {"listing": 0, "story": 0, "transaction": 0, "social": 0}}, {"nodemeta": ["story"], "stats": {}, "name": "welfare", "tags": [], "spells": [["2017/11/15", "2017/11/15"], ["2018/03/19", "2018/03/19"], ["2018/04/16", "2018/04/16"], ["2018/05/13", "2018/05/13"], ["2018/05/13", "2018/05/13"]], "tag_story": [["[7310,7487]", "2017/11/15", "2017/11/15"]], "label": "tag_71", "edgetotals": {"transaction": 0, "story": 0, "social": 0, "listing": 0}, "date": "2017/10/01", "avg_totals": {"listing": 0, "story": 0, "transaction": 0, "social": 0}, "kcore": 0, "type": "tag", "id": "7487", "cumu_totals": {"listing": 0, "story": 0, "transaction": 0, "social": 0}}, {"nodemeta": ["story"], "stats": {}, "name": "bin italia", "tags": [], "spells": [["2017/11/15", "2017/11/15"], ["2018/01/23", "2018/01/23"], ["2018/03/19", "2018/03/19"]], "tag_story": [["[7310,7486]", "2017/11/15", "2017/11/15"]], "label": "tag_70", "edgetotals": {"transaction": 0, "story": 0, "social": 0, "listing": 0}, "date": "2017/10/01", "avg_totals": {"listing": 0, "story": 0, "transaction": 0, "social": 0}, "kcore": 0, "type": "tag", "id": "7486", "cumu_totals": {"listing": 0, "story": 0, "transaction": 0, "social": 0}}, {"nodemeta": ["story"], "stats": {}, "name": "croatia", "tags": [], "spells": [["2017/11/10", "2017/11/10"]], "tag_story": [["[7308,7481]", "2017/11/10", "2017/11/10"]], "label": "tag_65", "edgetotals": {"transaction": 0, "story": 0, "social": 0, "listing": 0}, "date": "2017/10/01", "avg_totals": {"listing": 0, "story": 0, "transaction": 0, "social": 0}, "kcore": 0, "type": "tag", "id": "7481", "cumu_totals": {"listing": 0, "story": 0, "transaction": 0, "social": 0}}, {"nodemeta": ["story"], "stats": {}, "name": "italy", "tags": [], "spells": [["2017/11/10", "2017/11/10"]], "tag_story": [["[7308,7480]", "2017/11/10", "2017/11/10"]], "label": "tag_64", "edgetotals": {"transaction": 0, "story": 0, "social": 0, "listing": 0}, "date": "2017/10/01", "avg_totals": {"listing": 0, "story": 0, "transaction": 0, "social": 0}, "kcore": 0, "type": "tag", "id": "7480", "cumu_totals": {"listing": 0, "story": 0, "transaction": 0, "social": 0}}, {"nodemeta": ["story"], "stats": {}, "name": "voices from the field", "tags": [], "spells": [["2017/11/10", "2017/11/10"]], "tag_story": [["[7308,7483]", "2017/11/10", "2017/11/10"]], "label": "tag_67", "edgetotals": {"transaction": 0, "story": 0, "social": 0, "listing": 0}, "date": "2017/10/01", "avg_totals": {"listing": 0, "story": 0, "transaction": 0, "social": 0}, "kcore": 0, "type": "tag", "id": "7483", "cumu_totals": {"listing": 0, "story": 0, "transaction": 0, "social": 0}}, {"nodemeta": ["story"], "stats": {}, "name": "the netherlands", "tags": [], "spells": [["2017/11/10", "2017/11/10"]], "tag_story": [["[7308,7482]", "2017/11/10", "2017/11/10"]], "label": "tag_66", "edgetotals": {"transaction": 0, "story": 0, "social": 0, "listing": 0}, "date": "2017/10/01", "avg_totals": {"listing": 0, "story": 0, "transaction": 0, "social": 0}, "kcore": 0, "type": "tag", "id": "7482", "cumu_totals": {"listing": 0, "story": 0, "transaction": 0, "social": 0}}, {"nodemeta": ["story"], "stats": {}, "name": "museu da crise", "tags": [], "spells": [["2017/11/15", "2017/11/15"]], "tag_story": [["[7311,7489]", "2017/11/15", "2017/11/15"]], "label": "tag_73", "edgetotals": {"transaction": 0, "story": 0, "social": 0, "listing": 0}, "date": "2017/10/01", "avg_totals": {"listing": 0, "story": 0, "transaction": 0, "social": 0}, "kcore": 0, "type": "tag", "id": "7489", "cumu_totals": {"listing": 0, "story": 0, "transaction": 0, "social": 0}}, {"nodemeta": ["story"], "stats": {}, "name": "municipality", "tags": [], "spells": [["2017/11/15", "2017/11/15"]], "tag_story": [["[7310,7488]", "2017/11/15", "2017/11/15"]], "label": "tag_72", "edgetotals": {"transaction": 0, "story": 0, "social": 0, "listing": 0}, "date": "2017/10/01", "avg_totals": {"listing": 0, "story": 0, "transaction": 0, "social": 0}, "kcore": 0, "type": "tag", "id": "7488", "cumu_totals": {"listing": 0, "story": 0, "transaction": 0, "social": 0}}, {"nodemeta": ["story"], "stats": {}, "name": "javne politike", "tags": [], "spells": [["2017/11/28", "2017/11/28"]], "tag_story": [["[7371,7528]", "2017/11/28", "2017/11/28"]], "label": "tag_116", "edgetotals": {"transaction": 0, "story": 0, "social": 0, "listing": 0}, "date": "2017/10/01", "avg_totals": {"listing": 0, "story": 0, "transaction": 0, "social": 0}, "kcore": 0, "type": "tag", "id": "7528", "cumu_totals": {"listing": 0, "story": 0, "transaction": 0, "social": 0}}, {"avg_totals": {"social": 0.0, "story": 8.0, "transaction": 0.0, "listing": 0.0}, "nodemeta": ["story"], "comment_story": [["[24,42]", "2017/11/22", "2017/11/22"], ["[24,7309]", "2017/11/22", "2017/11/22"]], "name": "Q", "tags": [], "spells": [["2017/10/17", "2017/10/17"], ["2017/10/17", "2017/10/17"], ["2017/11/22", "2017/11/22"], ["2017/11/22", "2017/11/22"], ["2018/07/06", "2018/07/06"], ["2018/07/06", "2018/07/06"]], "label": "commoner_35", "edgetotals": {"transaction": 0, "story": 4.0, "social": 0, "listing": 0}, "date": "2017/10/01", "stats": {"2017/11/22": {"story": {"comment_story": [2, 4]}}, "story": {"comment_story": [["[24,7309]", "2017/11/22", "2017/11/22"], ["[24,42]", "2017/11/22", "2017/11/22"]], "rcomment_story": []}}, "kcore": 2, "type": "commoner", "id": "24", "cumu_totals": {"social": 0.0, "story": 2.0, "transaction": 0.0, "listing": 0.0}}, {"nodemeta": ["story"], "stats": {}, "name": "zdravstvo", "tags": [], "spells": [["2017/11/28", "2017/11/28"]], "tag_story": [["[7371,7535]", "2017/11/28", "2017/11/28"]], "label": "tag_123", "edgetotals": {"transaction": 0, "story": 0, "social": 0, "listing": 0}, "date": "2017/10/01", "avg_totals": {"listing": 0, "story": 0, "transaction": 0, "social": 0}, "kcore": 0, "type": "tag", "id": "7535", "cumu_totals": {"listing": 0, "story": 0, "transaction": 0, "social": 0}}, {"nodemeta": ["story"], "stats": {}, "name": "klijentelizam", "tags": [], "spells": [["2017/11/28", "2017/11/28"]], "tag_story": [["[7371,7534]", "2017/11/28", "2017/11/28"]], "label": "tag_122", "edgetotals": {"transaction": 0, "story": 0, "social": 0, "listing": 0}, "date": "2017/10/01", "avg_totals": {"listing": 0, "story": 0, "transaction": 0, "social": 0}, "kcore": 0, "type": "tag", "id": "7534", "cumu_totals": {"listing": 0, "story": 0, "transaction": 0, "social": 0}}, {"avg_totals": {"social": 0.0, "story": 4.0, "transaction": 0.0, "listing": 0.0}, "transaction": [], "comment_story": [], "name": "Commonfare", "tags": [], "spells": [["2017/11/10", "2017/11/10"], ["2017/11/15", "2017/11/15"], ["2017/11/15", "2017/11/15"], ["2017/11/15", "2017/11/15"], ["2017/09/01", "2017/09/01"], ["2017/09/01", "2017/09/01"], ["2017/09/01", "2017/09/01"], ["2017/09/01", "2017/09/01"], ["2017/09/01", "2017/09/01"], ["2017/09/01", "2017/09/01"], ["2017/09/01", "2017/09/01"], ["2017/09/01", "2017/09/01"], ["2017/09/01", "2017/09/01"], ["2017/09/01", "2017/09/01"], ["2017/09/01", "2017/09/01"], ["2017/09/01", "2017/09/01"], ["2017/09/01", "2017/09/01"], ["2017/09/01", "2017/09/01"], ["2017/09/01", "2017/09/01"], ["2017/09/01", "2017/09/01"], ["2017/09/01", "2017/09/01"], ["2017/09/01", "2017/09/01"], ["2017/09/01", "2017/09/01"], ["2017/09/01", "2017/09/01"], ["2017/09/01", "2017/09/01"], ["2017/09/01", "2017/09/01"], ["2017/09/01", "2017/09/01"], ["2017/09/01", "2017/09/01"], ["2017/09/01", "2017/09/01"], ["2017/09/01", "2017/09/01"], ["2017/09/01", "2017/09/01"], ["2017/09/01", "2017/09/01"], ["2017/09/01", "2017/09/01"], ["2017/09/01", "2017/09/01"], ["2017/09/01", "2017/09/01"], ["2017/09/01", "2017/09/01"], ["2017/09/01", "2017/09/01"], ["2017/09/01", "2017/09/01"], ["2017/09/01", "2017/09/01"], ["2017/09/01", "2017/09/01"], ["2017/09/01", "2017/09/01"], ["2017/09/01", "2017/09/01"], ["2017/09/01", "2017/09/01"], ["2017/09/01", "2017/09/01"], ["2017/09/01", "2017/09/01"], ["2017/09/01", "2017/09/01"], ["2017/09/01", "2017/09/01"], ["2017/09/01", "2017/09/01"], ["2017/09/01", "2017/09/01"], ["2017/09/01", "2017/09/01"], ["2017/09/01", "2017/09/01"], ["2017/09/01", "2017/09/01"], ["2017/09/01", "2017/09/01"], ["2017/09/01", "2017/09/01"], ["2017/09/01", "2017/09/01"], ["2017/09/01", "2017/09/01"], ["2017/09/01", "2017/09/01"], ["2017/09/01", "2017/09/01"], ["2017/09/01", "2017/09/01"], ["2017/09/01", "2017/09/01"], ["2017/09/01", "2017/09/01"], ["2018/01/22", "2018/01/22"], ["2018/05/24", "2018/05/24"], ["2018/06/12", "2018/06/12"], ["2018/06/13", "2018/06/13"], ["2018/07/05", "2018/07/05"], ["2018/07/09", "2018/07/09"], ["2018/07/09", "2018/07/09"], ["2018/06/14", "2018/06/14"], ["2018/06/14", "2018/06/14"], ["2018/06/19", "2018/06/19"], ["2018/06/19", "2018/06/19"], ["2018/06/20", "2018/06/20"], ["2018/06/25", "2018/06/25"], ["2018/06/25", "2018/06/25"], ["2018/06/25", "2018/06/25"], ["2018/06/25", "2018/06/25"], ["2018/06/25", "2018/06/25"], ["2018/06/28", "2018/06/28"], ["2018/06/28", "2018/06/28"], ["2018/07/02", "2018/07/02"], ["2018/07/02", "2018/07/02"], ["2018/07/02", "2018/07/02"], ["2018/07/02", "2018/07/02"], ["2018/07/02", "2018/07/02"], ["2018/07/02", "2018/07/02"], ["2018/06/21", "2018/06/25"], ["2018/06/21", "2018/06/30"], ["2018/06/21", "2018/06/21"], ["2018/06/21", "2018/06/30"], ["2018/06/21", "2018/06/26"], ["2018/06/23", "2018/06/26"], ["2018/06/13", "2018/06/13"], ["2018/06/14", "2018/06/14"], ["2018/06/14", "2018/06/14"], ["2018/06/14", "2018/06/14"], ["2018/06/14", "2018/06/14"], ["2018/06/14", "2018/06/14"], ["2018/06/18", "2018/06/18"], ["2018/06/25", "2018/06/25"], ["2018/06/27", "2018/06/27"], ["2018/06/27", "2018/06/27"]], "comment_listing": [], "create_listing": [], "kcore": 1, "conversation": [], "edgetotals": {"transaction": 0, "story": 8.0, "social": 0, "listing": 0}, "label": "commoner_48", "date": "2017/10/01", "stats": {"story": {"rcreate_story": [], "create_story": [["[37,7308]", "2017/11/10", "2017/11/10"], ["[37,7311]", "2017/11/15", "2017/11/15"], ["[37,7310]", "2017/11/15", "2017/11/15"], ["[37,7312]", "2017/11/15", "2017/11/15"]]}, "2017/11/10": {"story": {"create_story": [1, 2]}}, "2017/11/15": {"story": {"create_story": [3, 6]}}}, "nodemeta": ["story"], "type": "commoner", "id": "37", "create_story": [["[37,7308]", "2017/11/10", "2017/11/10"], ["[37,7310]", "2017/11/15", "2017/11/15"], ["[37,7311]", "2017/11/15", "2017/11/15"], ["[37,7312]", "2017/11/15", "2017/11/15"]], "cumu_totals": {"social": 0.0, "story": 1.0, "transaction": 0.0, "listing": 0.0}}, {"nodemeta": ["story"], "stats": {}, "name": "zaposlenost", "tags": [], "spells": [["2017/11/28", "2017/11/28"]], "tag_story": [["[7371,7537]", "2017/11/28", "2017/11/28"]], "label": "tag_125", "edgetotals": {"transaction": 0, "story": 0, "social": 0, "listing": 0}, "date": "2017/10/01", "avg_totals": {"listing": 0, "story": 0, "transaction": 0, "social": 0}, "kcore": 0, "type": "tag", "id": "7537", "cumu_totals": {"listing": 0, "story": 0, "transaction": 0, "social": 0}}, {"nodemeta": ["story"], "stats": {}, "name": "ekonomska pravednost", "tags": [], "spells": [["2017/11/28", "2017/11/28"]], "tag_story": [["[7371,7531]", "2017/11/28", "2017/11/28"]], "label": "tag_119", "edgetotals": {"transaction": 0, "story": 0, "social": 0, "listing": 0}, "date": "2017/10/01", "avg_totals": {"listing": 0, "story": 0, "transaction": 0, "social": 0}, "kcore": 0, "type": "tag", "id": "7531", "cumu_totals": {"listing": 0, "story": 0, "transaction": 0, "social": 0}}, {"nodemeta": ["story"], "stats": {}, "name": "korupcija", "tags": [], "spells": [["2017/11/28", "2017/11/28"]], "tag_story": [["[7371,7530]", "2017/11/28", "2017/11/28"]], "label": "tag_118", "edgetotals": {"transaction": 0, "story": 0, "social": 0, "listing": 0}, "date": "2017/10/01", "avg_totals": {"listing": 0, "story": 0, "transaction": 0, "social": 0}, "kcore": 0, "type": "tag", "id": "7530", "cumu_totals": {"listing": 0, "story": 0, "transaction": 0, "social": 0}}, {"avg_totals": {"social": 0.0, "story": 8.0, "transaction": 0.0, "listing": 0.0}, "nodemeta": ["story"], "comment_story": [["[24,42]", "2017/11/22", "2017/11/22"]], "name": "Prismatica", "tags": [], "spells": [["2017/11/13", "2017/11/13"], ["2017/11/22", "2017/11/22"], ["2017/11/22", "2017/11/22"]], "label": "commoner_53", "edgetotals": {"transaction": 0, "story": 6.0, "social": 0, "listing": 0}, "date": "2017/10/01", "stats": {"2017/11/22": {"story": {"rcomment_story": [1, 2], "create_story": [1, 2]}}, "2017/11/13": {"story": {"create_story": [1, 2]}}, "story": {"rcreate_story": [], "comment_story": [], "rcomment_story": [["[24,42]", "2017/11/22", "2017/11/22"]], "create_story": [["[42,7309]", "2017/11/13", "2017/11/13"], ["[42,7313]", "2017/11/22", "2017/11/22"]]}}, "kcore": 2, "type": "commoner", "id": "42", "create_story": [["[42,7309]", "2017/11/13", "2017/11/13"], ["[42,7313]", "2017/11/22", "2017/11/22"]], "cumu_totals": {"social": 0.0, "story": 2.0, "transaction": 0.0, "listing": 0.0}}, {"nodemeta": ["story"], "stats": {"story": {"rcreate_story": [], "create_story": [["[43,7371]", "2017/11/28", "2017/11/28"]]}, "2017/11/28": {"story": {"create_story": [1, 2]}}}, "name": "Centar za mirovne studije_Zagreb", "tags": [], "spells": [["2017/11/28", "2017/11/28"], ["2018/01/10", "2018/01/10"]], "label": "commoner_54", "edgetotals": {"transaction": 0, "story": 2.0, "social": 0, "listing": 0}, "date": "2017/10/01", "avg_totals": {"social": 0.0, "story": 4.0, "transaction": 0.0, "listing": 0.0}, "kcore": 1, "type": "commoner", "id": "43", "create_story": [["[43,7371]", "2017/11/28", "2017/11/28"]], "cumu_totals": {"social": 0.0, "story": 1.0, "transaction": 0.0, "listing": 0.0}}, {"nodemeta": ["story"], "stats": {}, "name": "nezaposlenost", "tags": [], "spells": [["2017/11/28", "2017/11/28"]], "tag_story": [["[7371,7538]", "2017/11/28", "2017/11/28"]], "label": "tag_126", "edgetotals": {"transaction": 0, "story": 0, "social": 0, "listing": 0}, "date": "2017/10/01", "avg_totals": {"listing": 0, "story": 0, "transaction": 0, "social": 0}, "kcore": 0, "type": "tag", "id": "7538", "cumu_totals": {"listing": 0, "story": 0, "transaction": 0, "social": 0}}, {"nodemeta": ["story", "story", "story"], "stats": {"story": {"rcreate_story": [], "rtag_story": [], "create_story": [["[37,7311]", "2017/11/15", "2017/11/15"]], "tag_story": [["[7311,7492]", "2017/11/15", "2017/11/15"], ["[7311,7438]", "2017/11/15", "2017/11/15"], ["[7311,7490]", "2017/11/15", "2017/11/15"], ["[7311,7491]", "2017/11/15", "2017/11/15"], ["[7311,7489]", "2017/11/15", "2017/11/15"]]}, "2017/11/15": {"story": {"tag_story": [5, 0]}}}, "title": "Events - Commonfare in Amsterdam - Commonfare Newsletter #1", "spells": [["2017/11/15", "2017/11/15"], ["2017/11/15", "2017/11/15"], ["2017/11/15", "2017/11/15"], ["2017/11/15", "2017/11/15"], ["2017/11/15", "2017/11/15"], ["2017/11/15", "2017/11/15"]], "tag_story": [["[7311,7438]", "2017/11/15", "2017/11/15"], ["[7311,7489]", "2017/11/15", "2017/11/15"], ["[7311,7490]", "2017/11/15", "2017/11/15"], ["[7311,7491]", "2017/11/15", "2017/11/15"], ["[7311,7492]", "2017/11/15", "2017/11/15"]], "label": "story_30", "tags": ["unemployment", "amsterdam", "arts", "museu da crise", "commonfare"], "edgetotals": {"transaction": 0, "story": 2.0, "social": 0, "listing": 0}, "date": "2017/10/01", "avg_totals": {"social": 0.0, "story": 4.0, "transaction": 0.0, "listing": 0.0}, "kcore": 1, "type": "story", "id": "7311", "create_story": [["[37,7311]", "2017/11/15", "2017/11/15"]], "cumu_totals": {"social": 0.0, "story": 1.0, "transaction": 0.0, "listing": 0.0}}, {"nodemeta": ["story", "story", "story"], "stats": {"story": {"rcreate_story": [], "rtag_story": [], "create_story": [["[37,7310]", "2017/11/15", "2017/11/15"]], "tag_story": [["[7310,7485]", "2017/11/15", "2017/11/15"], ["[7310,7487]", "2017/11/15", "2017/11/15"], ["[7310,7486]", "2017/11/15", "2017/11/15"], ["[7310,7488]", "2017/11/15", "2017/11/15"]]}, "2017/11/15": {"story": {"tag_story": [4, 0]}}}, "title": "Events - Commonfare in Milan - Commonfare Newsletter #1", "spells": [["2017/11/15", "2017/11/15"], ["2017/11/15", "2017/11/15"], ["2017/11/15", "2017/11/15"], ["2017/11/15", "2017/11/15"], ["2017/11/15", "2017/11/15"]], "tag_story": [["[7310,7485]", "2017/11/15", "2017/11/15"], ["[7310,7486]", "2017/11/15", "2017/11/15"], ["[7310,7487]", "2017/11/15", "2017/11/15"], ["[7310,7488]", "2017/11/15", "2017/11/15"]], "label": "story_29", "tags": ["social innovation", "welfare", "bin italia", "municipality"], "edgetotals": {"transaction": 0, "story": 2.0, "social": 0, "listing": 0}, "date": "2017/10/01", "avg_totals": {"social": 0.0, "story": 4.0, "transaction": 0.0, "listing": 0.0}, "kcore": 1, "type": "story", "id": "7310", "create_story": [["[37,7310]", "2017/11/15", "2017/11/15"]], "cumu_totals": {"social": 0.0, "story": 1.0, "transaction": 0.0, "listing": 0.0}}, {"nodemeta": ["story", "story", "story"], "stats": {"2017/11/22": {"story": {"tag_story": [6, 0]}}, "story": {"rcreate_story": [], "rtag_story": [], "create_story": [["[42,7313]", "2017/11/22", "2017/11/22"]], "tag_story": [["[7313,7498]", "2017/11/22", "2017/11/22"], ["[7313,7499]", "2017/11/22", "2017/11/22"], ["[7313,7496]", "2017/11/22", "2017/11/22"], ["[7313,7497]", "2017/11/22", "2017/11/22"], ["[7313,7495]", "2017/11/22", "2017/11/22"], ["[7313,7485]", "2017/11/22", "2017/11/22"]]}}, "title": "Prismatica - Episode 1: Ecomuseum Mare Memoria Viva ", "spells": [["2017/11/22", "2017/11/22"], ["2017/11/22", "2017/11/22"], ["2017/11/22", "2017/11/22"], ["2017/11/22", "2017/11/22"], ["2017/11/22", "2017/11/22"], ["2017/11/22", "2017/11/22"], ["2017/11/22", "2017/11/22"]], "tag_story": [["[7313,7485]", "2017/11/22", "2017/11/22"], ["[7313,7495]", "2017/11/22", "2017/11/22"], ["[7313,7496]", "2017/11/22", "2017/11/22"], ["[7313,7497]", "2017/11/22", "2017/11/22"], ["[7313,7498]", "2017/11/22", "2017/11/22"], ["[7313,7499]", "2017/11/22", "2017/11/22"]], "label": "story_33", "tags": ["good practice", "prismatica", "ecomuseo", "innovazione sociale", "documentario", "social innovation"], "edgetotals": {"transaction": 0, "story": 2.0, "social": 0, "listing": 0}, "date": "2017/10/01", "avg_totals": {"social": 0.0, "story": 4.0, "transaction": 0.0, "listing": 0.0}, "kcore": 1, "type": "story", "id": "7313", "create_story": [["[42,7313]", "2017/11/22", "2017/11/22"]], "cumu_totals": {"social": 0.0, "story": 1.0, "transaction": 0.0, "listing": 0.0}}, {"nodemeta": ["story", "story", "story"], "stats": {"story": {"rcreate_story": [], "rtag_story": [], "create_story": [["[37,7312]", "2017/11/15", "2017/11/15"]], "tag_story": [["[7312,7493]", "2017/11/15", "2017/11/15"], ["[7312,7438]", "2017/11/15", "2017/11/15"], ["[7312,7494]", "2017/11/15", "2017/11/15"]]}, "2017/11/15": {"story": {"tag_story": [3, 0]}}}, "title": "The academic corner: Commonfare on the Journal of Community Informatics -Commonfare Newsletter #1", "spells": [["2017/11/15", "2017/11/15"], ["2017/11/15", "2017/11/15"], ["2017/11/15", "2017/11/15"], ["2017/11/15", "2017/11/15"]], "tag_story": [["[7312,7438]", "2017/11/15", "2017/11/15"], ["[7312,7493]", "2017/11/15", "2017/11/15"], ["[7312,7494]", "2017/11/15", "2017/11/15"]], "label": "story_32", "tags": ["academia", "paper", "commonfare"], "edgetotals": {"transaction": 0, "story": 2.0, "social": 0, "listing": 0}, "date": "2017/10/01", "avg_totals": {"social": 0.0, "story": 4.0, "transaction": 0.0, "listing": 0.0}, "kcore": 1, "type": "story", "id": "7312", "create_story": [["[37,7312]", "2017/11/15", "2017/11/15"]], "cumu_totals": {"social": 0.0, "story": 1.0, "transaction": 0.0, "listing": 0.0}}, {"nodemeta": ["story", "story", "story"], "stats": {"story": {"rcreate_story": [], "rtag_story": [], "create_story": [["[43,7371]", "2017/11/28", "2017/11/28"]], "tag_story": [["[7371,7530]", "2017/11/28", "2017/11/28"], ["[7371,7526]", "2017/11/28", "2017/11/28"], ["[7371,7527]", "2017/11/28", "2017/11/28"], ["[7371,7525]", "2017/11/28", "2017/11/28"], ["[7371,7535]", "2017/11/28", "2017/11/28"], ["[7371,7534]", "2017/11/28", "2017/11/28"], ["[7371,7528]", "2017/11/28", "2017/11/28"], ["[7371,7529]", "2017/11/28", "2017/11/28"], ["[7371,7531]", "2017/11/28", "2017/11/28"], ["[7371,7537]", "2017/11/28", "2017/11/28"], ["[7371,7538]", "2017/11/28", "2017/11/28"]]}, "2017/11/28": {"story": {"tag_story": [11, 0]}}}, "title": "Nejednakost u Hrvatskoj", "spells": [["2017/11/28", "2017/11/28"], ["2017/11/28", "2017/11/28"], ["2017/11/28", "2017/11/28"], ["2017/11/28", "2017/11/28"], ["2017/11/28", "2017/11/28"], ["2017/11/28", "2017/11/28"], ["2017/11/28", "2017/11/28"], ["2017/11/28", "2017/11/28"], ["2017/11/28", "2017/11/28"], ["2017/11/28", "2017/11/28"], ["2017/11/28", "2017/11/28"], ["2017/11/28", "2017/11/28"]], "tag_story": [["[7371,7525]", "2017/11/28", "2017/11/28"], ["[7371,7526]", "2017/11/28", "2017/11/28"], ["[7371,7527]", "2017/11/28", "2017/11/28"], ["[7371,7528]", "2017/11/28", "2017/11/28"], ["[7371,7529]", "2017/11/28", "2017/11/28"], ["[7371,7530]", "2017/11/28", "2017/11/28"], ["[7371,7531]", "2017/11/28", "2017/11/28"], ["[7371,7534]", "2017/11/28", "2017/11/28"], ["[7371,7535]", "2017/11/28", "2017/11/28"], ["[7371,7537]", "2017/11/28", "2017/11/28"], ["[7371,7538]", "2017/11/28", "2017/11/28"]], "label": "story_94", "tags": ["siroma\u0161tvo", "obrazovanje", "nejednakost", "jednaki pristup", "javne politike", "nezaposlenost", "zdravstvo", "klijentelizam", "zaposlenost", "ekonomska pravednost", "korupcija"], "edgetotals": {"transaction": 0, "story": 2.0, "social": 0, "listing": 0}, "date": "2017/10/01", "avg_totals": {"social": 0.0, "story": 4.0, "transaction": 0.0, "listing": 0.0}, "kcore": 1, "type": "story", "id": "7371", "create_story": [["[43,7371]", "2017/11/28", "2017/11/28"]], "cumu_totals": {"social": 0.0, "story": 1.0, "transaction": 0.0, "listing": 0.0}}, {"nodemeta": ["story"], "stats": {}, "name": "commonfare", "tags": [], "spells": [["2017/09/30", "2017/09/30"], ["2017/11/10", "2017/11/10"], ["2017/11/13", "2017/11/13"], ["2017/11/15", "2017/11/15"], ["2017/11/15", "2017/11/15"], ["2018/04/16", "2018/04/16"], ["2018/07/05", "2018/07/05"]], "tag_story": [["[7308,7438]", "2017/11/10", "2017/11/10"], ["[7309,7438]", "2017/11/13", "2017/11/13"], ["[7311,7438]", "2017/11/15", "2017/11/15"], ["[7312,7438]", "2017/11/15", "2017/11/15"]], "label": "tag_1", "edgetotals": {"transaction": 0, "story": 0, "social": 0, "listing": 0}, "date": "2017/10/01", "avg_totals": {"listing": 0, "story": 0, "transaction": 0, "social": 0}, "kcore": 0, "type": "tag", "id": "7438", "cumu_totals": {"listing": 0, "story": 0, "transaction": 0, "social": 0}}, {"nodemeta": ["story"], "stats": {}, "name": "pilots", "tags": [], "spells": [["2017/11/10", "2017/11/10"]], "tag_story": [["[7308,7479]", "2017/11/10", "2017/11/10"]], "label": "tag_63", "edgetotals": {"transaction": 0, "story": 0, "social": 0, "listing": 0}, "date": "2017/10/01", "avg_totals": {"listing": 0, "story": 0, "transaction": 0, "social": 0}, "kcore": 0, "type": "tag", "id": "7479", "cumu_totals": {"listing": 0, "story": 0, "transaction": 0, "social": 0}}, {"nodemeta": ["story"], "stats": {}, "name": "social impact", "tags": [], "spells": [["2017/10/30", "2017/10/30"], ["2017/11/13", "2017/11/13"]], "tag_story": [["[7309,7470]", "2017/11/13", "2017/11/13"]], "label": "tag_54", "edgetotals": {"transaction": 0, "story": 0, "social": 0, "listing": 0}, "date": "2017/10/01", "avg_totals": {"listing": 0, "story": 0, "transaction": 0, "social": 0}, "kcore": 0, "type": "tag", "id": "7470", "cumu_totals": {"listing": 0, "story": 0, "transaction": 0, "social": 0}}, {"nodemeta": ["story"], "stats": {}, "name": "community development", "tags": [], "spells": [["2017/10/30", "2017/10/30"], ["2017/11/13", "2017/11/13"]], "tag_story": [["[7309,7473]", "2017/11/13", "2017/11/13"]], "label": "tag_57", "edgetotals": {"transaction": 0, "story": 0, "social": 0, "listing": 0}, "date": "2017/10/01", "avg_totals": {"listing": 0, "story": 0, "transaction": 0, "social": 0}, "kcore": 0, "type": "tag", "id": "7473", "cumu_totals": {"listing": 0, "story": 0, "transaction": 0, "social": 0}}], "tagcount": [["commonfare", 4], ["social innovation", 3], ["zdravstvo", 1], ["zaposlenost", 1], ["welfare", 1], ["voices from the field", 1], ["unemployment", 1], ["the netherlands", 1], ["social impact", 1], ["siroma\u0161tvo", 1], ["prismatica", 1], ["pilots", 1], ["paper", 1], ["obrazovanje", 1], ["nezaposlenost", 1], ["newsletter", 1], ["nejednakost", 1], ["museu da crise", 1], ["municipality", 1], ["korupcija", 1], ["klijentelizam", 1], ["jednaki pristup", 1], ["javne politike", 1], ["italy", 1], ["innovazione sociale", 1], ["good practice", 1], ["ekonomska pravednost", 1], ["ecomuseo", 1], ["documentario", 1], ["croatia", 1], ["community development", 1], ["civic engagement", 1], ["bin italia", 1], ["arts", 1], ["amsterdam", 1], ["academia", 1]]}