[{"transaction": [["[57,103]", "2018/06/15", "2018/06/15"]], "stats": {"2018/06/15": {"transaction": {"transaction": [1, 5]}}, "transaction": {"rtransaction": [], "transaction": [["[57,103]", "2018/06/15", "2018/06/15"]]}}, "name": "Openair", "tags": [], "cumu_totals": {"social": 0.0, "story": 0.0, "transaction": 1.0, "listing": 0.0}, "label": "commoner_114", "kcore": 1, "edgetotals": {"transaction": 5.0, "story": 0, "social": 0, "listing": 0}, "date": "2018/05/01", "avg_totals": {"social": 0.0, "story": 0.0, "transaction": 4.0, "listing": 0.0}, "nodemeta": ["transaction"], "type": "commoner", "id": "114", "spells": [["2018/06/15", "2018/06/15"], ["2018/07/09", "2018/07/09"]]}, {"transaction": [["[103,113]", "2018/07/09", "2018/07/09"]], "stats": {"transaction": {"rtransaction": [], "transaction": [["[103,113]", "2018/07/09", "2018/07/09"]]}, "2018/07/09": {"transaction": {"transaction": [1, 5]}}}, "name": "Openair", "tags": [], "cumu_totals": {"social": 0.0, "story": 0.0, "transaction": 1.0, "listing": 0.0}, "label": "commoner_114", "kcore": 1, "edgetotals": {"transaction": 5.0, "story": 0, "social": 0, "listing": 0}, "date": "2018/06/01", "avg_totals": {"social": 0.0, "story": 0.0, "transaction": 4.0, "listing": 0.0}, "nodemeta": ["transaction"], "type": "commoner", "id": "114", "spells": [["2018/06/15", "2018/06/15"], ["2018/07/09", "2018/07/09"]]}]