[{"kcore": 2, "stats": {"story": {"rcreate_story": [], "create_story": [["[105,7404]", "2018/05/03", "2018/05/03"]]}, "2018/05/03": {"story": {"create_story": [1, 2]}, "social": {"conversation": [1, 10]}}, "social": {"conversation": [["[92,105]", "2018/05/03", "2018/05/03"]], "rconversation": []}}, "name": "giampiero", "tags": [], "cumu_totals": {"social": 1.6666666666666667, "story": 0.3333333333333333, "transaction": 0.0, "listing": 0.0}, "label": "commoner_116", "conversation": [["[92,105]", "2018/05/03", "2018/05/03"]], "edgetotals": {"transaction": 0, "story": 2.0, "social": 10.0, "listing": 0}, "date": "2018/04/01", "avg_totals": {"social": 6.666666666666667, "story": 1.3333333333333333, "transaction": 0.0, "listing": 0.0}, "nodemeta": ["story", "social"], "type": "commoner", "id": "116", "create_story": [["[105,7404]", "2018/05/03", "2018/05/03"]], "spells": [["2018/05/03", "2018/05/03"], ["2018/05/03", "2018/05/03"]]}]