[{"kcore": 1, "stats": {"2018/05/03": {"social": {"conversation": [1, 10]}}, "social": {"conversation": [["[92,106]", "2018/05/03", "2018/05/03"]], "rconversation": []}}, "name": "martina-p", "tags": [], "cumu_totals": {"social": 1.0, "story": 0.0, "transaction": 0.0, "listing": 0.0}, "label": "commoner_117", "conversation": [["[92,106]", "2018/05/03", "2018/05/03"]], "edgetotals": {"transaction": 0, "story": 0, "social": 10.0, "listing": 0}, "date": "2018/04/01", "avg_totals": {"social": 4.0, "story": 0.0, "transaction": 0.0, "listing": 0.0}, "nodemeta": ["social"], "type": "commoner", "id": "117", "spells": [["2018/05/03", "2018/05/03"]]}]