[{"kcore": 1, "stats": {"2018/05/04": {"social": {"conversation": [1, 10]}}, "social": {"conversation": [["[92,108]", "2018/05/04", "2018/05/04"]], "rconversation": []}}, "name": "Bianca", "tags": [], "cumu_totals": {"social": 1.0, "story": 0.0, "transaction": 0.0, "listing": 0.0}, "label": "commoner_119", "conversation": [["[92,108]", "2018/05/04", "2018/05/04"]], "edgetotals": {"transaction": 0, "story": 0, "social": 10.0, "listing": 0}, "date": "2018/04/01", "avg_totals": {"social": 4.0, "story": 0.0, "transaction": 0.0, "listing": 0.0}, "nodemeta": ["social"], "type": "commoner", "id": "119", "spells": [["2018/05/04", "2018/05/04"]]}]