[{"kcore": 1, "stats": {"story": {"rcreate_story": [], "create_story": [["[109,7405]", "2018/05/04", "2018/05/04"]]}, "2018/05/04": {"story": {"create_story": [1, 2]}}}, "name": "snqhlekf937", "tags": [], "cumu_totals": {"social": 0.0, "story": 1.0, "transaction": 0.0, "listing": 0.0}, "label": "commoner_120", "edgetotals": {"transaction": 0, "story": 2.0, "social": 0, "listing": 0}, "date": "2018/04/01", "avg_totals": {"social": 0.0, "story": 4.0, "transaction": 0.0, "listing": 0.0}, "nodemeta": ["story"], "type": "commoner", "id": "120", "create_story": [["[109,7405]", "2018/05/04", "2018/05/04"]], "spells": [["2018/05/04", "2018/05/04"]]}]