[{"transaction": [], "comment_story": [["[57,113]", "2018/05/11", "2018/05/11"], ["[58,113]", "2018/05/23", "2018/05/23"]], "name": "Mattia Tombolini", "tags": [], "cumu_totals": {"social": 0.0, "story": 2.0, "transaction": 0.0, "listing": 0.0}, "stats": {"story": {"rcreate_story": [], "comment_story": [], "rcomment_story": [["[58,113]", "2018/05/23", "2018/05/23"], ["[57,113]", "2018/05/11", "2018/05/11"]], "create_story": [["[113,7406]", "2018/05/09", "2018/05/09"]]}, "2018/05/23": {"story": {"rcomment_story": [1, 2]}}, "2018/05/11": {"story": {"rcomment_story": [1, 2]}}, "2018/05/09": {"story": {"create_story": [1, 2]}}}, "label": "commoner_124", "kcore": 2, "edgetotals": {"transaction": 0, "story": 6.0, "social": 0, "listing": 0}, "date": "2018/04/01", "avg_totals": {"social": 0.0, "story": 8.0, "transaction": 0.0, "listing": 0.0}, "nodemeta": ["story"], "type": "commoner", "id": "124", "create_story": [["[113,7406]", "2018/05/09", "2018/05/09"]], "spells": [["2018/05/11", "2018/05/11"], ["2018/05/09", "2018/05/09"], ["2018/07/04", "2018/07/04"], ["2018/05/23", "2018/05/23"], ["2018/07/03", "2018/07/03"], ["2018/07/04", "2018/07/04"], ["2018/07/04", "2018/07/04"], ["2018/07/04", "2018/07/04"], ["2018/07/04", "2018/07/04"], ["2018/07/04", "2018/07/04"], ["2018/07/04", "2018/07/04"], ["2018/07/04", "2018/07/04"], ["2018/07/09", "2018/07/09"], ["2018/07/09", "2018/07/09"]]}, {"transaction": [["[8,113]", "2018/07/04", "2018/07/04"], ["[3,113]", "2018/07/09", "2018/07/09"], ["[103,113]", "2018/07/09", "2018/07/09"]], "comment_story": [["[58,113]", "2018/07/03", "2018/07/03"], ["[130,113]", "2018/07/04", "2018/07/04"], ["[58,113]", "2018/07/04", "2018/07/04"], ["[113,113]", "2018/07/04", "2018/07/04"], ["[113,113]", "2018/07/04", "2018/07/04"], ["[113,7427]", "2018/07/04", "2018/07/04"], ["[58,113]", "2018/07/04", "2018/07/04"]], "name": "Mattia Tombolini", "tags": [], "cumu_totals": {"social": 0.0, "story": 1.3333333333333333, "transaction": 1.6666666666666667, "listing": 0.0}, "stats": {"2018/07/04": {"story": {"comment_story": [1, 2], "rcomment_story": [3, 6], "create_story": [1, 2]}, "transaction": {"transaction": [1, 5]}}, "story": {"rcreate_story": [], "comment_story": [["[113,7427]", "2018/07/04", "2018/07/04"]], "rcomment_story": [["[58,113]", "2018/07/03", "2018/07/03"], ["[58,113]", "2018/07/04", "2018/07/04"], ["[58,113]", "2018/07/04", "2018/07/04"], ["[130,113]", "2018/07/04", "2018/07/04"]], "create_story": [["[113,7427]", "2018/07/04", "2018/07/04"]]}, "transaction": {"rtransaction": [], "transaction": [["[3,113]", "2018/07/09", "2018/07/09"], ["[103,113]", "2018/07/09", "2018/07/09"], ["[8,113]", "2018/07/04", "2018/07/04"]]}, "2018/07/09": {"transaction": {"transaction": [2, 10]}}, "2018/07/03": {"story": {"rcomment_story": [1, 2]}}}, "label": "commoner_124", "kcore": 3, "edgetotals": {"transaction": 15.0, "story": 12.0, "social": 0, "listing": 0}, "date": "2018/06/01", "avg_totals": {"social": 0.0, "story": 5.333333333333333, "transaction": 6.666666666666667, "listing": 0.0}, "nodemeta": ["story", "story", "transaction"], "type": "commoner", "id": "124", "create_story": [["[113,7427]", "2018/07/04", "2018/07/04"]], "spells": [["2018/05/11", "2018/05/11"], ["2018/05/09", "2018/05/09"], ["2018/07/04", "2018/07/04"], ["2018/05/23", "2018/05/23"], ["2018/07/03", "2018/07/03"], ["2018/07/04", "2018/07/04"], ["2018/07/04", "2018/07/04"], ["2018/07/04", "2018/07/04"], ["2018/07/04", "2018/07/04"], ["2018/07/04", "2018/07/04"], ["2018/07/04", "2018/07/04"], ["2018/07/04", "2018/07/04"], ["2018/07/09", "2018/07/09"], ["2018/07/09", "2018/07/09"]]}]