[{"kcore": 2, "comment_story": [["[4,114]", "2018/05/15", "2018/05/15"], ["[57,114]", "2018/05/14", "2018/05/14"]], "name": "yhbnlsor949", "tags": [], "cumu_totals": {"social": 0.0, "story": 2.0, "transaction": 0.0, "listing": 0.0}, "stats": {"2018/05/15": {"story": {"rcomment_story": [1, 2]}}, "2018/05/14": {"story": {"rcomment_story": [1, 2]}}, "story": {"rcreate_story": [], "comment_story": [], "rcomment_story": [["[4,114]", "2018/05/15", "2018/05/15"], ["[57,114]", "2018/05/14", "2018/05/14"]], "create_story": [["[114,7407]", "2018/05/13", "2018/05/13"], ["[114,7408]", "2018/05/13", "2018/05/13"]]}, "2018/05/13": {"story": {"create_story": [2, 4]}}}, "label": "commoner_125", "edgetotals": {"transaction": 0, "story": 8.0, "social": 0, "listing": 0}, "date": "2018/04/01", "avg_totals": {"social": 0.0, "story": 8.0, "transaction": 0.0, "listing": 0.0}, "nodemeta": ["story"], "type": "commoner", "id": "125", "create_story": [["[114,7407]", "2018/05/13", "2018/05/13"], ["[114,7408]", "2018/05/13", "2018/05/13"]], "spells": [["2018/05/15", "2018/05/15"], ["2018/05/14", "2018/05/14"], ["2018/06/19", "2018/06/19"], ["2018/05/13", "2018/05/13"], ["2018/05/13", "2018/05/13"]]}, {"kcore": 1, "comment_story": [["[57,114]", "2018/06/19", "2018/06/19"]], "name": "yhbnlsor949", "tags": [], "cumu_totals": {"social": 0.0, "story": 1.0, "transaction": 0.0, "listing": 0.0}, "stats": {"story": {"comment_story": [], "rcomment_story": [["[57,114]", "2018/06/19", "2018/06/19"]]}, "2018/06/19": {"story": {"rcomment_story": [1, 2]}}}, "label": "commoner_125", "edgetotals": {"transaction": 0, "story": 2.0, "social": 0, "listing": 0}, "date": "2018/05/01", "avg_totals": {"social": 0.0, "story": 4.0, "transaction": 0.0, "listing": 0.0}, "nodemeta": [], "type": "commoner", "id": "125", "create_story": [], "spells": [["2018/05/15", "2018/05/15"], ["2018/05/14", "2018/05/14"], ["2018/06/19", "2018/06/19"], ["2018/05/13", "2018/05/13"], ["2018/05/13", "2018/05/13"]]}]