[{"nodemeta": ["listing", "social"], "stats": {"2018/06/23": {"social": {"conversation": [1, 10]}}, "social": {"conversation": [["[142,124]", "2018/06/23", "2018/06/23"]], "rconversation": []}, "2018/06/06": {"listing": {"create_listing": [1, 2]}}, "listing": {"rcreate_listing": [], "create_listing": [["[124,7434]", "2018/06/06", "2018/06/06"]]}}, "name": "pdansmex960", "tags": [], "cumu_totals": {"social": 1.6666666666666667, "story": 0.0, "transaction": 0.0, "listing": 0.3333333333333333}, "create_listing": [["[124,7434]", "2018/06/06", "2018/06/06"]], "kcore": 2, "conversation": [["[142,124]", "2018/06/23", "2018/06/23"]], "edgetotals": {"transaction": 0, "story": 0, "social": 10.0, "listing": 2.0}, "date": "2018/05/01", "avg_totals": {"social": 6.666666666666667, "story": 0.0, "transaction": 0.0, "listing": 1.3333333333333333}, "label": "commoner_135", "type": "commoner", "id": "135", "spells": [["2018/06/06", "2018/06/06"], ["2018/06/23", "2018/06/23"]]}]