[{"transaction": [["[130,57]", "2018/06/15", "2018/06/15"]], "comment_story": [["[37,130]", "2018/06/25", "2018/06/25"], ["[57,130]", "2018/06/18", "2018/06/18"], ["[57,130]", "2018/06/18", "2018/06/18"], ["[58,130]", "2018/06/18", "2018/06/18"]], "name": "XOA", "tags": [], "cumu_totals": {"social": 0.0, "story": 2.0, "transaction": 1.0, "listing": 0.0}, "stats": {"2018/06/15": {"story": {"create_story": [1, 2]}, "transaction": {"transaction": [1, 5]}}, "story": {"rcreate_story": [], "comment_story": [], "rcomment_story": [["[58,130]", "2018/06/18", "2018/06/18"], ["[57,130]", "2018/06/18", "2018/06/18"], ["[57,130]", "2018/06/18", "2018/06/18"], ["[37,130]", "2018/06/25", "2018/06/25"]], "create_story": [["[130,7417]", "2018/06/15", "2018/06/15"]]}, "transaction": {"rtransaction": [], "transaction": [["[130,57]", "2018/06/15", "2018/06/15"]]}, "2018/06/18": {"story": {"rcomment_story": [3, 6]}}, "2018/06/25": {"story": {"rcomment_story": [1, 2]}}}, "label": "commoner_141", "kcore": 3, "edgetotals": {"transaction": 5.0, "story": 10.0, "social": 0, "listing": 0}, "date": "2018/05/01", "avg_totals": {"social": 0.0, "story": 8.0, "transaction": 4.0, "listing": 0.0}, "nodemeta": ["story", "transaction"], "type": "commoner", "id": "141", "create_story": [["[130,7417]", "2018/06/15", "2018/06/15"]], "spells": [["2018/06/25", "2018/06/25"], ["2018/06/18", "2018/06/18"], ["2018/06/18", "2018/06/18"], ["2018/06/15", "2018/06/15"], ["2018/07/04", "2018/07/04"], ["2018/06/15", "2018/06/15"], ["2018/07/03", "2018/07/03"], ["2018/06/18", "2018/06/18"], ["2018/07/04", "2018/07/04"], ["2018/07/04", "2018/07/04"], ["2018/07/04", "2018/07/04"], ["2018/07/04", "2018/07/04"], ["2018/07/04", "2018/07/04"]]}, {"transaction": [], "comment_story": [["[130,113]", "2018/07/04", "2018/07/04"], ["[8,130]", "2018/07/04", "2018/07/04"], ["[130,7427]", "2018/07/04", "2018/07/04"], ["[130,130]", "2018/07/04", "2018/07/04"], ["[130,130]", "2018/07/04", "2018/07/04"], ["[130,7426]", "2018/07/04", "2018/07/04"]], "name": "XOA", "tags": [], "cumu_totals": {"social": 0.0, "story": 2.0, "transaction": 0.0, "listing": 0.0}, "stats": {"2018/07/04": {"story": {"comment_story": [3, 6], "rcomment_story": [1, 2]}}, "story": {"rcreate_story": [], "comment_story": [["[130,7427]", "2018/07/04", "2018/07/04"], ["[130,7426]", "2018/07/04", "2018/07/04"], ["[130,113]", "2018/07/04", "2018/07/04"]], "rcomment_story": [["[8,130]", "2018/07/04", "2018/07/04"]], "create_story": [["[130,7426]", "2018/07/03", "2018/07/03"]]}, "2018/07/03": {"story": {"create_story": [1, 2]}}}, "label": "commoner_141", "kcore": 2, "edgetotals": {"transaction": 0, "story": 10.0, "social": 0, "listing": 0}, "date": "2018/06/01", "avg_totals": {"social": 0.0, "story": 8.0, "transaction": 0.0, "listing": 0.0}, "nodemeta": ["story", "story"], "type": "commoner", "id": "141", "create_story": [["[130,7426]", "2018/07/03", "2018/07/03"]], "spells": [["2018/06/25", "2018/06/25"], ["2018/06/18", "2018/06/18"], ["2018/06/18", "2018/06/18"], ["2018/06/15", "2018/06/15"], ["2018/07/04", "2018/07/04"], ["2018/06/15", "2018/06/15"], ["2018/07/03", "2018/07/03"], ["2018/06/18", "2018/06/18"], ["2018/07/04", "2018/07/04"], ["2018/07/04", "2018/07/04"], ["2018/07/04", "2018/07/04"], ["2018/07/04", "2018/07/04"], ["2018/07/04", "2018/07/04"]]}]