[{"kcore": 2, "comment_story": [["[37,134]", "2018/06/28", "2018/06/28"]], "name": "ADA_ADA", "tags": [], "cumu_totals": {"social": 0.0, "story": 2.0, "transaction": 0.0, "listing": 0.0}, "stats": {"2018/06/28": {"story": {"rcomment_story": [1, 2]}}, "story": {"rcreate_story": [], "comment_story": [], "rcomment_story": [["[37,134]", "2018/06/28", "2018/06/28"]], "create_story": [["[134,7420]", "2018/06/23", "2018/06/23"]]}, "2018/06/23": {"story": {"create_story": [1, 2]}}}, "label": "commoner_145", "edgetotals": {"transaction": 0, "story": 4.0, "social": 0, "listing": 0}, "date": "2018/05/01", "avg_totals": {"social": 0.0, "story": 8.0, "transaction": 0.0, "listing": 0.0}, "nodemeta": ["story"], "type": "commoner", "id": "145", "create_story": [["[134,7420]", "2018/06/23", "2018/06/23"]], "spells": [["2018/06/28", "2018/06/28"], ["2018/06/23", "2018/06/23"]]}]