[{"kcore": 1, "stats": {"2018/06/21": {"social": {"conversation": [1, 10]}}, "social": {"conversation": [["[136,37]", "2018/06/21", "2018/06/25"]], "rconversation": []}}, "name": "fewamtkq458", "tags": [], "cumu_totals": {"social": 1.0, "story": 0.0, "transaction": 0.0, "listing": 0.0}, "label": "commoner_147", "conversation": [["[136,37]", "2018/06/21", "2018/06/25"]], "edgetotals": {"transaction": 0, "story": 0, "social": 10.0, "listing": 0}, "date": "2018/05/01", "avg_totals": {"social": 4.0, "story": 0.0, "transaction": 0.0, "listing": 0.0}, "nodemeta": ["social"], "type": "commoner", "id": "147", "spells": [["2018/06/21", "2018/06/25"]]}]