[{"kcore": 0, "stats": {}, "tag_commoner": [["[137,7491]", "2018/06/22", "2018/06/22"], ["[137,7500]", "2018/06/22", "2018/06/22"], ["[137,7512]", "2018/06/22", "2018/06/22"], ["[137,7691]", "2018/06/22", "2018/06/22"]], "name": "Biba25", "tags": ["arts", "work", "cultura", "cultural events"], "cumu_totals": {"listing": 0, "story": 0, "transaction": 0, "social": 0}, "label": "commoner_148", "edgetotals": {"transaction": 0, "story": 0, "social": 0, "listing": 0}, "date": "2018/05/01", "avg_totals": {"listing": 0, "story": 0, "transaction": 0, "social": 0}, "nodemeta": ["social"], "type": "commoner", "id": "148", "spells": [["2018/06/22", "2018/06/22"], ["2018/06/22", "2018/06/22"], ["2018/06/22", "2018/06/22"], ["2018/06/22", "2018/06/22"]]}]