[{"kcore": 0, "stats": {}, "tag_commoner": [["[139,7458]", "2018/06/22", "2018/06/22"]], "name": "Hans2905", "tags": ["citizen protest"], "cumu_totals": {"listing": 0, "story": 0, "transaction": 0, "social": 0}, "label": "commoner_150", "edgetotals": {"transaction": 0, "story": 0, "social": 0, "listing": 0}, "date": "2018/05/01", "avg_totals": {"listing": 0, "story": 0, "transaction": 0, "social": 0}, "nodemeta": ["social"], "type": "commoner", "id": "150", "spells": [["2018/06/22", "2018/06/22"]]}]