[{"kcore": 2, "stats": {"2018/06/23": {"social": {"conversation": [2, 20]}}, "social": {"conversation": [["[142,124]", "2018/06/23", "2018/06/23"], ["[142,37]", "2018/06/23", "2018/06/26"]], "rconversation": []}}, "name": "SelmaD", "tags": [], "cumu_totals": {"social": 2.0, "story": 0.0, "transaction": 0.0, "listing": 0.0}, "label": "commoner_153", "conversation": [["[142,37]", "2018/06/23", "2018/06/26"], ["[142,124]", "2018/06/23", "2018/06/23"]], "edgetotals": {"transaction": 0, "story": 0, "social": 20.0, "listing": 0}, "date": "2018/05/01", "avg_totals": {"social": 8.0, "story": 0.0, "transaction": 0.0, "listing": 0.0}, "nodemeta": ["social"], "type": "commoner", "id": "153", "spells": [["2018/06/23", "2018/06/26"], ["2018/06/23", "2018/06/23"]]}]