{"directed": false, "links": [{"tag_commoner": [["[139,7493]", "2018/06/22", "2018/06/22"]], "weight": 1.0, "label": "tag_42+date_start=2018/06/22", "source": "7493", "target": "139", "id": "178", "spells": [["2018/06/22", "2018/06/22"]]}, {"tag_commoner": [["[140,7493]", "2018/06/22", "2018/06/22"]], "weight": 1.0, "label": "tag_42+date_start=2018/06/22", "source": "7493", "target": "140", "id": "179", "spells": [["2018/06/22", "2018/06/22"]]}, {"target": "7441", "weight": 1.0, "tag_story": [["[7441,7712]", "2018/06/23", "2018/06/23"]], "label": "tag_278+date_start=2018/06/23", "source": "7712", "id": "705", "spells": [["2018/06/23", "2018/06/23"]]}, {"tag_commoner": [["[137,7526]", "2018/06/22", "2018/06/22"]], "weight": 1.0, "label": "tag_75+date_start=2018/06/22", "source": "7526", "target": "137", "id": "232", "spells": [["2018/06/22", "2018/06/22"]]}, {"tag_commoner": [["[137,7547]", "2018/06/22", "2018/06/22"]], "weight": 1.0, "label": "tag_100+date_start=2018/06/22", "source": "7547", "target": "137", "id": "432", "spells": [["2018/06/22", "2018/06/22"]]}, {"edgemeta": ["social", "transaction"], "transaction": [["[3,37]", "2018/06/13", "2018/06/13"]], "target": "37", "weight": 1.0, "source": "3", "label": "conversation_9+date_start=2018/06/21+date_end=2018/06/21", "conversation": [["[3,37]", "2018/06/21", "2018/06/21"]], "edgeweight": {"3": 15.0, "37": 15.0}, "id": "1005", "spells": [["2018/06/21", "2018/06/21"], ["2018/06/13", "2018/06/13"]]}, {"target": "7435", "weight": 1.0, "tag_story": [["[7435,7799]", "2018/06/13", "2018/06/13"]], "label": "tag_387+date_start=2018/06/13", "source": "7799", "id": "817", "spells": [["2018/06/13", "2018/06/13"]]}, {"target": "7442", "weight": 1.0, "tag_story": [["[7442,7799]", "2018/06/25", "2018/06/25"]], "label": "tag_387+date_start=2018/06/25", "source": "7799", "id": "818", "spells": [["2018/06/25", "2018/06/25"]]}, {"target": "7435", "weight": 1.0, "tag_story": [["[7435,7798]", "2018/06/13", "2018/06/13"]], "label": "tag_386+date_start=2018/06/13", "source": "7798", "id": "816", "spells": [["2018/06/13", "2018/06/13"]]}, {"target": "7436", "weight": 1.0, "tag_story": [["[7436,7801]", "2018/06/15", "2018/06/15"]], "label": "tag_389+date_start=2018/06/15", "source": "7801", "id": "822", "spells": [["2018/06/15", "2018/06/15"]]}, {"target": "7470", "weight": 1.0, "label": "tag_391+date_start=2018/06/14", "source": "7803", "tag_listing": [["[7470,7803]", "2018/06/14", "2018/06/14"]], "id": "825", "spells": [["2018/06/14", "2018/06/14"]]}, {"target": "7436", "weight": 1.0, "tag_story": [["[7436,7802]", "2018/06/15", "2018/06/15"]], "label": "tag_390+date_start=2018/06/15", "source": "7802", "id": "824", "spells": [["2018/06/15", "2018/06/15"]]}, {"target": "7470", "weight": 1.0, "label": "tag_393+date_start=2018/06/14", "source": "7805", "tag_listing": [["[7470,7805]", "2018/06/14", "2018/06/14"]], "id": "827", "spells": [["2018/06/14", "2018/06/14"]]}, {"target": "7470", "weight": 1.0, "label": "tag_392+date_start=2018/06/14", "source": "7804", "tag_listing": [["[7470,7804]", "2018/06/14", "2018/06/14"]], "id": "826", "spells": [["2018/06/14", "2018/06/14"]]}, {"target": "7470", "weight": 1.0, "label": "tag_395+date_start=2018/06/14", "source": "7807", "tag_listing": [["[7470,7807]", "2018/06/14", "2018/06/14"]], "id": "829", "spells": [["2018/06/14", "2018/06/14"]]}, {"target": "7470", "weight": 1.0, "label": "tag_394+date_start=2018/06/14", "source": "7806", "tag_listing": [["[7470,7806]", "2018/06/14", "2018/06/14"]], "id": "828", "spells": [["2018/06/14", "2018/06/14"]]}, {"target": "7471", "weight": 1.0, "label": "tag_397+date_start=2018/06/14", "source": "7809", "tag_listing": [["[7471,7809]", "2018/06/14", "2018/06/14"]], "id": "831", "spells": [["2018/06/14", "2018/06/14"]]}, {"target": "7471", "weight": 1.0, "label": "tag_396+date_start=2018/06/14", "source": "7808", "tag_listing": [["[7471,7808]", "2018/06/14", "2018/06/14"]], "id": "830", "spells": [["2018/06/14", "2018/06/14"]]}, {"edgemeta": ["story"], "target": "7409", "weight": 1.0, "label": "create_120+date_start=2018/01/24", "source": "7", "id": "87", "create_story": [["[7,7409]", "2018/01/24", "2018/01/24"]], "spells": [["2018/01/24", "2018/01/24"]]}, {"edgemeta": ["story"], "comment_story": [["[37,7]", "2018/06/19", "2018/06/19"]], "target": "37", "weight": 1.0, "label": "comment_42+date_start=2018/06/19", "source": "7", "edgeweight": {"37": 2.0, "7": 2.0}, "id": "899", "spells": [["2018/06/19", "2018/06/19"]]}, {"edgemeta": ["story"], "comment_story": [["[8,7]", "2018/06/19", "2018/06/19"]], "target": "8", "weight": 1.0, "label": "comment_41+date_start=2018/06/19", "source": "7", "edgeweight": {"8": 2.0, "7": 2.0}, "id": "897", "spells": [["2018/06/19", "2018/06/19"]]}, {"edgemeta": ["story"], "comment_story": [["[57,7429]", "2018/06/19", "2018/06/19"]], "target": "57", "weight": 1.0, "label": "comment_32+date_start=2018/05/14", "source": "7429", "edgeweight": {"57": 2.0, "7429": 2.0}, "id": "882", "spells": [["2018/05/14", "2018/05/14"], ["2018/06/19", "2018/06/19"]]}, {"edgemeta": ["story"], "target": "114", "weight": 1.0, "label": "create_155+date_start=2018/05/13", "source": "7429", "id": "107", "create_story": [["[114,7429]", "2018/05/13", "2018/05/13"]], "spells": [["2018/05/13", "2018/05/13"]]}, {"edgemeta": ["story"], "comment_story": [["[37,7409]", "2018/06/19", "2018/06/19"]], "target": "37", "weight": 1.0, "label": "comment_42+date_start=2018/06/19", "source": "7409", "edgeweight": {"37": 2.0, "7409": 2.0}, "id": "900", "spells": [["2018/06/19", "2018/06/19"]]}, {"edgemeta": ["story"], "comment_story": [["[8,7409]", "2018/06/19", "2018/06/19"]], "target": "8", "weight": 1.0, "label": "comment_41+date_start=2018/06/19", "source": "7409", "edgeweight": {"8": 2.0, "7409": 2.0}, "id": "898", "spells": [["2018/06/19", "2018/06/19"]]}, {"edgemeta": ["story"], "target": "20", "weight": 1.0, "label": "create_175+date_start=2018/06/15", "source": "7437", "edgeweight": {"7437": 2.0, "20": 2.0}, "id": "115", "create_story": [["[20,7437]", "2018/06/15", "2018/06/15"]], "spells": [["2018/06/15", "2018/06/15"]]}, {"edgemeta": ["social"], "target": "142", "weight": 1.0, "source": "124", "label": "conversation_12+date_start=2018/06/23+date_end=2018/06/23", "conversation": [["[142,124]", "2018/06/23", "2018/06/23"]], "edgeweight": {"124": 10.0, "142": 10.0}, "id": "1008", "spells": [["2018/06/23", "2018/06/23"]]}, {"edgemeta": ["transaction"], "transaction": [["[57,103]", "2018/06/15", "2018/06/15"]], "target": "57", "weight": 1.0, "label": "transaction_8+date_start=2018/06/15", "source": "103", "edgeweight": {"103": 5.0, "57": 5.0}, "id": "1022", "spells": [["2018/06/15", "2018/06/15"]]}, {"target": "7830", "weight": 1.0, "tag_story": [["[7441,7830]", "2018/06/23", "2018/06/23"]], "label": "tag_418+date_start=2018/06/23", "source": "7441", "id": "841", "spells": [["2018/06/23", "2018/06/23"]]}, {"target": "7769", "weight": 1.0, "tag_story": [["[7441,7769]", "2018/06/23", "2018/06/23"]], "label": "tag_348+date_start=2018/06/23", "source": "7441", "id": "788", "spells": [["2018/06/23", "2018/06/23"]]}, {"edgemeta": ["story"], "target": "134", "weight": 1.0, "label": "create_193+date_start=2018/06/23", "source": "7441", "edgeweight": {"7441": 2.0, "134": 2.0}, "id": "119", "create_story": [["[134,7441]", "2018/06/23", "2018/06/23"]], "spells": [["2018/06/23", "2018/06/23"]]}, {"edgemeta": ["story"], "comment_story": [["[133,7442]", "2018/06/27", "2018/06/27"], ["[133,7442]", "2018/06/30", "2018/06/30"]], "target": "133", "weight": 1.0, "label": "create_194+date_start=2018/06/25", "source": "7442", "edgeweight": {"133": 2.0, "7442": 2.0}, "id": "120", "create_story": [["[133,7442]", "2018/06/25", "2018/06/25"]], "spells": [["2018/06/25", "2018/06/25"], ["2018/06/27", "2018/06/27"], ["2018/06/30", "2018/06/30"]]}, {"edgemeta": ["social"], "target": "37", "weight": 1.0, "source": "142", "label": "conversation_13+date_start=2018/06/23+date_end=2018/06/26", "conversation": [["[142,37]", "2018/06/23", "2018/06/26"]], "edgeweight": {"37": 10.0, "142": 10.0}, "id": "1009", "spells": [["2018/06/23", "2018/06/26"]]}, {"edgemeta": ["story"], "target": "7436", "weight": 1.0, "label": "create_174+date_start=2018/06/15", "source": "20", "edgeweight": {"7436": 2.0, "20": 2.0}, "id": "114", "create_story": [["[20,7436]", "2018/06/15", "2018/06/15"]], "spells": [["2018/06/15", "2018/06/15"]]}, {"edgemeta": ["story"], "target": "7432", "weight": 1.0, "label": "create_165+date_start=2018/06/11", "source": "20", "id": "110", "create_story": [["[20,7432]", "2018/06/11", "2018/06/11"]], "spells": [["2018/06/11", "2018/06/11"]]}, {"edgemeta": ["story"], "comment_story": [["[8,20]", "2018/06/20", "2018/06/20"]], "target": "8", "weight": 1.0, "label": "comment_44+date_start=2018/06/20", "source": "20", "edgeweight": {"8": 2.0, "20": 2.0}, "id": "903", "spells": [["2018/06/20", "2018/06/20"]]}, {"edgemeta": ["social"], "target": "37", "weight": 1.0, "source": "22", "label": "conversation_10+date_start=2018/06/21+date_end=2018/06/30", "conversation": [["[22,37]", "2018/06/21", "2018/06/30"]], "edgeweight": {"37": 10.0, "22": 10.0}, "id": "1006", "spells": [["2018/06/21", "2018/06/30"]]}, {"edgemeta": ["story"], "comment_story": [["[8,37]", "2018/06/20", "2018/06/20"]], "target": "37", "weight": 1.0, "label": "comment_43+date_start=2018/06/20", "source": "8", "edgeweight": {"8": 2.0, "37": 2.0}, "id": "901", "spells": [["2018/06/20", "2018/06/20"]]}, {"edgemeta": ["story"], "comment_story": [["[8,7435]", "2018/06/20", "2018/06/20"]], "target": "7435", "weight": 1.0, "label": "comment_43+date_start=2018/06/20", "source": "8", "edgeweight": {"7435": 2.0, "8": 2.0}, "id": "902", "spells": [["2018/06/20", "2018/06/20"]]}, {"edgemeta": ["story"], "comment_story": [["[8,7432]", "2018/06/20", "2018/06/20"]], "target": "7432", "weight": 1.0, "label": "comment_44+date_start=2018/06/20", "source": "8", "edgeweight": {"8": 2.0, "7432": 2.0}, "id": "904", "spells": [["2018/06/20", "2018/06/20"]]}, {"tag_commoner": [["[137,7726]", "2018/06/22", "2018/06/22"]], "weight": 1.0, "label": "tag_292+date_start=2018/06/22", "source": "7726", "target": "137", "id": "719", "spells": [["2018/06/22", "2018/06/22"]]}, {"tag_commoner": [["[137,7535]", "2018/06/22", "2018/06/22"]], "weight": 1.0, "label": "tag_88+date_start=2018/06/22", "source": "7535", "target": "137", "id": "246", "spells": [["2018/06/22", "2018/06/22"]]}, {"edgemeta": ["social"], "target": "135", "weight": 1.0, "source": "37", "label": "conversation_11+date_start=2018/06/21+date_end=2018/06/26", "conversation": [["[135,37]", "2018/06/21", "2018/06/26"]], "edgeweight": {"37": 10.0, "135": 10.0}, "id": "1007", "spells": [["2018/06/21", "2018/06/26"]]}, {"edgemeta": ["transaction"], "transaction": [["[36,37]", "2018/06/14", "2018/06/14"], ["[36,37]", "2018/06/14", "2018/06/14"], ["[37,36]", "2018/06/14", "2018/06/14"], ["[36,37]", "2018/06/14", "2018/06/14"], ["[36,37]", "2018/06/14", "2018/06/14"]], "target": "36", "weight": 1.0, "label": "transaction_2+date_start=2018/06/14", "source": "37", "edgeweight": {"37": 25.0, "36": 25.0}, "id": "1016", "spells": [["2018/06/14", "2018/06/14"], ["2018/06/14", "2018/06/14"], ["2018/06/14", "2018/06/14"], ["2018/06/14", "2018/06/14"], ["2018/06/14", "2018/06/14"]]}, {"edgemeta": ["story"], "comment_story": [["[37,7435]", "2018/06/25", "2018/06/25"]], "target": "7435", "weight": 1.0, "label": "create_170+date_start=2018/06/13", "source": "37", "edgeweight": {"7435": 4.0, "37": 4.0}, "id": "113", "create_story": [["[37,7435]", "2018/06/13", "2018/06/13"]], "spells": [["2018/06/13", "2018/06/13"], ["2018/06/25", "2018/06/25"]]}, {"edgemeta": ["listing", "listing"], "target": "7470", "weight": 1.0, "comment_listing": [], "create_listing": [["[37,7470]", "2018/06/14", "2018/06/14"]], "source": "37", "edgeweight": {"7470": 2.0, "37": 2.0}, "label": "create_2+date_start=2018/06/14", "id": "148", "spells": [["2018/06/14", "2018/06/14"], ["2018/07/02", "2018/07/02"]]}, {"edgemeta": ["social"], "target": "136", "weight": 1.0, "source": "37", "label": "conversation_7+date_start=2018/06/21+date_end=2018/06/25", "conversation": [["[136,37]", "2018/06/21", "2018/06/25"]], "edgeweight": {"37": 10.0, "136": 10.0}, "id": "1003", "spells": [["2018/06/21", "2018/06/25"]]}, {"edgemeta": ["listing", "listing"], "target": "7471", "weight": 1.0, "comment_listing": [], "create_listing": [["[37,7471]", "2018/06/14", "2018/06/14"]], "source": "37", "edgeweight": {"7471": 2.0, "37": 2.0}, "label": "create_3+date_start=2018/06/14", "id": "149", "spells": [["2018/06/14", "2018/06/14"], ["2018/07/02", "2018/07/02"]]}, {"edgemeta": ["social", "transaction"], "transaction": [["[133,37]", "2018/06/18", "2018/06/18"], ["[133,37]", "2018/06/25", "2018/06/25"]], "target": "133", "weight": 1.0, "source": "37", "label": "conversation_8+date_start=2018/06/21+date_end=2018/06/30", "conversation": [["[37,133]", "2018/06/21", "2018/06/30"]], "edgeweight": {"133": 20.0, "37": 20.0}, "id": "1004", "spells": [["2018/06/21", "2018/06/30"], ["2018/06/18", "2018/06/18"], ["2018/06/25", "2018/06/25"]]}, {"edgemeta": ["story"], "comment_story": [["[37,130]", "2018/06/25", "2018/06/25"]], "target": "130", "weight": 1.0, "label": "comment_46+date_start=2018/06/25", "source": "37", "edgeweight": {"130": 2.0, "37": 2.0}, "id": "907", "spells": [["2018/06/25", "2018/06/25"]]}, {"edgemeta": ["transaction"], "transaction": [["[36,35]", "2018/06/14", "2018/06/14"]], "target": "35", "weight": 1.0, "label": "transaction_4+date_start=2018/06/14", "source": "36", "edgeweight": {"36": 5.0, "35": 5.0}, "id": "1018", "spells": [["2018/06/14", "2018/06/14"]]}, {"target": "7436", "weight": 1.0, "tag_story": [["[7436,7875]", "2018/06/15", "2018/06/15"]], "label": "tag_469+date_start=2018/06/15", "source": "7875", "id": "859", "spells": [["2018/06/15", "2018/06/15"]]}, {"target": "7436", "weight": 1.0, "tag_story": [["[7436,7876]", "2018/06/15", "2018/06/15"]], "label": "tag_470+date_start=2018/06/15", "source": "7876", "id": "860", "spells": [["2018/06/15", "2018/06/15"]]}, {"edgemeta": ["social", "transaction"], "transaction": [["[45,49]", "2018/06/19", "2018/06/19"], ["[49,45]", "2018/06/19", "2018/06/19"]], "target": "45", "weight": 1.0, "source": "49", "label": "conversation_6+date_start=2018/06/19+date_end=2018/06/19", "conversation": [["[49,45]", "2018/06/19", "2018/06/19"]], "edgeweight": {"45": 20.0, "49": 20.0}, "id": "1002", "spells": [["2018/06/19", "2018/06/19"], ["2018/06/19", "2018/06/19"], ["2018/06/19", "2018/06/19"]]}, {"edgemeta": ["story"], "comment_story": [["[58,130]", "2018/06/18", "2018/06/18"]], "target": "130", "weight": 1.0, "label": "comment_38+date_start=2018/06/18", "source": "58", "edgeweight": {"130": 2.0, "58": 2.0}, "id": "893", "spells": [["2018/06/18", "2018/06/18"]]}, {"edgemeta": ["story"], "comment_story": [["[57,114]", "2018/06/19", "2018/06/19"]], "target": "114", "weight": 1.0, "label": "comment_32+date_start=2018/05/14", "source": "57", "edgeweight": {"114": 2.0, "57": 2.0}, "id": "881", "spells": [["2018/05/14", "2018/05/14"], ["2018/06/19", "2018/06/19"]]}, {"edgemeta": ["story", "transaction"], "transaction": [["[130,57]", "2018/06/15", "2018/06/15"]], "comment_story": [["[57,130]", "2018/06/18", "2018/06/18"], ["[57,130]", "2018/06/18", "2018/06/18"]], "target": "130", "weight": 1.0, "label": "comment_36+date_start=2018/06/18", "source": "57", "edgeweight": {"57": 9.0, "130": 9.0}, "id": "889", "spells": [["2018/06/18", "2018/06/18"], ["2018/06/18", "2018/06/18"], ["2018/06/15", "2018/06/15"]]}, {"edgemeta": ["transaction"], "transaction": [["[133,53]", "2018/06/25", "2018/06/25"]], "target": "133", "weight": 1.0, "label": "transaction_14+date_start=2018/06/25", "source": "53", "edgeweight": {"133": 5.0, "53": 5.0}, "id": "1028", "spells": [["2018/06/25", "2018/06/25"]]}, {"target": "7471", "weight": 1.0, "label": "tag_398+date_start=2018/06/14", "source": "7810", "tag_listing": [["[7471,7810]", "2018/06/14", "2018/06/14"]], "id": "832", "spells": [["2018/06/14", "2018/06/14"]]}, {"target": "7471", "weight": 1.0, "label": "tag_399+date_start=2018/06/14", "source": "7811", "tag_listing": [["[7471,7811]", "2018/06/14", "2018/06/14"]], "id": "833", "spells": [["2018/06/14", "2018/06/14"]]}], "multigraph": false, "graph": {"start": "2016/06/01", "node_default": {}, "end": "2018/07/26", "mode": "dynamic", "edge_default": {}}, "date": "2018/06/13", "nodes": [{"kcore": 0, "stats": {}, "name": "citizen protest", "tags": [], "spells": [["2017/10/30", "2017/10/30"], ["2018/06/22", "2018/06/22"], ["2018/06/22", "2018/06/22"]], "tag_story": [], "label": "tag_42", "cumu_totals": {"listing": 0, "story": 0, "transaction": 0, "social": 0}, "edgetotals": {"transaction": 0, "story": 0, "social": 0, "listing": 0}, "date": "2018/06/13", "avg_totals": {"listing": 0, "story": 0, "transaction": 0, "social": 0}, "nodemeta": ["social"], "type": "tag", "id": "7493", "tag_commoner": [["[139,7493]", "2018/06/22", "2018/06/22"], ["[140,7493]", "2018/06/22", "2018/06/22"]]}, {"kcore": 0, "stats": {"story": {"rtag_story": [], "tag_story": [["[7441,7712]", "2018/06/23", "2018/06/23"]]}}, "name": "migration", "tags": [], "spells": [["2018/01/24", "2018/01/24"], ["2017/10/04", "2017/10/04"], ["2018/06/23", "2018/06/23"]], "tag_story": [["[7441,7712]", "2018/06/23", "2018/06/23"]], "label": "tag_278", "cumu_totals": {"listing": 0, "story": 0, "transaction": 0, "social": 0}, "edgetotals": {"transaction": 0, "story": 0, "social": 0, "listing": 0}, "date": "2018/06/13", "avg_totals": {"listing": 0, "story": 0, "transaction": 0, "social": 0}, "nodemeta": ["story"], "type": "tag", "id": "7712", "tag_commoner": []}, {"kcore": 0, "stats": {}, "name": "arts", "tags": [], "spells": [["2017/11/15", "2017/11/15"], ["2018/06/22", "2018/06/22"]], "tag_story": [], "label": "tag_75", "cumu_totals": {"listing": 0, "story": 0, "transaction": 0, "social": 0}, "edgetotals": {"transaction": 0, "story": 0, "social": 0, "listing": 0}, "date": "2018/06/13", "avg_totals": {"listing": 0, "story": 0, "transaction": 0, "social": 0}, "nodemeta": ["social"], "type": "tag", "id": "7526", "tag_commoner": [["[137,7526]", "2018/06/22", "2018/06/22"]]}, {"kcore": 0, "stats": {}, "name": "cultural events", "tags": [], "spells": [["2017/09/01", "2017/09/01"], ["2018/02/18", "2018/02/18"], ["2018/05/09", "2018/05/09"], ["2018/06/22", "2018/06/22"]], "tag_story": [], "label": "tag_100", "cumu_totals": {"listing": 0, "story": 0, "transaction": 0, "social": 0}, "edgetotals": {"transaction": 0, "story": 0, "social": 0, "listing": 0}, "date": "2018/06/13", "avg_totals": {"listing": 0, "story": 0, "transaction": 0, "social": 0}, "nodemeta": ["social"], "type": "tag", "id": "7547", "tag_commoner": [["[137,7547]", "2018/06/22", "2018/06/22"]]}, {"nodemeta": ["social", "transaction"], "avg_totals": {"listing": 0.0, "story": 0.0, "transaction": 1.3333333333333333, "social": 2.6666666666666665}, "transaction": [["[3,37]", "2018/06/13", "2018/06/13"]], "comment_story": [], "name": "emme", "tags": [], "spells": [["2017/09/30", "2017/09/30"], ["2017/09/30", "2017/09/30"], ["2018/06/21", "2018/06/21"], ["2018/06/13", "2018/06/13"], ["2018/05/03", "2018/05/03"], ["2018/05/03", "2018/05/03"], ["2018/07/09", "2018/07/09"], ["2018/07/19", "2018/07/19"], ["2018/07/22", "2018/07/22"], ["2018/07/19", "2018/07/19"], ["2018/07/19", "2018/07/19"], ["2018/07/19", "2018/07/19"], ["2018/05/03", "2018/05/03"], ["2018/07/26", "2018/07/26"]], "label": "commoner_3", "conversation": [["[3,37]", "2018/06/21", "2018/06/21"]], "edgetotals": {"transaction": 5.0, "story": 0, "social": 10.0, "listing": 0}, "date": "2018/06/13", "stats": {"2018/06/21": {"social": {"conversation": [1, 10]}}, "transaction": {"rtransaction": [], "transaction": [["[3,37]", "2018/06/13", "2018/06/13"]]}, "37": [["conversation", "2018/06/21"], ["transaction", "2018/06/13"]], "2018/06/13": {"transaction": {"transaction": [1, 5]}}, "social": {"conversation": [["[3,37]", "2018/06/21", "2018/06/21"]], "rconversation": []}}, "kcore": 1, "type": "commoner", "id": "3", "cumu_totals": {"listing": 0.0, "story": 0.0, "transaction": 0.3333333333333333, "social": 0.6666666666666666}}, {"nodemeta": ["story"], "stats": {"story": {"rtag_story": [], "tag_story": [["[7435,7799]", "2018/06/13", "2018/06/13"], ["[7442,7799]", "2018/06/25", "2018/06/25"]]}}, "name": "common story", "tags": [], "spells": [["2018/06/13", "2018/06/13"], ["2018/06/25", "2018/06/25"], ["2018/07/19", "2018/07/19"]], "tag_story": [["[7435,7799]", "2018/06/13", "2018/06/13"], ["[7442,7799]", "2018/06/25", "2018/06/25"]], "label": "tag_387", "edgetotals": {"transaction": 0, "story": 0, "social": 0, "listing": 0}, "date": "2018/06/13", "avg_totals": {"listing": 0, "story": 0, "transaction": 0, "social": 0}, "kcore": 0, "type": "tag", "id": "7799", "cumu_totals": {"listing": 0, "story": 0, "transaction": 0, "social": 0}}, {"nodemeta": ["story"], "stats": {"story": {"rtag_story": [], "tag_story": [["[7435,7798]", "2018/06/13", "2018/06/13"]]}}, "name": "santarcangelo", "tags": [], "spells": [["2018/06/12", "2018/06/12"], ["2018/06/13", "2018/06/13"]], "tag_story": [["[7435,7798]", "2018/06/13", "2018/06/13"]], "label": "tag_386", "edgetotals": {"transaction": 0, "story": 0, "social": 0, "listing": 0}, "date": "2018/06/13", "avg_totals": {"listing": 0, "story": 0, "transaction": 0, "social": 0}, "kcore": 0, "type": "tag", "id": "7798", "cumu_totals": {"listing": 0, "story": 0, "transaction": 0, "social": 0}}, {"nodemeta": ["story"], "stats": {"story": {"rtag_story": [], "tag_story": [["[7436,7801]", "2018/06/15", "2018/06/15"]]}}, "name": "storytelling", "tags": [], "spells": [["2018/06/11", "2018/06/11"], ["2018/06/15", "2018/06/15"]], "tag_story": [["[7436,7801]", "2018/06/15", "2018/06/15"]], "label": "tag_389", "edgetotals": {"transaction": 0, "story": 0, "social": 0, "listing": 0}, "date": "2018/06/13", "avg_totals": {"listing": 0, "story": 0, "transaction": 0, "social": 0}, "kcore": 0, "type": "tag", "id": "7801", "cumu_totals": {"listing": 0, "story": 0, "transaction": 0, "social": 0}}, {"nodemeta": ["listing"], "stats": {"listing": {"rtag_listing": [], "tag_listing": [["[7470,7803]", "2018/06/14", "2018/06/14"]]}}, "name": "festival", "tags": [], "spells": [["2018/06/14", "2018/06/14"]], "label": "tag_391", "edgetotals": {"transaction": 0, "story": 0, "social": 0, "listing": 0}, "tag_listing": [["[7470,7803]", "2018/06/14", "2018/06/14"]], "date": "2018/06/13", "avg_totals": {"listing": 0, "story": 0, "transaction": 0, "social": 0}, "kcore": 0, "type": "tag", "id": "7803", "cumu_totals": {"listing": 0, "story": 0, "transaction": 0, "social": 0}}, {"nodemeta": ["story"], "stats": {"story": {"rtag_story": [], "tag_story": [["[7436,7802]", "2018/06/15", "2018/06/15"]]}}, "name": "tutorial", "tags": [], "spells": [["2018/06/11", "2018/06/11"], ["2018/06/15", "2018/06/15"]], "tag_story": [["[7436,7802]", "2018/06/15", "2018/06/15"]], "label": "tag_390", "edgetotals": {"transaction": 0, "story": 0, "social": 0, "listing": 0}, "date": "2018/06/13", "avg_totals": {"listing": 0, "story": 0, "transaction": 0, "social": 0}, "kcore": 0, "type": "tag", "id": "7802", "cumu_totals": {"listing": 0, "story": 0, "transaction": 0, "social": 0}}, {"nodemeta": ["listing"], "stats": {"listing": {"rtag_listing": [], "tag_listing": [["[7470,7805]", "2018/06/14", "2018/06/14"]]}}, "name": "good society", "tags": [], "spells": [["2018/06/14", "2018/06/14"]], "label": "tag_393", "edgetotals": {"transaction": 0, "story": 0, "social": 0, "listing": 0}, "tag_listing": [["[7470,7805]", "2018/06/14", "2018/06/14"]], "date": "2018/06/13", "avg_totals": {"listing": 0, "story": 0, "transaction": 0, "social": 0}, "kcore": 0, "type": "tag", "id": "7805", "cumu_totals": {"listing": 0, "story": 0, "transaction": 0, "social": 0}}, {"nodemeta": ["listing"], "stats": {"listing": {"rtag_listing": [], "tag_listing": [["[7470,7804]", "2018/06/14", "2018/06/14"]]}}, "name": "art", "tags": [], "spells": [["2018/06/14", "2018/06/14"]], "label": "tag_392", "edgetotals": {"transaction": 0, "story": 0, "social": 0, "listing": 0}, "tag_listing": [["[7470,7804]", "2018/06/14", "2018/06/14"]], "date": "2018/06/13", "avg_totals": {"listing": 0, "story": 0, "transaction": 0, "social": 0}, "kcore": 0, "type": "tag", "id": "7804", "cumu_totals": {"listing": 0, "story": 0, "transaction": 0, "social": 0}}, {"nodemeta": ["listing"], "stats": {"listing": {"rtag_listing": [], "tag_listing": [["[7470,7807]", "2018/06/14", "2018/06/14"]]}}, "name": "call for stories", "tags": [], "spells": [["2018/06/14", "2018/06/14"]], "label": "tag_395", "edgetotals": {"transaction": 0, "story": 0, "social": 0, "listing": 0}, "tag_listing": [["[7470,7807]", "2018/06/14", "2018/06/14"]], "date": "2018/06/13", "avg_totals": {"listing": 0, "story": 0, "transaction": 0, "social": 0}, "kcore": 0, "type": "tag", "id": "7807", "cumu_totals": {"listing": 0, "story": 0, "transaction": 0, "social": 0}}, {"nodemeta": ["listing"], "stats": {"listing": {"rtag_listing": [], "tag_listing": [["[7470,7806]", "2018/06/14", "2018/06/14"]]}}, "name": "commonfare blogger", "tags": [], "spells": [["2018/06/14", "2018/06/14"]], "label": "tag_394", "edgetotals": {"transaction": 0, "story": 0, "social": 0, "listing": 0}, "tag_listing": [["[7470,7806]", "2018/06/14", "2018/06/14"]], "date": "2018/06/13", "avg_totals": {"listing": 0, "story": 0, "transaction": 0, "social": 0}, "kcore": 0, "type": "tag", "id": "7806", "cumu_totals": {"listing": 0, "story": 0, "transaction": 0, "social": 0}}, {"nodemeta": ["listing"], "stats": {"listing": {"rtag_listing": [], "tag_listing": [["[7471,7809]", "2018/06/14", "2018/06/14"]]}}, "name": "zajedni\u010dke pri\u010de", "tags": [], "spells": [["2018/06/14", "2018/06/14"]], "label": "tag_397", "edgetotals": {"transaction": 0, "story": 0, "social": 0, "listing": 0}, "tag_listing": [["[7471,7809]", "2018/06/14", "2018/06/14"]], "date": "2018/06/13", "avg_totals": {"listing": 0, "story": 0, "transaction": 0, "social": 0}, "kcore": 0, "type": "tag", "id": "7809", "cumu_totals": {"listing": 0, "story": 0, "transaction": 0, "social": 0}}, {"nodemeta": ["listing"], "stats": {"listing": {"rtag_listing": [], "tag_listing": [["[7471,7808]", "2018/06/14", "2018/06/14"]]}}, "name": "bloger", "tags": [], "spells": [["2018/06/14", "2018/06/14"]], "label": "tag_396", "edgetotals": {"transaction": 0, "story": 0, "social": 0, "listing": 0}, "tag_listing": [["[7471,7808]", "2018/06/14", "2018/06/14"]], "date": "2018/06/13", "avg_totals": {"listing": 0, "story": 0, "transaction": 0, "social": 0}, "kcore": 0, "type": "tag", "id": "7808", "cumu_totals": {"listing": 0, "story": 0, "transaction": 0, "social": 0}}, {"avg_totals": {"listing": 0.0, "story": 4.0, "transaction": 0.0, "social": 0.0}, "nodemeta": ["story", "story"], "comment_story": [["[37,7]", "2018/06/19", "2018/06/19"], ["[8,7]", "2018/06/19", "2018/06/19"]], "name": "Imposter72", "tags": [], "spells": [["2018/06/19", "2018/06/19"], ["2018/01/24", "2018/01/24"], ["2018/06/19", "2018/06/19"]], "label": "commoner_7", "edgetotals": {"transaction": 0, "story": 4.0, "social": 0, "listing": 0}, "date": "2018/06/13", "stats": {"story": {"rcreate_story": [], "comment_story": [], "rcomment_story": [["[37,7]", "2018/06/19", "2018/06/19"], ["[8,7]", "2018/06/19", "2018/06/19"]], "create_story": [["[7,7409]", "2018/01/24", "2018/01/24"]]}, "2018/06/19": {"story": {"rcomment_story": [2, 4]}}, "37": [["rcomment_story", "2018/06/19"]], "2018/01/24": {"story": {"create_story": [1, 2]}}, "7409": [["create_story", "2018/01/24"]], "8": [["rcomment_story", "2018/06/19"]]}, "kcore": 2, "type": "commoner", "id": "7", "create_story": [], "cumu_totals": {"listing": 0.0, "story": 1.0, "transaction": 0.0, "social": 0.0}}, {"nodemeta": ["story", "story"], "comment_story": [["[57,7429]", "2018/06/19", "2018/06/19"]], "edgetotals": {"transaction": 0, "story": 2.0, "social": 0, "listing": 0}, "tags": [], "spells": [["2018/05/15", "2018/05/15"], ["2018/05/14", "2018/05/14"], ["2018/06/19", "2018/06/19"], ["2018/05/13", "2018/05/13"], ["2018/05/13", "2018/05/13"], ["2018/05/13", "2018/05/13"], ["2018/05/13", "2018/05/13"], ["2018/05/13", "2018/05/13"]], "title": "Universal Credit - a UBI horror story", "tag_story": [], "label": "story_155", "avg_totals": {"listing": 0.0, "story": 4.0, "transaction": 0.0, "social": 0.0}, "date": "2018/06/13", "stats": {"story": {"rcreate_story": [], "comment_story": [], "rcomment_story": [["[57,7429]", "2018/06/19", "2018/06/19"]], "create_story": [["[114,7429]", "2018/05/13", "2018/05/13"]]}, "57": [["rcomment_story", "2018/06/19"]], "2018/06/19": {"story": {"rcomment_story": [1, 2]}}}, "kcore": 1, "type": "story", "id": "7429", "create_story": [], "cumu_totals": {"listing": 0.0, "story": 1.0, "transaction": 0.0, "social": 0.0}}, {"nodemeta": ["story", "story"], "comment_story": [["[37,7409]", "2018/06/19", "2018/06/19"], ["[8,7409]", "2018/06/19", "2018/06/19"]], "edgetotals": {"transaction": 0, "story": 4.0, "social": 0, "listing": 0}, "tags": [], "spells": [["2018/06/19", "2018/06/19"], ["2018/01/24", "2018/01/24"], ["2018/01/24", "2018/01/24"], ["2018/01/24", "2018/01/24"], ["2018/01/24", "2018/01/24"], ["2018/01/24", "2018/01/24"], ["2018/01/24", "2018/01/24"], ["2018/06/19", "2018/06/19"]], "title": "The African I Want, The Immigrant I Am", "tag_story": [], "label": "story_120", "avg_totals": {"listing": 0.0, "story": 4.0, "transaction": 0.0, "social": 0.0}, "date": "2018/06/13", "stats": {"8": [["rcomment_story", "2018/06/19"]], "story": {"rcreate_story": [], "comment_story": [], "rcomment_story": [["[37,7409]", "2018/06/19", "2018/06/19"], ["[8,7409]", "2018/06/19", "2018/06/19"]], "create_story": [["[7,7409]", "2018/01/24", "2018/01/24"]]}, "37": [["rcomment_story", "2018/06/19"]], "2018/06/19": {"story": {"rcomment_story": [2, 4]}}}, "kcore": 2, "type": "story", "id": "7409", "create_story": [], "cumu_totals": {"listing": 0.0, "story": 1.0, "transaction": 0.0, "social": 0.0}}, {"avg_totals": {"listing": 0.0, "story": 4.0, "transaction": 0.0, "social": 0.0}, "nodemeta": ["story", "story"], "stats": {"story": {"rcreate_story": [], "create_story": [["[20,7437]", "2018/06/15", "2018/06/15"]]}}, "tags": [], "spells": [["2018/06/28", "2018/06/28"], ["2018/06/15", "2018/06/15"]], "title": "Artisans from ri-maflow for the kids from soprasotto", "label": "story_175", "edgetotals": {"transaction": 0, "story": 2.0, "social": 0, "listing": 0}, "date": "2018/06/13", "comment_story": [], "kcore": 1, "type": "story", "id": "7437", "create_story": [["[20,7437]", "2018/06/15", "2018/06/15"]], "cumu_totals": {"listing": 0.0, "story": 1.0, "transaction": 0.0, "social": 0.0}}, {"kcore": 1, "stats": {"2018/06/23": {"social": {"conversation": [1, 10]}}, "142": [["conversation", "2018/06/23"]], "social": {"conversation": [["[142,124]", "2018/06/23", "2018/06/23"]], "rconversation": []}}, "name": "pdansmex960", "tags": [], "spells": [["2018/06/06", "2018/06/06"], ["2018/06/23", "2018/06/23"]], "label": "commoner_135", "create_listing": [], "conversation": [["[142,124]", "2018/06/23", "2018/06/23"]], "edgetotals": {"transaction": 0, "story": 0, "social": 10.0, "listing": 0}, "date": "2018/06/13", "avg_totals": {"listing": 0.0, "story": 0.0, "transaction": 0.0, "social": 4.0}, "nodemeta": ["social"], "type": "commoner", "id": "124", "cumu_totals": {"listing": 0.0, "story": 0.0, "transaction": 0.0, "social": 1.0}}, {"nodemeta": ["transaction"], "transaction": [["[57,103]", "2018/06/15", "2018/06/15"]], "stats": {"2018/06/15": {"transaction": {"transaction": [1, 5]}}, "57": [["transaction", "2018/06/15"]], "transaction": {"rtransaction": [], "transaction": [["[57,103]", "2018/06/15", "2018/06/15"]]}}, "name": "Openair", "tags": [], "spells": [["2018/06/15", "2018/06/15"], ["2018/07/09", "2018/07/09"]], "label": "commoner_114", "edgetotals": {"transaction": 5.0, "story": 0, "social": 0, "listing": 0}, "date": "2018/06/13", "avg_totals": {"listing": 0.0, "story": 0.0, "transaction": 4.0, "social": 0.0}, "kcore": 1, "type": "commoner", "id": "103", "cumu_totals": {"listing": 0.0, "story": 0.0, "transaction": 1.0, "social": 0.0}}, {"nodemeta": ["story", "story", "story"], "comment_story": [], "edgetotals": {"transaction": 0, "story": 2.0, "social": 0, "listing": 0}, "tags": ["migration", "salvini", "brexit"], "spells": [["2018/06/28", "2018/06/28"], ["2018/06/23", "2018/06/23"], ["2018/06/23", "2018/06/23"], ["2018/06/23", "2018/06/23"], ["2018/06/23", "2018/06/23"]], "title": "Let us stay human", "tag_story": [["[7441,7712]", "2018/06/23", "2018/06/23"], ["[7441,7769]", "2018/06/23", "2018/06/23"], ["[7441,7830]", "2018/06/23", "2018/06/23"]], "label": "story_193", "avg_totals": {"listing": 0.0, "story": 4.0, "transaction": 0.0, "social": 0.0}, "date": "2018/06/13", "stats": {"7830": [["tag_story", "2018/06/23"]], "story": {"rcreate_story": [], "rtag_story": [], "create_story": [["[134,7441]", "2018/06/23", "2018/06/23"]], "tag_story": [["[7441,7830]", "2018/06/23", "2018/06/23"], ["[7441,7712]", "2018/06/23", "2018/06/23"], ["[7441,7769]", "2018/06/23", "2018/06/23"]]}, "7712": [["tag_story", "2018/06/23"]], "2018/06/23": {"story": {"tag_story": [3, 0]}}, "7769": [["tag_story", "2018/06/23"]]}, "kcore": 1, "type": "story", "id": "7441", "create_story": [["[134,7441]", "2018/06/23", "2018/06/23"]], "cumu_totals": {"listing": 0.0, "story": 1.0, "transaction": 0.0, "social": 0.0}}, {"nodemeta": ["story", "story", "story"], "comment_story": [], "edgetotals": {"transaction": 0, "story": 2.0, "social": 0, "listing": 0}, "tags": ["common story"], "spells": [["2018/06/30", "2018/06/30"], ["2018/06/27", "2018/06/27"], ["2018/06/28", "2018/06/28"], ["2018/06/25", "2018/06/25"], ["2018/06/27", "2018/06/27"], ["2018/06/30", "2018/06/30"], ["2018/06/25", "2018/06/25"]], "title": "Deuteranopia", "tag_story": [["[7442,7799]", "2018/06/25", "2018/06/25"]], "label": "story_194", "avg_totals": {"listing": 0.0, "story": 4.0, "transaction": 0.0, "social": 0.0}, "date": "2018/06/13", "stats": {"133": [["rcomment_story", "2018/06/27"], ["rcomment_story", "2018/06/30"]], "story": {"comment_story": [], "tag_story": [["[7442,7799]", "2018/06/25", "2018/06/25"]], "rtag_story": [], "rcomment_story": [["[133,7442]", "2018/06/27", "2018/06/27"], ["[133,7442]", "2018/06/30", "2018/06/30"]], "rcreate_story": [], "create_story": [["[133,7442]", "2018/06/25", "2018/06/25"]]}, "2018/06/30": {"story": {"rcomment_story": [1, 2]}}, "2018/06/25": {"story": {"tag_story": [1, 0]}}, "2018/06/27": {"story": {"rcomment_story": [1, 2]}}, "7799": [["tag_story", "2018/06/25"]]}, "kcore": 1, "type": "story", "id": "7442", "create_story": [["[133,7442]", "2018/06/25", "2018/06/25"]], "cumu_totals": {"listing": 0.0, "story": 1.0, "transaction": 0.0, "social": 0.0}}, {"nodemeta": ["social"], "stats": {"37": [["conversation", "2018/06/23"]], "2018/06/23": {"social": {"conversation": [2, 20]}}, "124": [["conversation", "2018/06/23"]], "social": {"conversation": [["[142,124]", "2018/06/23", "2018/06/23"], ["[142,37]", "2018/06/23", "2018/06/26"]], "rconversation": []}}, "name": "SelmaD", "tags": [], "spells": [["2018/06/23", "2018/06/26"], ["2018/06/23", "2018/06/23"]], "label": "commoner_153", "conversation": [["[142,37]", "2018/06/23", "2018/06/26"], ["[142,124]", "2018/06/23", "2018/06/23"]], "edgetotals": {"transaction": 0, "story": 0, "social": 20.0, "listing": 0}, "date": "2018/06/13", "avg_totals": {"listing": 0.0, "story": 0.0, "transaction": 0.0, "social": 4.0}, "kcore": 1, "type": "commoner", "id": "142", "cumu_totals": {"listing": 0.0, "story": 0.0, "transaction": 0.0, "social": 1.0}}, {"nodemeta": ["social"], "stats": {}, "tag_commoner": [["[140,7493]", "2018/06/22", "2018/06/22"]], "tags": ["citizen protest"], "spells": [["2018/06/22", "2018/06/22"]], "label": "commoner_151", "name": "Hans", "edgetotals": {"transaction": 0, "story": 0, "social": 0, "listing": 0}, "date": "2018/06/13", "avg_totals": {"listing": 0, "story": 0, "transaction": 0, "social": 0}, "kcore": 0, "type": "commoner", "id": "140", "cumu_totals": {"listing": 0, "story": 0, "transaction": 0, "social": 0}}, {"nodemeta": ["story"], "stats": {}, "name": "brexit", "tags": [], "spells": [["2018/06/23", "2018/06/23"]], "tag_story": [["[7441,7769]", "2018/06/23", "2018/06/23"]], "label": "tag_348", "edgetotals": {"transaction": 0, "story": 0, "social": 0, "listing": 0}, "date": "2018/06/13", "avg_totals": {"listing": 0, "story": 0, "transaction": 0, "social": 0}, "kcore": 0, "type": "tag", "id": "7769", "cumu_totals": {"listing": 0, "story": 0, "transaction": 0, "social": 0}}, {"avg_totals": {"listing": 0.0, "story": 4.0, "transaction": 0.0, "social": 0.0}, "nodemeta": ["story", "story", "story"], "comment_story": [["[8,20]", "2018/06/20", "2018/06/20"]], "tag_commoner": [], "tags": [], "spells": [["2018/06/28", "2018/06/28"], ["2018/06/11", "2018/06/11"], ["2018/06/11", "2018/06/11"], ["2018/06/15", "2018/06/15"], ["2018/06/15", "2018/06/15"], ["2018/07/04", "2018/07/04"], ["2018/07/10", "2018/07/10"], ["2017/10/04", "2017/10/04"], ["2017/10/04", "2017/10/04"], ["2017/10/04", "2017/10/04"], ["2018/06/20", "2018/06/20"]], "label": "commoner_23", "name": "matteo", "edgetotals": {"transaction": 0, "story": 6.0, "social": 0, "listing": 0}, "date": "2018/06/13", "stats": {"story": {"rcreate_story": [], "comment_story": [], "rcomment_story": [["[8,20]", "2018/06/20", "2018/06/20"]], "create_story": [["[20,7436]", "2018/06/15", "2018/06/15"], ["[20,7437]", "2018/06/15", "2018/06/15"], ["[20,7432]", "2018/06/11", "2018/06/11"]]}, "2018/06/15": {"story": {"create_story": [2, 4]}}, "2018/06/11": {"story": {"create_story": [1, 2]}}, "7436": [["create_story", "2018/06/15"]], "7437": [["create_story", "2018/06/15"]], "7432": [["create_story", "2018/06/11"]], "2018/06/20": {"story": {"rcomment_story": [1, 2]}}, "8": [["rcomment_story", "2018/06/20"]]}, "kcore": 1, "type": "commoner", "id": "20", "create_story": [["[20,7436]", "2018/06/15", "2018/06/15"], ["[20,7437]", "2018/06/15", "2018/06/15"]], "cumu_totals": {"listing": 0.0, "story": 1.0, "transaction": 0.0, "social": 0.0}}, {"nodemeta": ["social"], "stats": {"2018/06/21": {"social": {"conversation": [1, 10]}}, "37": [["conversation", "2018/06/21"]], "social": {"conversation": [["[22,37]", "2018/06/21", "2018/06/30"]], "rconversation": []}}, "name": "remote-islander", "tags": [], "spells": [["2018/06/21", "2018/06/30"]], "label": "commoner_29", "conversation": [["[22,37]", "2018/06/21", "2018/06/30"]], "edgetotals": {"transaction": 0, "story": 0, "social": 10.0, "listing": 0}, "date": "2018/06/13", "avg_totals": {"listing": 0.0, "story": 0.0, "transaction": 0.0, "social": 4.0}, "kcore": 1, "type": "commoner", "id": "22", "cumu_totals": {"listing": 0.0, "story": 0.0, "transaction": 0.0, "social": 1.0}}, {"nodemeta": ["story"], "avg_totals": {"listing": 0.0, "story": 4.0, "transaction": 0.0, "social": 0.0}, "transaction": [], "comment_story": [["[8,37]", "2018/06/20", "2018/06/20"], ["[8,7]", "2018/06/19", "2018/06/19"], ["[8,7409]", "2018/06/19", "2018/06/19"], ["[8,20]", "2018/06/20", "2018/06/20"], ["[8,7432]", "2018/06/20", "2018/06/20"], ["[8,7435]", "2018/06/20", "2018/06/20"]], "name": "ADA", "tags": [], "spells": [["2017/10/01", "2017/10/01"], ["2017/10/01", "2017/10/01"], ["2018/06/20", "2018/06/20"], ["2018/05/24", "2018/05/24"], ["2018/05/01", "2018/05/01"], ["2018/06/19", "2018/06/19"], ["2018/06/19", "2018/06/19"], ["2018/05/24", "2018/05/24"], ["2018/07/11", "2018/07/11"], ["2018/07/11", "2018/07/11"], ["2018/07/04", "2018/07/04"], ["2018/06/20", "2018/06/20"], ["2018/06/20", "2018/06/20"], ["2018/06/20", "2018/06/20"], ["2018/07/04", "2018/07/04"], ["2018/07/04", "2018/07/04"], ["2018/07/06", "2018/07/06"], ["2018/07/06", "2018/07/06"], ["2018/07/11", "2018/07/11"], ["2018/07/26", "2018/07/26"], ["2018/07/11", "2018/07/11"]], "label": "commoner_8", "conversation": [], "edgetotals": {"transaction": 0, "story": 12.0, "social": 0, "listing": 0}, "date": "2018/06/13", "stats": {"story": {"comment_story": [["[8,20]", "2018/06/20", "2018/06/20"], ["[8,37]", "2018/06/20", "2018/06/20"], ["[8,7435]", "2018/06/20", "2018/06/20"], ["[8,7409]", "2018/06/19", "2018/06/19"], ["[8,7]", "2018/06/19", "2018/06/19"], ["[8,7432]", "2018/06/20", "2018/06/20"]], "rcomment_story": []}, "20": [["comment_story", "2018/06/20"]], "2018/06/19": {"story": {"comment_story": [2, 4]}}, "2018/06/20": {"story": {"comment_story": [4, 8]}}, "37": [["comment_story", "2018/06/20"]], "7435": [["comment_story", "2018/06/20"]], "7409": [["comment_story", "2018/06/19"]], "7": [["comment_story", "2018/06/19"]], "7432": [["comment_story", "2018/06/20"]]}, "kcore": 2, "type": "commoner", "id": "8", "cumu_totals": {"listing": 0.0, "story": 1.0, "transaction": 0.0, "social": 0.0}}, {"kcore": 0, "stats": {}, "name": "cultura", "tags": [], "spells": [["2018/02/18", "2018/02/18"], ["2018/03/09", "2018/03/09"], ["2018/05/09", "2018/05/09"], ["2018/07/05", "2018/07/05"], ["2018/06/22", "2018/06/22"]], "tag_story": [], "label": "tag_292", "cumu_totals": {"listing": 0, "story": 0, "transaction": 0, "social": 0}, "edgetotals": {"transaction": 0, "story": 0, "social": 0, "listing": 0}, "date": "2018/06/13", "avg_totals": {"listing": 0, "story": 0, "transaction": 0, "social": 0}, "nodemeta": ["social"], "type": "tag", "id": "7726", "tag_commoner": [["[137,7726]", "2018/06/22", "2018/06/22"]]}, {"kcore": 0, "stats": {}, "name": "work", "tags": [], "spells": [["2017/09/01", "2017/09/01"], ["2017/09/01", "2017/09/01"], ["2017/09/01", "2017/09/01"], ["2017/09/01", "2017/09/01"], ["2017/09/01", "2017/09/01"], ["2017/09/01", "2017/09/01"], ["2017/09/01", "2017/09/01"], ["2017/09/01", "2017/09/01"], ["2017/09/01", "2017/09/01"], ["2017/09/01", "2017/09/01"], ["2017/09/01", "2017/09/01"], ["2017/09/01", "2017/09/01"], ["2017/09/01", "2017/09/01"], ["2017/09/01", "2017/09/01"], ["2017/09/01", "2017/09/01"], ["2017/09/01", "2017/09/01"], ["2017/09/01", "2017/09/01"], ["2017/09/01", "2017/09/01"], ["2017/03/02", "2017/03/02"], ["2018/02/20", "2018/02/20"], ["2018/02/20", "2018/02/20"], ["2018/03/01", "2018/03/01"], ["2018/05/09", "2018/05/09"], ["2018/06/15", "2018/06/15"], ["2018/06/22", "2018/06/22"]], "tag_story": [], "label": "tag_88", "cumu_totals": {"listing": 0, "story": 0, "transaction": 0, "social": 0}, "edgetotals": {"transaction": 0, "story": 0, "social": 0, "listing": 0}, "date": "2018/06/13", "avg_totals": {"listing": 0, "story": 0, "transaction": 0, "social": 0}, "nodemeta": ["social"], "type": "tag", "id": "7535", "tag_commoner": [["[137,7535]", "2018/06/22", "2018/06/22"]]}, {"nodemeta": ["story", "story", "story", "listing", "social", "transaction"], "avg_totals": {"listing": 0.13793103448275862, "story": 0.41379310344827586, "transaction": 1.3793103448275863, "social": 2.0689655172413794}, "transaction": [["[3,37]", "2018/06/13", "2018/06/13"], ["[36,37]", "2018/06/14", "2018/06/14"], ["[36,37]", "2018/06/14", "2018/06/14"], ["[37,36]", "2018/06/14", "2018/06/14"], ["[36,37]", "2018/06/14", "2018/06/14"], ["[36,37]", "2018/06/14", "2018/06/14"], ["[133,37]", "2018/06/18", "2018/06/18"], ["[133,37]", "2018/06/25", "2018/06/25"]], "comment_story": [["[37,7]", "2018/06/19", "2018/06/19"], ["[37,7409]", "2018/06/19", "2018/06/19"], ["[8,37]", "2018/06/20", "2018/06/20"], ["[37,37]", "2018/06/25", "2018/06/25"], ["[37,37]", "2018/06/25", "2018/06/25"], ["[37,7435]", "2018/06/25", "2018/06/25"], ["[37,130]", "2018/06/25", "2018/06/25"]], "name": "Commonfare", "tags": [], "spells": [["2018/07/12", "2018/07/12"], ["2017/11/10", "2017/11/10"], ["2017/11/15", "2017/11/15"], ["2017/11/15", "2017/11/15"], ["2017/11/15", "2017/11/15"], ["2017/09/01", "2017/09/01"], ["2017/09/01", "2017/09/01"], ["2017/09/01", "2017/09/01"], ["2017/09/01", "2017/09/01"], ["2017/09/01", "2017/09/01"], ["2017/09/01", "2017/09/01"], ["2017/09/01", "2017/09/01"], ["2017/09/01", "2017/09/01"], ["2017/09/01", "2017/09/01"], ["2017/09/01", "2017/09/01"], ["2017/09/01", "2017/09/01"], ["2017/09/01", "2017/09/01"], ["2017/09/01", "2017/09/01"], ["2017/09/01", "2017/09/01"], ["2017/09/01", "2017/09/01"], ["2017/09/01", "2017/09/01"], ["2017/09/01", "2017/09/01"], ["2017/09/01", "2017/09/01"], ["2017/09/01", "2017/09/01"], ["2017/09/01", "2017/09/01"], ["2017/09/01", "2017/09/01"], ["2017/09/01", "2017/09/01"], ["2017/09/01", "2017/09/01"], ["2017/09/01", "2017/09/01"], ["2017/09/01", "2017/09/01"], ["2017/09/01", "2017/09/01"], ["2017/09/01", "2017/09/01"], ["2017/09/01", "2017/09/01"], ["2017/09/01", "2017/09/01"], ["2017/09/01", "2017/09/01"], ["2017/09/01", "2017/09/01"], ["2017/09/01", "2017/09/01"], ["2017/09/01", "2017/09/01"], ["2017/09/01", "2017/09/01"], ["2017/09/01", "2017/09/01"], ["2017/09/01", "2017/09/01"], ["2017/09/01", "2017/09/01"], ["2017/09/01", "2017/09/01"], ["2017/09/01", "2017/09/01"], ["2017/09/01", "2017/09/01"], ["2017/09/01", "2017/09/01"], ["2017/09/01", "2017/09/01"], ["2017/09/01", "2017/09/01"], ["2017/09/01", "2017/09/01"], ["2017/09/01", "2017/09/01"], ["2017/09/01", "2017/09/01"], ["2017/09/01", "2017/09/01"], ["2017/09/01", "2017/09/01"], ["2017/09/01", "2017/09/01"], ["2017/09/01", "2017/09/01"], ["2017/09/01", "2017/09/01"], ["2017/09/01", "2017/09/01"], ["2017/09/01", "2017/09/01"], ["2017/09/01", "2017/09/01"], ["2017/09/01", "2017/09/01"], ["2017/09/01", "2017/09/01"], ["2017/09/01", "2017/09/01"], ["2018/01/22", "2018/01/22"], ["2018/05/24", "2018/05/24"], ["2018/06/12", "2018/06/12"], ["2018/06/13", "2018/06/13"], ["2018/07/05", "2018/07/05"], ["2018/07/09", "2018/07/09"], ["2018/07/09", "2018/07/09"], ["2018/06/14", "2018/06/14"], ["2018/06/14", "2018/06/14"], ["2018/06/19", "2018/06/19"], ["2018/06/19", "2018/06/19"], ["2018/06/20", "2018/06/20"], ["2018/06/25", "2018/06/25"], ["2018/06/25", "2018/06/25"], ["2018/06/25", "2018/06/25"], ["2018/06/25", "2018/06/25"], ["2018/06/25", "2018/06/25"], ["2018/06/28", "2018/06/28"], ["2018/06/28", "2018/06/28"], ["2018/07/02", "2018/07/02"], ["2018/07/02", "2018/07/02"], ["2018/07/02", "2018/07/02"], ["2018/07/02", "2018/07/02"], ["2018/07/02", "2018/07/02"], ["2018/07/02", "2018/07/02"], ["2018/07/11", "2018/07/11"], ["2018/07/11", "2018/07/11"], ["2018/07/11", "2018/07/11"], ["2018/07/12", "2018/07/12"], ["2018/06/21", "2018/06/25"], ["2018/06/21", "2018/06/30"], ["2018/06/21", "2018/06/21"], ["2018/06/21", "2018/06/30"], ["2018/06/21", "2018/06/26"], ["2018/06/23", "2018/06/26"], ["2018/06/13", "2018/06/13"], ["2018/06/14", "2018/06/14"], ["2018/06/14", "2018/06/14"], ["2018/06/14", "2018/06/14"], ["2018/06/14", "2018/06/14"], ["2018/06/14", "2018/06/14"], ["2018/06/18", "2018/06/18"], ["2018/06/25", "2018/06/25"], ["2018/06/27", "2018/06/27"], ["2018/06/27", "2018/06/27"]], "comment_listing": [], "create_listing": [["[37,7470]", "2018/06/14", "2018/06/14"], ["[37,7471]", "2018/06/14", "2018/06/14"]], "conversation": [["[136,37]", "2018/06/21", "2018/06/25"], ["[37,133]", "2018/06/21", "2018/06/30"], ["[3,37]", "2018/06/21", "2018/06/21"], ["[22,37]", "2018/06/21", "2018/06/30"], ["[135,37]", "2018/06/21", "2018/06/26"], ["[142,37]", "2018/06/23", "2018/06/26"]], "edgetotals": {"transaction": 40.0, "story": 12.0, "social": 60.0, "listing": 4.0}, "label": "commoner_48", "date": "2018/06/13", "stats": {"133": [["conversation", "2018/06/21"], ["transaction", "2018/06/18"], ["transaction", "2018/06/25"]], "130": [["comment_story", "2018/06/25"]], "136": [["conversation", "2018/06/21"]], "135": [["conversation", "2018/06/21"]], "story": {"rcreate_story": [], "comment_story": [["[37,7435]", "2018/06/25", "2018/06/25"], ["[37,7]", "2018/06/19", "2018/06/19"], ["[37,130]", "2018/06/25", "2018/06/25"], ["[37,7409]", "2018/06/19", "2018/06/19"]], "rcomment_story": [["[8,37]", "2018/06/20", "2018/06/20"]], "create_story": [["[37,7435]", "2018/06/13", "2018/06/13"]]}, "2018/06/18": {"transaction": {"transaction": [1, 5]}}, "2018/06/19": {"story": {"comment_story": [2, 4]}}, "22": [["conversation", "2018/06/21"]], "2018/06/14": {"transaction": {"transaction": [5, 25]}, "listing": {"create_listing": [2, 4]}}, "2018/06/13": {"story": {"create_story": [1, 2]}, "transaction": {"transaction": [1, 5]}}, "7435": [["comment_story", "2018/06/25"], ["create_story", "2018/06/13"]], "3": [["conversation", "2018/06/21"], ["transaction", "2018/06/13"]], "7": [["comment_story", "2018/06/19"]], "listing": {"rcreate_listing": [], "rcomment_listing": [], "comment_listing": [], "create_listing": [["[37,7470]", "2018/06/14", "2018/06/14"], ["[37,7471]", "2018/06/14", "2018/06/14"]]}, "7470": [["create_listing", "2018/06/14"]], "7471": [["create_listing", "2018/06/14"]], "142": [["conversation", "2018/06/23"]], "8": [["rcomment_story", "2018/06/20"]], "transaction": {"rtransaction": [], "transaction": [["[36,37]", "2018/06/14", "2018/06/14"], ["[36,37]", "2018/06/14", "2018/06/14"], ["[37,36]", "2018/06/14", "2018/06/14"], ["[36,37]", "2018/06/14", "2018/06/14"], ["[36,37]", "2018/06/14", "2018/06/14"], ["[3,37]", "2018/06/13", "2018/06/13"], ["[133,37]", "2018/06/18", "2018/06/18"], ["[133,37]", "2018/06/25", "2018/06/25"]]}, "2018/06/21": {"social": {"conversation": [5, 50]}}, "2018/06/20": {"story": {"rcomment_story": [1, 2]}}, "2018/06/23": {"social": {"conversation": [1, 10]}}, "2018/06/25": {"story": {"comment_story": [2, 4]}, "transaction": {"transaction": [1, 5]}}, "36": [["transaction", "2018/06/14"], ["transaction", "2018/06/14"], ["transaction", "2018/06/14"], ["transaction", "2018/06/14"], ["transaction", "2018/06/14"]], "7409": [["comment_story", "2018/06/19"]], "social": {"conversation": [["[135,37]", "2018/06/21", "2018/06/26"], ["[22,37]", "2018/06/21", "2018/06/30"], ["[3,37]", "2018/06/21", "2018/06/21"], ["[142,37]", "2018/06/23", "2018/06/26"], ["[136,37]", "2018/06/21", "2018/06/25"], ["[37,133]", "2018/06/21", "2018/06/30"]], "rconversation": []}}, "kcore": 14, "type": "commoner", "id": "37", "create_story": [["[37,7435]", "2018/06/13", "2018/06/13"]], "cumu_totals": {"listing": 0.034482758620689655, "story": 0.10344827586206896, "transaction": 0.3448275862068966, "social": 0.5172413793103449}}, {"nodemeta": ["transaction"], "transaction": [["[36,35]", "2018/06/14", "2018/06/14"], ["[36,37]", "2018/06/14", "2018/06/14"], ["[36,37]", "2018/06/14", "2018/06/14"], ["[37,36]", "2018/06/14", "2018/06/14"], ["[36,37]", "2018/06/14", "2018/06/14"], ["[36,37]", "2018/06/14", "2018/06/14"]], "stats": {"2018/06/14": {"transaction": {"transaction": [6, 30]}}, "transaction": {"rtransaction": [], "transaction": [["[36,37]", "2018/06/14", "2018/06/14"], ["[36,37]", "2018/06/14", "2018/06/14"], ["[37,36]", "2018/06/14", "2018/06/14"], ["[36,37]", "2018/06/14", "2018/06/14"], ["[36,37]", "2018/06/14", "2018/06/14"], ["[36,35]", "2018/06/14", "2018/06/14"]]}, "37": [["transaction", "2018/06/14"], ["transaction", "2018/06/14"], ["transaction", "2018/06/14"], ["transaction", "2018/06/14"], ["transaction", "2018/06/14"]], "35": [["transaction", "2018/06/14"]]}, "name": "Radium", "tags": [], "spells": [["2018/06/14", "2018/06/14"], ["2018/06/14", "2018/06/14"], ["2018/06/14", "2018/06/14"], ["2018/06/14", "2018/06/14"], ["2018/06/14", "2018/06/14"], ["2018/06/14", "2018/06/14"], ["2018/07/03", "2018/07/03"]], "label": "commoner_47", "edgetotals": {"transaction": 30.0, "story": 0, "social": 0, "listing": 0}, "date": "2018/06/13", "avg_totals": {"listing": 0.0, "story": 0.0, "transaction": 4.0, "social": 0.0}, "kcore": 2, "type": "commoner", "id": "36", "create_story": [], "cumu_totals": {"listing": 0.0, "story": 0.0, "transaction": 1.0, "social": 0.0}}, {"nodemeta": ["story", "transaction"], "avg_totals": {"listing": 0.0, "story": 0.0, "transaction": 4.0, "social": 0.0}, "transaction": [["[36,35]", "2018/06/14", "2018/06/14"]], "comment_story": [], "name": "maja_zg_to_df", "tags": [], "spells": [["2017/10/30", "2017/10/30"], ["2017/10/30", "2017/10/30"], ["2017/10/30", "2017/10/30"], ["2017/10/30", "2017/10/30"], ["2017/10/30", "2017/10/30"], ["2018/07/10", "2018/07/10"], ["2018/07/11", "2018/07/11"], ["2018/07/11", "2018/07/11"], ["2018/07/12", "2018/07/12"], ["2018/07/12", "2018/07/12"], ["2018/07/12", "2018/07/12"], ["2018/07/12", "2018/07/12"], ["2018/07/18", "2018/07/18"], ["2018/06/14", "2018/06/14"]], "label": "commoner_46", "edgetotals": {"transaction": 5.0, "story": 0, "social": 0, "listing": 0}, "date": "2018/06/13", "stats": {"2018/06/14": {"transaction": {"transaction": [1, 5]}}, "transaction": {"rtransaction": [], "transaction": [["[36,35]", "2018/06/14", "2018/06/14"]]}, "36": [["transaction", "2018/06/14"]]}, "kcore": 1, "type": "commoner", "id": "35", "create_story": [], "cumu_totals": {"listing": 0.0, "story": 0.0, "transaction": 1.0, "social": 0.0}}, {"nodemeta": ["story"], "stats": {"story": {"rtag_story": [], "tag_story": [["[7436,7875]", "2018/06/15", "2018/06/15"]]}}, "name": "how to write...", "tags": [], "spells": [["2018/06/11", "2018/06/11"], ["2018/06/15", "2018/06/15"]], "tag_story": [["[7436,7875]", "2018/06/15", "2018/06/15"]], "label": "tag_469", "edgetotals": {"transaction": 0, "story": 0, "social": 0, "listing": 0}, "date": "2018/06/13", "avg_totals": {"listing": 0, "story": 0, "transaction": 0, "social": 0}, "kcore": 0, "type": "tag", "id": "7875", "cumu_totals": {"listing": 0, "story": 0, "transaction": 0, "social": 0}}, {"nodemeta": ["story"], "stats": {"story": {"rtag_story": [], "tag_story": [["[7436,7876]", "2018/06/15", "2018/06/15"]]}}, "name": "how to", "tags": [], "spells": [["2018/06/15", "2018/06/15"]], "tag_story": [["[7436,7876]", "2018/06/15", "2018/06/15"]], "label": "tag_470", "edgetotals": {"transaction": 0, "story": 0, "social": 0, "listing": 0}, "date": "2018/06/13", "avg_totals": {"listing": 0, "story": 0, "transaction": 0, "social": 0}, "kcore": 0, "type": "tag", "id": "7876", "cumu_totals": {"listing": 0, "story": 0, "transaction": 0, "social": 0}}, {"nodemeta": ["social", "transaction"], "transaction": [["[45,49]", "2018/06/19", "2018/06/19"], ["[49,45]", "2018/06/19", "2018/06/19"]], "stats": {"transaction": {"rtransaction": [], "transaction": [["[45,49]", "2018/06/19", "2018/06/19"], ["[49,45]", "2018/06/19", "2018/06/19"]]}, "45": [["conversation", "2018/06/19"], ["transaction", "2018/06/19"], ["transaction", "2018/06/19"]], "2018/06/19": {"transaction": {"transaction": [2, 10]}, "social": {"conversation": [1, 10]}}, "social": {"conversation": [["[49,45]", "2018/06/19", "2018/06/19"]], "rconversation": []}}, "tag_commoner": [], "tags": [], "spells": [["2018/06/19", "2018/06/19"], ["2018/06/19", "2018/06/19"], ["2018/06/19", "2018/06/19"], ["2018/06/19", "2018/06/19"], ["2018/01/05", "2018/01/05"], ["2018/01/05", "2018/01/05"]], "name": "DPL", "kcore": 1, "conversation": [["[49,45]", "2018/06/19", "2018/06/19"]], "edgetotals": {"transaction": 10.0, "story": 0, "social": 10.0, "listing": 0}, "date": "2018/06/13", "avg_totals": {"listing": 0.0, "story": 0.0, "transaction": 2.0, "social": 2.0}, "label": "commoner_60", "type": "commoner", "id": "49", "cumu_totals": {"listing": 0.0, "story": 0.0, "transaction": 0.5, "social": 0.5}}, {"nodemeta": ["story", "social", "transaction"], "avg_totals": {"listing": 0.0, "story": 0.0, "transaction": 2.0, "social": 2.0}, "transaction": [["[45,49]", "2018/06/19", "2018/06/19"], ["[49,45]", "2018/06/19", "2018/06/19"]], "comment_story": [], "tag_commoner": [], "tags": [], "spells": [["2016/06/01", "2016/06/01"], ["2017/03/02", "2017/03/02"], ["2017/03/03", "2017/03/03"], ["2017/09/23", "2017/09/23"], ["2017/04/26", "2017/04/26"], ["2018/01/04", "2018/01/04"], ["2017/10/31", "2017/10/31"], ["2017/10/21", "2017/10/21"], ["2017/09/26", "2017/09/26"], ["2017/05/31", "2017/05/31"], ["2017/03/02", "2017/03/02"], ["2018/01/14", "2018/01/14"], ["2018/02/02", "2018/02/02"], ["2017/12/28", "2017/12/28"], ["2017/12/28", "2017/12/28"], ["2017/12/28", "2017/12/28"], ["2017/12/28", "2017/12/28"], ["2018/06/27", "2018/06/27"], ["2018/06/27", "2018/06/27"], ["2018/06/28", "2018/06/28"], ["2018/06/28", "2018/06/28"], ["2018/06/19", "2018/06/19"], ["2018/06/19", "2018/06/19"], ["2018/06/19", "2018/06/19"]], "name": "Museu da Crise", "kcore": 1, "conversation": [["[49,45]", "2018/06/19", "2018/06/19"]], "edgetotals": {"transaction": 10.0, "story": 0, "social": 10.0, "listing": 0}, "date": "2018/06/13", "stats": {"transaction": {"rtransaction": [], "transaction": [["[45,49]", "2018/06/19", "2018/06/19"], ["[49,45]", "2018/06/19", "2018/06/19"]]}, "49": [["conversation", "2018/06/19"], ["transaction", "2018/06/19"], ["transaction", "2018/06/19"]], "2018/06/19": {"transaction": {"transaction": [2, 10]}, "social": {"conversation": [1, 10]}}, "social": {"conversation": [["[49,45]", "2018/06/19", "2018/06/19"]], "rconversation": []}}, "label": "commoner_56", "type": "commoner", "id": "45", "create_story": [], "cumu_totals": {"listing": 0.0, "story": 0.0, "transaction": 0.5, "social": 0.5}}, {"nodemeta": ["story"], "avg_totals": {"listing": 0.0, "story": 4.0, "transaction": 0.0, "social": 0.0}, "transaction": [], "comment_story": [["[58,130]", "2018/06/18", "2018/06/18"]], "name": "Rankis", "tags": [], "spells": [["2018/07/11", "2018/07/11"], ["2018/03/01", "2018/03/01"], ["2018/07/05", "2018/07/05"], ["2018/03/01", "2018/03/01"], ["2018/03/01", "2018/03/01"], ["2018/03/01", "2018/03/01"], ["2018/03/01", "2018/03/01"], ["2018/03/01", "2018/03/01"], ["2018/05/23", "2018/05/23"], ["2018/07/03", "2018/07/03"], ["2018/07/04", "2018/07/04"], ["2018/07/04", "2018/07/04"], ["2018/05/23", "2018/05/23"], ["2018/07/03", "2018/07/03"], ["2018/06/18", "2018/06/18"], ["2018/06/18", "2018/06/18"], ["2018/07/04", "2018/07/04"], ["2018/07/04", "2018/07/04"], ["2018/07/11", "2018/07/11"]], "label": "commoner_69", "edgetotals": {"transaction": 0, "story": 2.0, "social": 0, "listing": 0}, "date": "2018/06/13", "stats": {"story": {"comment_story": [["[58,130]", "2018/06/18", "2018/06/18"]], "rcomment_story": []}, "130": [["comment_story", "2018/06/18"]], "2018/06/18": {"story": {"comment_story": [1, 2]}}}, "kcore": 1, "type": "commoner", "id": "58", "cumu_totals": {"listing": 0.0, "story": 1.0, "transaction": 0.0, "social": 0.0}}, {"nodemeta": ["story", "story", "transaction"], "avg_totals": {"listing": 0.0, "story": 1.7777777777777777, "transaction": 2.2222222222222223, "social": 0.0}, "transaction": [["[57,103]", "2018/06/15", "2018/06/15"], ["[130,57]", "2018/06/15", "2018/06/15"]], "comment_story": [["[57,130]", "2018/06/18", "2018/06/18"], ["[57,130]", "2018/06/18", "2018/06/18"], ["[57,114]", "2018/06/19", "2018/06/19"], ["[57,7429]", "2018/06/19", "2018/06/19"]], "name": "BIN Italia", "tags": [], "spells": [["2018/07/18", "2018/07/18"], ["2018/01/23", "2018/01/23"], ["2018/02/18", "2018/02/18"], ["2018/02/20", "2018/02/20"], ["2018/02/20", "2018/02/20"], ["2018/02/20", "2018/02/20"], ["2018/02/20", "2018/02/20"], ["2018/02/20", "2018/02/20"], ["2018/02/20", "2018/02/20"], ["2018/02/20", "2018/02/20"], ["2018/03/01", "2018/03/01"], ["2018/03/19", "2018/03/19"], ["2018/03/21", "2018/03/21"], ["2018/04/16", "2018/04/16"], ["2018/05/16", "2018/05/16"], ["2018/07/05", "2018/07/05"], ["2018/07/10", "2018/07/10"], ["2018/07/12", "2018/07/12"], ["2018/07/25", "2018/07/25"], ["2018/07/26", "2018/07/26"], ["2018/03/01", "2018/03/01"], ["2018/03/09", "2018/03/09"], ["2018/03/09", "2018/03/09"], ["2018/05/03", "2018/05/03"], ["2018/05/11", "2018/05/11"], ["2018/05/11", "2018/05/11"], ["2018/05/14", "2018/05/14"], ["2018/05/14", "2018/05/14"], ["2018/05/24", "2018/05/24"], ["2018/06/18", "2018/06/18"], ["2018/06/18", "2018/06/18"], ["2018/06/18", "2018/06/18"], ["2018/06/18", "2018/06/18"], ["2018/06/19", "2018/06/19"], ["2018/06/19", "2018/06/19"], ["2018/06/28", "2018/06/28"], ["2018/06/28", "2018/06/28"], ["2018/07/10", "2018/07/10"], ["2018/07/10", "2018/07/10"], ["2018/07/10", "2018/07/10"], ["2018/07/10", "2018/07/10"], ["2018/07/10", "2018/07/10"], ["2018/07/18", "2018/07/18"], ["2018/07/19", "2018/07/19"], ["2018/07/19", "2018/07/19"], ["2018/07/19", "2018/07/19"], ["2018/07/19", "2018/07/19"], ["2018/05/01", "2018/05/01"], ["2018/06/15", "2018/06/15"], ["2018/06/15", "2018/06/15"], ["2018/07/05", "2018/07/05"], ["2018/07/24", "2018/07/24"]], "comment_listing": [], "label": "commoner_68", "conversation": [], "edgetotals": {"transaction": 10.0, "story": 8.0, "social": 0, "listing": 0}, "date": "2018/06/13", "stats": {"story": {"comment_story": [["[57,114]", "2018/06/19", "2018/06/19"], ["[57,130]", "2018/06/18", "2018/06/18"], ["[57,130]", "2018/06/18", "2018/06/18"], ["[57,7429]", "2018/06/19", "2018/06/19"]], "rcomment_story": []}, "transaction": {"rtransaction": [], "transaction": [["[130,57]", "2018/06/15", "2018/06/15"], ["[57,103]", "2018/06/15", "2018/06/15"]]}, "2018/06/18": {"story": {"comment_story": [2, 4]}}, "2018/06/19": {"story": {"comment_story": [2, 4]}}, "2018/06/15": {"transaction": {"transaction": [2, 10]}}, "114": [["comment_story", "2018/06/19"]], "130": [["comment_story", "2018/06/18"], ["comment_story", "2018/06/18"], ["transaction", "2018/06/15"]], "103": [["transaction", "2018/06/15"]], "7429": [["comment_story", "2018/06/19"]]}, "kcore": 3, "type": "commoner", "id": "57", "create_story": [], "cumu_totals": {"listing": 0.0, "story": 0.4444444444444444, "transaction": 0.5555555555555556, "social": 0.0}}, {"nodemeta": ["story", "transaction"], "transaction": [["[133,53]", "2018/06/25", "2018/06/25"]], "stats": {"133": [["transaction", "2018/06/25"]], "transaction": {"rtransaction": [], "transaction": [["[133,53]", "2018/06/25", "2018/06/25"]]}, "2018/06/25": {"transaction": {"transaction": [1, 5]}}}, "name": "carolina.beniamina.rutta", "tags": [], "spells": [["2018/01/10", "2018/01/10"], ["2018/06/25", "2018/06/25"]], "label": "commoner_64", "edgetotals": {"transaction": 5.0, "story": 0, "social": 0, "listing": 0}, "date": "2018/06/13", "avg_totals": {"listing": 0.0, "story": 0.0, "transaction": 4.0, "social": 0.0}, "kcore": 1, "type": "commoner", "id": "53", "create_story": [], "cumu_totals": {"listing": 0.0, "story": 0.0, "transaction": 1.0, "social": 0.0}}, {"nodemeta": ["story"], "stats": {}, "name": "salvini", "tags": [], "spells": [["2018/06/23", "2018/06/23"]], "tag_story": [["[7441,7830]", "2018/06/23", "2018/06/23"]], "label": "tag_418", "edgetotals": {"transaction": 0, "story": 0, "social": 0, "listing": 0}, "date": "2018/06/13", "avg_totals": {"listing": 0, "story": 0, "transaction": 0, "social": 0}, "kcore": 0, "type": "tag", "id": "7830", "cumu_totals": {"listing": 0, "story": 0, "transaction": 0, "social": 0}}, {"nodemeta": ["listing"], "stats": {"listing": {"rtag_listing": [], "tag_listing": [["[7471,7810]", "2018/06/14", "2018/06/14"]]}}, "name": "umjetnost", "tags": [], "spells": [["2018/06/14", "2018/06/14"]], "label": "tag_398", "edgetotals": {"transaction": 0, "story": 0, "social": 0, "listing": 0}, "tag_listing": [["[7471,7810]", "2018/06/14", "2018/06/14"]], "date": "2018/06/13", "avg_totals": {"listing": 0, "story": 0, "transaction": 0, "social": 0}, "kcore": 0, "type": "tag", "id": "7810", "cumu_totals": {"listing": 0, "story": 0, "transaction": 0, "social": 0}}, {"nodemeta": ["listing"], "stats": {"listing": {"rtag_listing": [], "tag_listing": [["[7471,7811]", "2018/06/14", "2018/06/14"]]}}, "name": "dobro dru\u0161tvo", "tags": [], "spells": [["2018/06/14", "2018/06/14"]], "label": "tag_399", "edgetotals": {"transaction": 0, "story": 0, "social": 0, "listing": 0}, "tag_listing": [["[7471,7811]", "2018/06/14", "2018/06/14"]], "date": "2018/06/13", "avg_totals": {"listing": 0, "story": 0, "transaction": 0, "social": 0}, "kcore": 0, "type": "tag", "id": "7811", "cumu_totals": {"listing": 0, "story": 0, "transaction": 0, "social": 0}}, {"nodemeta": ["story", "story", "story", "story"], "comment_story": [["[37,7435]", "2018/06/25", "2018/06/25"], ["[8,7435]", "2018/06/20", "2018/06/20"]], "edgetotals": {"transaction": 0, "story": 6.0, "social": 0, "listing": 0}, "tags": ["common story", "santarcangelo"], "spells": [["2018/06/13", "2018/06/13"], ["2018/06/25", "2018/06/25"], ["2018/06/13", "2018/06/13"], ["2018/06/13", "2018/06/13"], ["2018/06/20", "2018/06/20"]], "title": "Commonfare Call for Stories: Write a story and attend Santarcangelo Festival!", "tag_story": [["[7435,7798]", "2018/06/13", "2018/06/13"], ["[7435,7799]", "2018/06/13", "2018/06/13"]], "label": "story_170", "avg_totals": {"listing": 0.0, "story": 4.0, "transaction": 0.0, "social": 0.0}, "date": "2018/06/13", "stats": {"story": {"comment_story": [], "tag_story": [["[7435,7799]", "2018/06/13", "2018/06/13"], ["[7435,7798]", "2018/06/13", "2018/06/13"]], "rtag_story": [], "rcomment_story": [["[37,7435]", "2018/06/25", "2018/06/25"], ["[8,7435]", "2018/06/20", "2018/06/20"]], "rcreate_story": [], "create_story": [["[37,7435]", "2018/06/13", "2018/06/13"]]}, "2018/06/25": {"story": {"rcomment_story": [1, 2]}}, "37": [["rcomment_story", "2018/06/25"]], "2018/06/13": {"story": {"tag_story": [2, 0]}}, "7799": [["tag_story", "2018/06/13"]], "7798": [["tag_story", "2018/06/13"]], "2018/06/20": {"story": {"rcomment_story": [1, 2]}}, "8": [["rcomment_story", "2018/06/20"]]}, "kcore": 2, "type": "story", "id": "7435", "create_story": [["[37,7435]", "2018/06/13", "2018/06/13"]], "cumu_totals": {"listing": 0.0, "story": 1.0, "transaction": 0.0, "social": 0.0}}, {"nodemeta": ["story", "story", "story"], "stats": {"7801": [["tag_story", "2018/06/15"]], "story": {"rcreate_story": [], "rtag_story": [], "create_story": [["[20,7436]", "2018/06/15", "2018/06/15"]], "tag_story": [["[7436,7801]", "2018/06/15", "2018/06/15"], ["[7436,7875]", "2018/06/15", "2018/06/15"], ["[7436,7876]", "2018/06/15", "2018/06/15"], ["[7436,7802]", "2018/06/15", "2018/06/15"]]}, "7802": [["tag_story", "2018/06/15"]], "2018/06/15": {"story": {"tag_story": [4, 0]}}, "7875": [["tag_story", "2018/06/15"]], "7876": [["tag_story", "2018/06/15"]]}, "title": "We can change things, starting from the stories we tell", "spells": [["2018/06/15", "2018/06/15"], ["2018/06/15", "2018/06/15"], ["2018/06/15", "2018/06/15"], ["2018/06/15", "2018/06/15"], ["2018/06/15", "2018/06/15"]], "tag_story": [["[7436,7801]", "2018/06/15", "2018/06/15"], ["[7436,7802]", "2018/06/15", "2018/06/15"], ["[7436,7875]", "2018/06/15", "2018/06/15"], ["[7436,7876]", "2018/06/15", "2018/06/15"]], "label": "story_174", "tags": ["storytelling", "tutorial", "how to write...", "how to"], "edgetotals": {"transaction": 0, "story": 2.0, "social": 0, "listing": 0}, "date": "2018/06/13", "avg_totals": {"listing": 0.0, "story": 4.0, "transaction": 0.0, "social": 0.0}, "kcore": 1, "type": "story", "id": "7436", "create_story": [["[20,7436]", "2018/06/15", "2018/06/15"]], "cumu_totals": {"listing": 0.0, "story": 1.0, "transaction": 0.0, "social": 0.0}}, {"nodemeta": ["story", "story"], "comment_story": [["[8,7432]", "2018/06/20", "2018/06/20"]], "edgetotals": {"transaction": 0, "story": 2.0, "social": 0, "listing": 0}, "tags": [], "spells": [["2018/06/11", "2018/06/11"], ["2018/06/11", "2018/06/11"], ["2018/06/11", "2018/06/11"], ["2018/06/11", "2018/06/11"], ["2018/06/11", "2018/06/11"], ["2018/06/11", "2018/06/11"], ["2018/06/20", "2018/06/20"]], "title": "Piuttosto che dell'invasione, dovremmo preoccuparci della fuga!", "tag_story": [], "label": "story_165", "avg_totals": {"listing": 0.0, "story": 4.0, "transaction": 0.0, "social": 0.0}, "date": "2018/06/13", "stats": {"8": [["rcomment_story", "2018/06/20"]], "story": {"rcreate_story": [], "comment_story": [], "rcomment_story": [["[8,7432]", "2018/06/20", "2018/06/20"]], "create_story": [["[20,7432]", "2018/06/11", "2018/06/11"]]}, "2018/06/20": {"story": {"rcomment_story": [1, 2]}}}, "kcore": 1, "type": "story", "id": "7432", "create_story": [], "cumu_totals": {"listing": 0.0, "story": 1.0, "transaction": 0.0, "social": 0.0}}, {"nodemeta": ["story", "social", "transaction"], "avg_totals": {"listing": 0.0, "story": 0.2962962962962963, "transaction": 2.2222222222222223, "social": 1.4814814814814814}, "transaction": [["[133,37]", "2018/06/18", "2018/06/18"], ["[133,37]", "2018/06/25", "2018/06/25"], ["[133,53]", "2018/06/25", "2018/06/25"]], "comment_story": [], "name": "Skirtijan Jovni\u0107", "tags": [], "spells": [["2018/06/30", "2018/06/30"], ["2018/07/20", "2018/07/20"], ["2018/06/21", "2018/06/30"], ["2018/06/18", "2018/06/18"], ["2018/06/25", "2018/06/25"], ["2018/06/27", "2018/06/27"], ["2018/06/28", "2018/06/28"], ["2018/06/25", "2018/06/25"], ["2018/07/19", "2018/07/19"], ["2018/06/25", "2018/06/25"], ["2018/07/13", "2018/07/13"], ["2018/07/19", "2018/07/19"], ["2018/06/27", "2018/06/27"], ["2018/06/27", "2018/06/27"], ["2018/06/27", "2018/06/27"], ["2018/06/30", "2018/06/30"], ["2018/06/30", "2018/06/30"], ["2018/06/30", "2018/06/30"], ["2018/07/18", "2018/07/18"], ["2018/07/19", "2018/07/19"], ["2018/07/19", "2018/07/19"], ["2018/07/19", "2018/07/19"], ["2018/07/19", "2018/07/19"], ["2018/07/19", "2018/07/19"], ["2018/07/19", "2018/07/19"], ["2018/07/19", "2018/07/19"], ["2018/07/24", "2018/07/24"], ["2018/07/24", "2018/07/24"]], "label": "commoner_144", "conversation": [["[37,133]", "2018/06/21", "2018/06/30"]], "edgetotals": {"transaction": 15.0, "story": 2.0, "social": 10.0, "listing": 0}, "date": "2018/06/13", "stats": {"story": {"rcreate_story": [], "comment_story": [["[133,7442]", "2018/06/27", "2018/06/27"], ["[133,7442]", "2018/06/30", "2018/06/30"]], "rcomment_story": [], "create_story": [["[133,7442]", "2018/06/25", "2018/06/25"]]}, "7442": [["comment_story", "2018/06/27"], ["comment_story", "2018/06/30"], ["create_story", "2018/06/25"]], "2018/06/18": {"transaction": {"transaction": [1, 5]}}, "2018/06/21": {"social": {"conversation": [1, 10]}}, "37": [["conversation", "2018/06/21"], ["transaction", "2018/06/18"], ["transaction", "2018/06/25"]], "2018/06/30": {"story": {"comment_story": [1, 2]}}, "2018/06/25": {"story": {"create_story": [1, 2]}, "transaction": {"transaction": [2, 10]}}, "2018/06/27": {"story": {"comment_story": [1, 2]}}, "transaction": {"rtransaction": [], "transaction": [["[133,37]", "2018/06/18", "2018/06/18"], ["[133,37]", "2018/06/25", "2018/06/25"], ["[133,53]", "2018/06/25", "2018/06/25"]]}, "53": [["transaction", "2018/06/25"]], "social": {"conversation": [["[37,133]", "2018/06/21", "2018/06/30"]], "rconversation": []}}, "kcore": 4, "type": "commoner", "id": "133", "create_story": [["[133,7442]", "2018/06/25", "2018/06/25"]], "cumu_totals": {"listing": 0.0, "story": 0.07407407407407407, "transaction": 0.5555555555555556, "social": 0.37037037037037035}}, {"nodemeta": ["story", "transaction"], "avg_totals": {"listing": 0.0, "story": 2.4615384615384617, "transaction": 1.5384615384615385, "social": 0.0}, "transaction": [["[130,57]", "2018/06/15", "2018/06/15"]], "comment_story": [["[37,130]", "2018/06/25", "2018/06/25"], ["[57,130]", "2018/06/18", "2018/06/18"], ["[57,130]", "2018/06/18", "2018/06/18"], ["[58,130]", "2018/06/18", "2018/06/18"]], "name": "XOA", "tags": [], "spells": [["2018/06/25", "2018/06/25"], ["2018/06/18", "2018/06/18"], ["2018/06/18", "2018/06/18"], ["2018/06/15", "2018/06/15"], ["2018/07/04", "2018/07/04"], ["2018/07/12", "2018/07/12"], ["2018/06/15", "2018/06/15"], ["2018/07/03", "2018/07/03"], ["2018/06/18", "2018/06/18"], ["2018/07/04", "2018/07/04"], ["2018/07/04", "2018/07/04"], ["2018/07/04", "2018/07/04"], ["2018/07/04", "2018/07/04"], ["2018/07/04", "2018/07/04"], ["2018/07/12", "2018/07/12"]], "label": "commoner_141", "edgetotals": {"transaction": 5.0, "story": 8.0, "social": 0, "listing": 0}, "date": "2018/06/13", "stats": {"story": {"comment_story": [], "rcomment_story": [["[58,130]", "2018/06/18", "2018/06/18"], ["[57,130]", "2018/06/18", "2018/06/18"], ["[57,130]", "2018/06/18", "2018/06/18"], ["[37,130]", "2018/06/25", "2018/06/25"]]}, "transaction": {"rtransaction": [], "transaction": [["[130,57]", "2018/06/15", "2018/06/15"]]}, "2018/06/18": {"story": {"rcomment_story": [3, 6]}}, "58": [["rcomment_story", "2018/06/18"]], "2018/06/15": {"transaction": {"transaction": [1, 5]}}, "57": [["rcomment_story", "2018/06/18"], ["rcomment_story", "2018/06/18"], ["transaction", "2018/06/15"]], "37": [["rcomment_story", "2018/06/25"]], "2018/06/25": {"story": {"rcomment_story": [1, 2]}}}, "kcore": 3, "type": "commoner", "id": "130", "cumu_totals": {"listing": 0.0, "story": 0.6153846153846154, "transaction": 0.38461538461538464, "social": 0.0}}, {"nodemeta": ["social"], "stats": {}, "tag_commoner": [["[137,7526]", "2018/06/22", "2018/06/22"], ["[137,7535]", "2018/06/22", "2018/06/22"], ["[137,7547]", "2018/06/22", "2018/06/22"], ["[137,7726]", "2018/06/22", "2018/06/22"]], "tags": ["arts", "cultural events", "cultura", "work"], "spells": [["2018/06/22", "2018/06/22"], ["2018/06/22", "2018/06/22"], ["2018/06/22", "2018/06/22"], ["2018/06/22", "2018/06/22"]], "label": "commoner_148", "name": "Biba25", "edgetotals": {"transaction": 0, "story": 0, "social": 0, "listing": 0}, "date": "2018/06/13", "avg_totals": {"listing": 0, "story": 0, "transaction": 0, "social": 0}, "kcore": 0, "type": "commoner", "id": "137", "cumu_totals": {"listing": 0, "story": 0, "transaction": 0, "social": 0}}, {"nodemeta": ["social"], "stats": {"2018/06/21": {"social": {"conversation": [1, 10]}}, "37": [["conversation", "2018/06/21"]], "social": {"conversation": [["[136,37]", "2018/06/21", "2018/06/25"]], "rconversation": []}}, "name": "fewamtkq458", "tags": [], "spells": [["2018/06/21", "2018/06/25"]], "label": "commoner_147", "conversation": [["[136,37]", "2018/06/21", "2018/06/25"]], "edgetotals": {"transaction": 0, "story": 0, "social": 10.0, "listing": 0}, "date": "2018/06/13", "avg_totals": {"listing": 0.0, "story": 0.0, "transaction": 0.0, "social": 4.0}, "kcore": 1, "type": "commoner", "id": "136", "cumu_totals": {"listing": 0.0, "story": 0.0, "transaction": 0.0, "social": 1.0}}, {"nodemeta": ["social"], "stats": {"2018/06/21": {"social": {"conversation": [1, 10]}}, "37": [["conversation", "2018/06/21"]], "social": {"conversation": [["[135,37]", "2018/06/21", "2018/06/26"]], "rconversation": []}}, "name": "KikeCs", "tags": [], "spells": [["2018/06/21", "2018/06/26"]], "label": "commoner_146", "conversation": [["[135,37]", "2018/06/21", "2018/06/26"]], "edgetotals": {"transaction": 0, "story": 0, "social": 10.0, "listing": 0}, "date": "2018/06/13", "avg_totals": {"listing": 0.0, "story": 0.0, "transaction": 0.0, "social": 4.0}, "kcore": 1, "type": "commoner", "id": "135", "cumu_totals": {"listing": 0.0, "story": 0.0, "transaction": 0.0, "social": 1.0}}, {"avg_totals": {"listing": 0.0, "story": 4.0, "transaction": 0.0, "social": 0.0}, "nodemeta": ["story"], "comment_story": [], "name": "ADA_ADA", "tags": [], "spells": [["2018/06/28", "2018/06/28"], ["2018/06/23", "2018/06/23"]], "label": "commoner_145", "edgetotals": {"transaction": 0, "story": 2.0, "social": 0, "listing": 0}, "date": "2018/06/13", "stats": {"7441": [["create_story", "2018/06/23"]], "story": {"rcreate_story": [], "create_story": [["[134,7441]", "2018/06/23", "2018/06/23"]]}, "2018/06/23": {"story": {"create_story": [1, 2]}}}, "kcore": 1, "type": "commoner", "id": "134", "create_story": [["[134,7441]", "2018/06/23", "2018/06/23"]], "cumu_totals": {"listing": 0.0, "story": 1.0, "transaction": 0.0, "social": 0.0}}, {"nodemeta": ["social"], "stats": {}, "tag_commoner": [["[139,7493]", "2018/06/22", "2018/06/22"]], "tags": ["citizen protest"], "spells": [["2018/06/22", "2018/06/22"]], "label": "commoner_150", "name": "Hans2905", "edgetotals": {"transaction": 0, "story": 0, "social": 0, "listing": 0}, "date": "2018/06/13", "avg_totals": {"listing": 0, "story": 0, "transaction": 0, "social": 0}, "kcore": 0, "type": "commoner", "id": "139", "cumu_totals": {"listing": 0, "story": 0, "transaction": 0, "social": 0}}, {"spells": [["2018/06/14", "2018/06/14"], ["2018/07/02", "2018/07/02"], ["2018/06/14", "2018/06/14"], ["2018/06/14", "2018/06/14"], ["2018/06/14", "2018/06/14"], ["2018/06/14", "2018/06/14"], ["2018/06/14", "2018/06/14"]], "kcore": 1, "stats": {"7803": [["tag_listing", "2018/06/14"]], "7805": [["tag_listing", "2018/06/14"]], "7804": [["tag_listing", "2018/06/14"]], "7807": [["tag_listing", "2018/06/14"]], "7806": [["tag_listing", "2018/06/14"]], "2018/06/14": {"listing": {"tag_listing": [5, 0]}}, "listing": {"rtag_listing": [], "rcreate_listing": [], "comment_listing": [], "create_listing": [["[37,7470]", "2018/06/14", "2018/06/14"]], "tag_listing": [["[7470,7803]", "2018/06/14", "2018/06/14"], ["[7470,7805]", "2018/06/14", "2018/06/14"], ["[7470,7804]", "2018/06/14", "2018/06/14"], ["[7470,7807]", "2018/06/14", "2018/06/14"], ["[7470,7806]", "2018/06/14", "2018/06/14"]], "rcomment_listing": []}}, "title": "Commonfare Call for Stories: Santarcangelo Festival", "create_listing": [["[37,7470]", "2018/06/14", "2018/06/14"]], "tags": ["festival", "good society", "art", "call for stories", "commonfare blogger"], "comment_listing": [], "label": "listing_2", "edgetotals": {"transaction": 0, "story": 0, "social": 0, "listing": 2.0}, "tag_listing": [["[7470,7803]", "2018/06/14", "2018/06/14"], ["[7470,7804]", "2018/06/14", "2018/06/14"], ["[7470,7805]", "2018/06/14", "2018/06/14"], ["[7470,7806]", "2018/06/14", "2018/06/14"], ["[7470,7807]", "2018/06/14", "2018/06/14"]], "date": "2018/06/13", "avg_totals": {"listing": 4.0, "story": 0.0, "transaction": 0.0, "social": 0.0}, "nodemeta": ["listing", "listing", "listing"], "type": "listing", "id": "7470", "cumu_totals": {"listing": 1.0, "story": 0.0, "transaction": 0.0, "social": 0.0}}, {"spells": [["2018/06/14", "2018/06/14"], ["2018/07/02", "2018/07/02"], ["2018/06/14", "2018/06/14"], ["2018/06/14", "2018/06/14"], ["2018/06/14", "2018/06/14"], ["2018/06/14", "2018/06/14"]], "kcore": 1, "stats": {"7810": [["tag_listing", "2018/06/14"]], "7811": [["tag_listing", "2018/06/14"]], "7809": [["tag_listing", "2018/06/14"]], "7808": [["tag_listing", "2018/06/14"]], "2018/06/14": {"listing": {"tag_listing": [4, 0]}}, "listing": {"rtag_listing": [], "rcreate_listing": [], "comment_listing": [], "create_listing": [["[37,7471]", "2018/06/14", "2018/06/14"]], "tag_listing": [["[7471,7809]", "2018/06/14", "2018/06/14"], ["[7471,7808]", "2018/06/14", "2018/06/14"], ["[7471,7810]", "2018/06/14", "2018/06/14"], ["[7471,7811]", "2018/06/14", "2018/06/14"]], "rcomment_listing": []}}, "title": "Commonfare-ov Poziv za pri\u010de: za festival u Santarcangelo!", "create_listing": [["[37,7471]", "2018/06/14", "2018/06/14"]], "tags": ["zajedni\u010dke pri\u010de", "bloger", "umjetnost", "dobro dru\u0161tvo"], "comment_listing": [], "label": "listing_3", "edgetotals": {"transaction": 0, "story": 0, "social": 0, "listing": 2.0}, "tag_listing": [["[7471,7808]", "2018/06/14", "2018/06/14"], ["[7471,7809]", "2018/06/14", "2018/06/14"], ["[7471,7810]", "2018/06/14", "2018/06/14"], ["[7471,7811]", "2018/06/14", "2018/06/14"]], "date": "2018/06/13", "avg_totals": {"listing": 4.0, "story": 0.0, "transaction": 0.0, "social": 0.0}, "nodemeta": ["listing", "listing", "listing"], "type": "listing", "id": "7471", "cumu_totals": {"listing": 1.0, "story": 0.0, "transaction": 0.0, "social": 0.0}}, {"avg_totals": {"listing": 0.0, "story": 4.0, "transaction": 0.0, "social": 0.0}, "nodemeta": ["story", "story"], "comment_story": [["[57,114]", "2018/06/19", "2018/06/19"]], "name": "yhbnlsor949", "tags": [], "spells": [["2018/05/15", "2018/05/15"], ["2018/05/14", "2018/05/14"], ["2018/06/19", "2018/06/19"], ["2018/05/13", "2018/05/13"], ["2018/05/13", "2018/05/13"]], "label": "commoner_125", "edgetotals": {"transaction": 0, "story": 2.0, "social": 0, "listing": 0}, "date": "2018/06/13", "stats": {"story": {"rcreate_story": [], "comment_story": [], "rcomment_story": [["[57,114]", "2018/06/19", "2018/06/19"]], "create_story": [["[114,7429]", "2018/05/13", "2018/05/13"]]}, "2018/05/13": {"story": {"create_story": [1, 2]}}, "57": [["rcomment_story", "2018/06/19"]], "7429": [["create_story", "2018/05/13"]], "2018/06/19": {"story": {"rcomment_story": [1, 2]}}}, "kcore": 1, "type": "commoner", "id": "114", "create_story": [], "cumu_totals": {"listing": 0.0, "story": 1.0, "transaction": 0.0, "social": 0.0}}], "tagcount": [["common story", 2], ["citizen protest", 2], ["zajedni\u010dke pri\u010de", 1], ["work", 1], ["umjetnost", 1], ["tutorial", 1], ["storytelling", 1], ["santarcangelo", 1], ["salvini", 1], ["migration", 1], ["how to write...", 1], ["how to", 1], ["good society", 1], ["festival", 1], ["dobro dru\u0161tvo", 1], ["cultural events", 1], ["cultura", 1], ["commonfare blogger", 1], ["call for stories", 1], ["brexit", 1], ["bloger", 1], ["arts", 1], ["art", 1]]}