{"directed": false, "links": [{"target": "7434", "weight": 1.0, "tag_story": [["[7434,7798]", "2018/06/12", "2018/06/12"]], "label": "tag_386+date_start=2018/06/12", "source": "7798", "id": "815", "spells": [["2018/06/12", "2018/06/12"]]}, {"target": "7432", "weight": 1.0, "tag_story": [["[7432,7791]", "2018/06/11", "2018/06/11"]], "label": "tag_379+date_start=2018/06/11", "source": "7791", "id": "810", "spells": [["2018/06/11", "2018/06/11"]]}, {"target": "7432", "weight": 1.0, "tag_story": [["[7432,7793]", "2018/06/11", "2018/06/11"]], "label": "tag_381+date_start=2018/06/11", "source": "7793", "id": "812", "spells": [["2018/06/11", "2018/06/11"]]}, {"target": "7432", "weight": 1.0, "tag_story": [["[7432,7792]", "2018/06/11", "2018/06/11"]], "label": "tag_380+date_start=2018/06/11", "source": "7792", "id": "811", "spells": [["2018/06/11", "2018/06/11"]]}, {"target": "7432", "weight": 1.0, "tag_story": [["[7432,7794]", "2018/06/11", "2018/06/11"]], "label": "tag_382+date_start=2018/06/11", "source": "7794", "id": "813", "spells": [["2018/06/11", "2018/06/11"]]}, {"target": "7432", "weight": 1.0, "tag_story": [["[7432,7797]", "2018/06/11", "2018/06/11"]], "label": "tag_385+date_start=2018/06/11", "source": "7797", "id": "814", "spells": [["2018/06/11", "2018/06/11"]]}, {"target": "7433", "weight": 1.0, "tag_story": [["[7433,7801]", "2018/06/11", "2018/06/11"]], "label": "tag_389+date_start=2018/06/11", "source": "7801", "id": "821", "spells": [["2018/06/11", "2018/06/11"]]}, {"target": "7433", "weight": 1.0, "tag_story": [["[7433,7800]", "2018/06/11", "2018/06/11"]], "label": "tag_388+date_start=2018/06/11", "source": "7800", "id": "820", "spells": [["2018/06/11", "2018/06/11"]]}, {"target": "7433", "weight": 1.0, "tag_story": [["[7433,7802]", "2018/06/11", "2018/06/11"]], "label": "tag_390+date_start=2018/06/11", "source": "7802", "id": "823", "spells": [["2018/06/11", "2018/06/11"]]}, {"edgemeta": ["listing"], "target": "7469", "weight": 1.0, "label": "create_1+date_start=2018/06/06", "source": "124", "edgeweight": {"7469": 2.0, "124": 2.0}, "create_listing": [["[124,7469]", "2018/06/06", "2018/06/06"]], "id": "147", "spells": [["2018/06/06", "2018/06/06"]]}, {"target": "7788", "weight": 1.0, "label": "tag_374+date_start=2018/06/06", "source": "7469", "tag_listing": [["[7469,7788]", "2018/06/06", "2018/06/06"]], "id": "806", "spells": [["2018/06/06", "2018/06/06"]]}, {"target": "7786", "weight": 1.0, "label": "tag_372+date_start=2018/06/06", "source": "7469", "tag_listing": [["[7469,7786]", "2018/06/06", "2018/06/06"]], "id": "804", "spells": [["2018/06/06", "2018/06/06"]]}, {"target": "7787", "weight": 1.0, "label": "tag_373+date_start=2018/06/06", "source": "7469", "tag_listing": [["[7469,7787]", "2018/06/06", "2018/06/06"]], "id": "805", "spells": [["2018/06/06", "2018/06/06"]]}, {"target": "7784", "weight": 1.0, "label": "tag_370+date_start=2018/06/06", "source": "7469", "tag_listing": [["[7469,7784]", "2018/06/06", "2018/06/06"]], "id": "802", "spells": [["2018/06/06", "2018/06/06"]]}, {"target": "7785", "weight": 1.0, "label": "tag_371+date_start=2018/06/06", "source": "7469", "tag_listing": [["[7469,7785]", "2018/06/06", "2018/06/06"]], "id": "803", "spells": [["2018/06/06", "2018/06/06"]]}, {"target": "7782", "weight": 1.0, "label": "tag_368+date_start=2018/06/06", "source": "7469", "tag_listing": [["[7469,7782]", "2018/06/06", "2018/06/06"]], "id": "800", "spells": [["2018/06/06", "2018/06/06"]]}, {"target": "7783", "weight": 1.0, "label": "tag_369+date_start=2018/06/06", "source": "7469", "tag_listing": [["[7469,7783]", "2018/06/06", "2018/06/06"]], "id": "801", "spells": [["2018/06/06", "2018/06/06"]]}, {"target": "7780", "weight": 1.0, "label": "tag_366+date_start=2018/06/06", "source": "7469", "tag_listing": [["[7469,7780]", "2018/06/06", "2018/06/06"]], "id": "798", "spells": [["2018/06/06", "2018/06/06"]]}, {"target": "7781", "weight": 1.0, "label": "tag_367+date_start=2018/06/06", "source": "7469", "tag_listing": [["[7469,7781]", "2018/06/06", "2018/06/06"]], "id": "799", "spells": [["2018/06/06", "2018/06/06"]]}, {"edgemeta": ["story"], "target": "7432", "weight": 1.0, "label": "create_165+date_start=2018/06/11", "source": "20", "edgeweight": {"20": 2.0, "7432": 2.0}, "id": "110", "create_story": [["[20,7432]", "2018/06/11", "2018/06/11"]], "spells": [["2018/06/11", "2018/06/11"]]}, {"edgemeta": ["story"], "target": "7433", "weight": 1.0, "label": "create_166+date_start=2018/06/11", "source": "20", "edgeweight": {"20": 2.0, "7433": 2.0}, "id": "111", "create_story": [["[20,7433]", "2018/06/11", "2018/06/11"]], "spells": [["2018/06/11", "2018/06/11"]]}, {"edgemeta": ["story"], "target": "7434", "weight": 1.0, "label": "create_168+date_start=2018/06/12", "source": "37", "edgeweight": {"7434": 2.0, "37": 2.0}, "id": "112", "create_story": [["[37,7434]", "2018/06/12", "2018/06/12"]], "spells": [["2018/06/12", "2018/06/12"]]}, {"target": "7433", "weight": 1.0, "tag_story": [["[7433,7875]", "2018/06/11", "2018/06/11"]], "label": "tag_469+date_start=2018/06/11", "source": "7875", "id": "858", "spells": [["2018/06/11", "2018/06/11"]]}, {"target": "7434", "weight": 1.0, "tag_story": [["[7434,7789]", "2018/06/12", "2018/06/12"]], "label": "tag_375+date_start=2018/06/12", "source": "7789", "id": "807", "spells": [["2018/06/12", "2018/06/12"]]}], "multigraph": false, "graph": {"start": "2016/06/01", "node_default": {}, "end": "2018/07/26", "mode": "dynamic", "edge_default": {}}, "date": "2018/05/30", "nodes": [{"nodemeta": ["story"], "stats": {"story": {"rtag_story": [], "tag_story": [["[7434,7798]", "2018/06/12", "2018/06/12"]]}}, "name": "santarcangelo", "tags": [], "spells": [["2018/06/12", "2018/06/12"], ["2018/06/13", "2018/06/13"]], "tag_story": [["[7434,7798]", "2018/06/12", "2018/06/12"]], "label": "tag_386", "edgetotals": {"transaction": 0, "story": 0, "social": 0, "listing": 0}, "date": "2018/05/30", "avg_totals": {"listing": 0, "story": 0, "transaction": 0, "social": 0}, "kcore": 0, "type": "tag", "id": "7798", "cumu_totals": {"listing": 0, "story": 0, "transaction": 0, "social": 0}}, {"nodemeta": ["story"], "stats": {"story": {"rtag_story": [], "tag_story": [["[7432,7791]", "2018/06/11", "2018/06/11"]]}}, "name": "invasione", "tags": [], "spells": [["2018/06/11", "2018/06/11"]], "tag_story": [["[7432,7791]", "2018/06/11", "2018/06/11"]], "label": "tag_379", "edgetotals": {"transaction": 0, "story": 0, "social": 0, "listing": 0}, "date": "2018/05/30", "avg_totals": {"listing": 0, "story": 0, "transaction": 0, "social": 0}, "kcore": 0, "type": "tag", "id": "7791", "cumu_totals": {"listing": 0, "story": 0, "transaction": 0, "social": 0}}, {"nodemeta": ["story"], "stats": {"story": {"rtag_story": [], "tag_story": [["[7432,7793]", "2018/06/11", "2018/06/11"]]}}, "name": "italia", "tags": [], "spells": [["2018/06/11", "2018/06/11"]], "tag_story": [["[7432,7793]", "2018/06/11", "2018/06/11"]], "label": "tag_381", "edgetotals": {"transaction": 0, "story": 0, "social": 0, "listing": 0}, "date": "2018/05/30", "avg_totals": {"listing": 0, "story": 0, "transaction": 0, "social": 0}, "kcore": 0, "type": "tag", "id": "7793", "cumu_totals": {"listing": 0, "story": 0, "transaction": 0, "social": 0}}, {"nodemeta": ["story"], "stats": {"story": {"rtag_story": [], "tag_story": [["[7432,7792]", "2018/06/11", "2018/06/11"]]}}, "name": "fuga", "tags": [], "spells": [["2018/06/11", "2018/06/11"]], "tag_story": [["[7432,7792]", "2018/06/11", "2018/06/11"]], "label": "tag_380", "edgetotals": {"transaction": 0, "story": 0, "social": 0, "listing": 0}, "date": "2018/05/30", "avg_totals": {"listing": 0, "story": 0, "transaction": 0, "social": 0}, "kcore": 0, "type": "tag", "id": "7792", "cumu_totals": {"listing": 0, "story": 0, "transaction": 0, "social": 0}}, {"nodemeta": ["story"], "stats": {"story": {"rtag_story": [], "tag_story": [["[7432,7794]", "2018/06/11", "2018/06/11"]]}}, "name": "migrazione", "tags": [], "spells": [["2018/06/11", "2018/06/11"]], "tag_story": [["[7432,7794]", "2018/06/11", "2018/06/11"]], "label": "tag_382", "edgetotals": {"transaction": 0, "story": 0, "social": 0, "listing": 0}, "date": "2018/05/30", "avg_totals": {"listing": 0, "story": 0, "transaction": 0, "social": 0}, "kcore": 0, "type": "tag", "id": "7794", "cumu_totals": {"listing": 0, "story": 0, "transaction": 0, "social": 0}}, {"nodemeta": ["story"], "stats": {"story": {"rtag_story": [], "tag_story": [["[7432,7797]", "2018/06/11", "2018/06/11"]]}}, "name": "informazione", "tags": [], "spells": [["2018/06/11", "2018/06/11"]], "tag_story": [["[7432,7797]", "2018/06/11", "2018/06/11"]], "label": "tag_385", "edgetotals": {"transaction": 0, "story": 0, "social": 0, "listing": 0}, "date": "2018/05/30", "avg_totals": {"listing": 0, "story": 0, "transaction": 0, "social": 0}, "kcore": 0, "type": "tag", "id": "7797", "cumu_totals": {"listing": 0, "story": 0, "transaction": 0, "social": 0}}, {"nodemeta": ["story"], "stats": {"story": {"rtag_story": [], "tag_story": [["[7433,7801]", "2018/06/11", "2018/06/11"]]}}, "name": "storytelling", "tags": [], "spells": [["2018/06/11", "2018/06/11"], ["2018/06/15", "2018/06/15"]], "tag_story": [["[7433,7801]", "2018/06/11", "2018/06/11"]], "label": "tag_389", "edgetotals": {"transaction": 0, "story": 0, "social": 0, "listing": 0}, "date": "2018/05/30", "avg_totals": {"listing": 0, "story": 0, "transaction": 0, "social": 0}, "kcore": 0, "type": "tag", "id": "7801", "cumu_totals": {"listing": 0, "story": 0, "transaction": 0, "social": 0}}, {"nodemeta": ["story"], "stats": {"story": {"rtag_story": [], "tag_story": [["[7433,7800]", "2018/06/11", "2018/06/11"]]}}, "name": "howto", "tags": [], "spells": [["2018/06/11", "2018/06/11"]], "tag_story": [["[7433,7800]", "2018/06/11", "2018/06/11"]], "label": "tag_388", "edgetotals": {"transaction": 0, "story": 0, "social": 0, "listing": 0}, "date": "2018/05/30", "avg_totals": {"listing": 0, "story": 0, "transaction": 0, "social": 0}, "kcore": 0, "type": "tag", "id": "7800", "cumu_totals": {"listing": 0, "story": 0, "transaction": 0, "social": 0}}, {"nodemeta": ["story"], "stats": {"story": {"rtag_story": [], "tag_story": [["[7433,7802]", "2018/06/11", "2018/06/11"]]}}, "name": "tutorial", "tags": [], "spells": [["2018/06/11", "2018/06/11"], ["2018/06/15", "2018/06/15"]], "tag_story": [["[7433,7802]", "2018/06/11", "2018/06/11"]], "label": "tag_390", "edgetotals": {"transaction": 0, "story": 0, "social": 0, "listing": 0}, "date": "2018/05/30", "avg_totals": {"listing": 0, "story": 0, "transaction": 0, "social": 0}, "kcore": 0, "type": "tag", "id": "7802", "cumu_totals": {"listing": 0, "story": 0, "transaction": 0, "social": 0}}, {"kcore": 1, "stats": {"7469": [["create_listing", "2018/06/06"]], "2018/06/06": {"listing": {"create_listing": [1, 2]}}, "listing": {"rcreate_listing": [], "create_listing": [["[124,7469]", "2018/06/06", "2018/06/06"]]}}, "name": "pdansmex960", "tags": [], "spells": [["2018/06/06", "2018/06/06"], ["2018/06/23", "2018/06/23"]], "label": "commoner_135", "create_listing": [["[124,7469]", "2018/06/06", "2018/06/06"]], "conversation": [], "edgetotals": {"transaction": 0, "story": 0, "social": 0, "listing": 2.0}, "date": "2018/05/30", "avg_totals": {"listing": 4.0, "story": 0.0, "transaction": 0.0, "social": 0.0}, "nodemeta": ["listing"], "type": "commoner", "id": "124", "cumu_totals": {"listing": 1.0, "story": 0.0, "transaction": 0.0, "social": 0.0}}, {"spells": [["2018/06/06", "2018/06/06"], ["2018/06/06", "2018/06/06"], ["2018/06/06", "2018/06/06"], ["2018/06/06", "2018/06/06"], ["2018/06/06", "2018/06/06"], ["2018/06/06", "2018/06/06"], ["2018/06/06", "2018/06/06"], ["2018/06/06", "2018/06/06"], ["2018/06/06", "2018/06/06"], ["2018/06/06", "2018/06/06"]], "nodemeta": ["listing", "listing", "listing"], "stats": {"2018/06/06": {"listing": {"tag_listing": [9, 0]}}, "7788": [["tag_listing", "2018/06/06"]], "listing": {"rtag_listing": [], "rcreate_listing": [], "tag_listing": [["[7469,7788]", "2018/06/06", "2018/06/06"], ["[7469,7786]", "2018/06/06", "2018/06/06"], ["[7469,7787]", "2018/06/06", "2018/06/06"], ["[7469,7784]", "2018/06/06", "2018/06/06"], ["[7469,7785]", "2018/06/06", "2018/06/06"], ["[7469,7782]", "2018/06/06", "2018/06/06"], ["[7469,7783]", "2018/06/06", "2018/06/06"], ["[7469,7780]", "2018/06/06", "2018/06/06"], ["[7469,7781]", "2018/06/06", "2018/06/06"]], "create_listing": [["[124,7469]", "2018/06/06", "2018/06/06"]]}, "7786": [["tag_listing", "2018/06/06"]], "7787": [["tag_listing", "2018/06/06"]], "7784": [["tag_listing", "2018/06/06"]], "7785": [["tag_listing", "2018/06/06"]], "7782": [["tag_listing", "2018/06/06"]], "7783": [["tag_listing", "2018/06/06"]], "7780": [["tag_listing", "2018/06/06"]], "7781": [["tag_listing", "2018/06/06"]]}, "tags": ["engleski jezik", "prevoditelj", "hrvatski jezik", "translator", "prevo\u0111enje", "english", "writing", "translation", "croatian"], "create_listing": [["[124,7469]", "2018/06/06", "2018/06/06"]], "title": "Translator from Croatian to English needed", "label": "listing_1", "edgetotals": {"transaction": 0, "story": 0, "social": 0, "listing": 2.0}, "tag_listing": [["[7469,7780]", "2018/06/06", "2018/06/06"], ["[7469,7781]", "2018/06/06", "2018/06/06"], ["[7469,7782]", "2018/06/06", "2018/06/06"], ["[7469,7783]", "2018/06/06", "2018/06/06"], ["[7469,7784]", "2018/06/06", "2018/06/06"], ["[7469,7785]", "2018/06/06", "2018/06/06"], ["[7469,7786]", "2018/06/06", "2018/06/06"], ["[7469,7787]", "2018/06/06", "2018/06/06"], ["[7469,7788]", "2018/06/06", "2018/06/06"]], "date": "2018/05/30", "avg_totals": {"listing": 4.0, "story": 0.0, "transaction": 0.0, "social": 0.0}, "kcore": 1, "type": "listing", "id": "7469", "cumu_totals": {"listing": 1.0, "story": 0.0, "transaction": 0.0, "social": 0.0}}, {"avg_totals": {"listing": 0.0, "story": 4.0, "transaction": 0.0, "social": 0.0}, "nodemeta": ["story"], "comment_story": [], "tag_commoner": [], "tags": [], "spells": [["2018/06/28", "2018/06/28"], ["2018/06/11", "2018/06/11"], ["2018/06/11", "2018/06/11"], ["2018/06/15", "2018/06/15"], ["2018/06/15", "2018/06/15"], ["2018/07/04", "2018/07/04"], ["2018/07/10", "2018/07/10"], ["2017/10/04", "2017/10/04"], ["2017/10/04", "2017/10/04"], ["2017/10/04", "2017/10/04"], ["2018/06/20", "2018/06/20"]], "label": "commoner_23", "name": "matteo", "edgetotals": {"transaction": 0, "story": 4.0, "social": 0, "listing": 0}, "date": "2018/05/30", "stats": {"story": {"rcreate_story": [], "create_story": [["[20,7432]", "2018/06/11", "2018/06/11"], ["[20,7433]", "2018/06/11", "2018/06/11"]]}, "2018/06/11": {"story": {"create_story": [2, 4]}}, "7432": [["create_story", "2018/06/11"]], "7433": [["create_story", "2018/06/11"]]}, "kcore": 1, "type": "commoner", "id": "20", "create_story": [["[20,7432]", "2018/06/11", "2018/06/11"], ["[20,7433]", "2018/06/11", "2018/06/11"]], "cumu_totals": {"listing": 0.0, "story": 1.0, "transaction": 0.0, "social": 0.0}}, {"nodemeta": ["story", "story"], "avg_totals": {"listing": 0.0, "story": 4.0, "transaction": 0.0, "social": 0.0}, "transaction": [], "comment_story": [], "name": "Commonfare", "tags": [], "spells": [["2018/07/12", "2018/07/12"], ["2017/11/10", "2017/11/10"], ["2017/11/15", "2017/11/15"], ["2017/11/15", "2017/11/15"], ["2017/11/15", "2017/11/15"], ["2017/09/01", "2017/09/01"], ["2017/09/01", "2017/09/01"], ["2017/09/01", "2017/09/01"], ["2017/09/01", "2017/09/01"], ["2017/09/01", "2017/09/01"], ["2017/09/01", "2017/09/01"], ["2017/09/01", "2017/09/01"], ["2017/09/01", "2017/09/01"], ["2017/09/01", "2017/09/01"], ["2017/09/01", "2017/09/01"], ["2017/09/01", "2017/09/01"], ["2017/09/01", "2017/09/01"], ["2017/09/01", "2017/09/01"], ["2017/09/01", "2017/09/01"], ["2017/09/01", "2017/09/01"], ["2017/09/01", "2017/09/01"], ["2017/09/01", "2017/09/01"], ["2017/09/01", "2017/09/01"], ["2017/09/01", "2017/09/01"], ["2017/09/01", "2017/09/01"], ["2017/09/01", "2017/09/01"], ["2017/09/01", "2017/09/01"], ["2017/09/01", "2017/09/01"], ["2017/09/01", "2017/09/01"], ["2017/09/01", "2017/09/01"], ["2017/09/01", "2017/09/01"], ["2017/09/01", "2017/09/01"], ["2017/09/01", "2017/09/01"], ["2017/09/01", "2017/09/01"], ["2017/09/01", "2017/09/01"], ["2017/09/01", "2017/09/01"], ["2017/09/01", "2017/09/01"], ["2017/09/01", "2017/09/01"], ["2017/09/01", "2017/09/01"], ["2017/09/01", "2017/09/01"], ["2017/09/01", "2017/09/01"], ["2017/09/01", "2017/09/01"], ["2017/09/01", "2017/09/01"], ["2017/09/01", "2017/09/01"], ["2017/09/01", "2017/09/01"], ["2017/09/01", "2017/09/01"], ["2017/09/01", "2017/09/01"], ["2017/09/01", "2017/09/01"], ["2017/09/01", "2017/09/01"], ["2017/09/01", "2017/09/01"], ["2017/09/01", "2017/09/01"], ["2017/09/01", "2017/09/01"], ["2017/09/01", "2017/09/01"], ["2017/09/01", "2017/09/01"], ["2017/09/01", "2017/09/01"], ["2017/09/01", "2017/09/01"], ["2017/09/01", "2017/09/01"], ["2017/09/01", "2017/09/01"], ["2017/09/01", "2017/09/01"], ["2017/09/01", "2017/09/01"], ["2017/09/01", "2017/09/01"], ["2017/09/01", "2017/09/01"], ["2018/01/22", "2018/01/22"], ["2018/05/24", "2018/05/24"], ["2018/06/12", "2018/06/12"], ["2018/06/13", "2018/06/13"], ["2018/07/05", "2018/07/05"], ["2018/07/09", "2018/07/09"], ["2018/07/09", "2018/07/09"], ["2018/06/14", "2018/06/14"], ["2018/06/14", "2018/06/14"], ["2018/06/19", "2018/06/19"], ["2018/06/19", "2018/06/19"], ["2018/06/20", "2018/06/20"], ["2018/06/25", "2018/06/25"], ["2018/06/25", "2018/06/25"], ["2018/06/25", "2018/06/25"], ["2018/06/25", "2018/06/25"], ["2018/06/25", "2018/06/25"], ["2018/06/28", "2018/06/28"], ["2018/06/28", "2018/06/28"], ["2018/07/02", "2018/07/02"], ["2018/07/02", "2018/07/02"], ["2018/07/02", "2018/07/02"], ["2018/07/02", "2018/07/02"], ["2018/07/02", "2018/07/02"], ["2018/07/02", "2018/07/02"], ["2018/07/11", "2018/07/11"], ["2018/07/11", "2018/07/11"], ["2018/07/11", "2018/07/11"], ["2018/07/12", "2018/07/12"], ["2018/06/21", "2018/06/25"], ["2018/06/21", "2018/06/30"], ["2018/06/21", "2018/06/21"], ["2018/06/21", "2018/06/30"], ["2018/06/21", "2018/06/26"], ["2018/06/23", "2018/06/26"], ["2018/06/13", "2018/06/13"], ["2018/06/14", "2018/06/14"], ["2018/06/14", "2018/06/14"], ["2018/06/14", "2018/06/14"], ["2018/06/14", "2018/06/14"], ["2018/06/14", "2018/06/14"], ["2018/06/18", "2018/06/18"], ["2018/06/25", "2018/06/25"], ["2018/06/27", "2018/06/27"], ["2018/06/27", "2018/06/27"]], "comment_listing": [], "create_listing": [], "conversation": [], "edgetotals": {"transaction": 0, "story": 2.0, "social": 0, "listing": 0}, "label": "commoner_48", "date": "2018/05/30", "stats": {"7434": [["create_story", "2018/06/12"]], "story": {"rcreate_story": [], "create_story": [["[37,7434]", "2018/06/12", "2018/06/12"]]}, "2018/06/12": {"story": {"create_story": [1, 2]}}}, "kcore": 1, "type": "commoner", "id": "37", "create_story": [["[37,7434]", "2018/06/12", "2018/06/12"]], "cumu_totals": {"listing": 0.0, "story": 1.0, "transaction": 0.0, "social": 0.0}}, {"nodemeta": ["story"], "stats": {"story": {"rtag_story": [], "tag_story": [["[7433,7875]", "2018/06/11", "2018/06/11"]]}}, "name": "how to write...", "tags": [], "spells": [["2018/06/11", "2018/06/11"], ["2018/06/15", "2018/06/15"]], "tag_story": [["[7433,7875]", "2018/06/11", "2018/06/11"]], "label": "tag_469", "edgetotals": {"transaction": 0, "story": 0, "social": 0, "listing": 0}, "date": "2018/05/30", "avg_totals": {"listing": 0, "story": 0, "transaction": 0, "social": 0}, "kcore": 0, "type": "tag", "id": "7875", "cumu_totals": {"listing": 0, "story": 0, "transaction": 0, "social": 0}}, {"nodemeta": ["listing"], "stats": {}, "name": "engleski jezik", "tags": [], "spells": [["2018/06/06", "2018/06/06"]], "label": "tag_374", "edgetotals": {"transaction": 0, "story": 0, "social": 0, "listing": 0}, "tag_listing": [["[7469,7788]", "2018/06/06", "2018/06/06"]], "date": "2018/05/30", "avg_totals": {"listing": 0, "story": 0, "transaction": 0, "social": 0}, "kcore": 0, "type": "tag", "id": "7788", "cumu_totals": {"listing": 0, "story": 0, "transaction": 0, "social": 0}}, {"nodemeta": ["story"], "stats": {"story": {"rtag_story": [], "tag_story": [["[7434,7789]", "2018/06/12", "2018/06/12"]]}}, "name": "santacoin", "tags": [], "spells": [["2018/06/12", "2018/06/12"]], "tag_story": [["[7434,7789]", "2018/06/12", "2018/06/12"]], "label": "tag_375", "edgetotals": {"transaction": 0, "story": 0, "social": 0, "listing": 0}, "date": "2018/05/30", "avg_totals": {"listing": 0, "story": 0, "transaction": 0, "social": 0}, "kcore": 0, "type": "tag", "id": "7789", "cumu_totals": {"listing": 0, "story": 0, "transaction": 0, "social": 0}}, {"nodemeta": ["listing"], "stats": {}, "name": "prevoditelj", "tags": [], "spells": [["2018/06/06", "2018/06/06"]], "label": "tag_372", "edgetotals": {"transaction": 0, "story": 0, "social": 0, "listing": 0}, "tag_listing": [["[7469,7786]", "2018/06/06", "2018/06/06"]], "date": "2018/05/30", "avg_totals": {"listing": 0, "story": 0, "transaction": 0, "social": 0}, "kcore": 0, "type": "tag", "id": "7786", "cumu_totals": {"listing": 0, "story": 0, "transaction": 0, "social": 0}}, {"nodemeta": ["listing"], "stats": {}, "name": "hrvatski jezik", "tags": [], "spells": [["2018/06/06", "2018/06/06"]], "label": "tag_373", "edgetotals": {"transaction": 0, "story": 0, "social": 0, "listing": 0}, "tag_listing": [["[7469,7787]", "2018/06/06", "2018/06/06"]], "date": "2018/05/30", "avg_totals": {"listing": 0, "story": 0, "transaction": 0, "social": 0}, "kcore": 0, "type": "tag", "id": "7787", "cumu_totals": {"listing": 0, "story": 0, "transaction": 0, "social": 0}}, {"nodemeta": ["listing"], "stats": {}, "name": "translator", "tags": [], "spells": [["2018/06/06", "2018/06/06"]], "label": "tag_370", "edgetotals": {"transaction": 0, "story": 0, "social": 0, "listing": 0}, "tag_listing": [["[7469,7784]", "2018/06/06", "2018/06/06"]], "date": "2018/05/30", "avg_totals": {"listing": 0, "story": 0, "transaction": 0, "social": 0}, "kcore": 0, "type": "tag", "id": "7784", "cumu_totals": {"listing": 0, "story": 0, "transaction": 0, "social": 0}}, {"nodemeta": ["listing"], "stats": {}, "name": "prevo\u0111enje", "tags": [], "spells": [["2018/06/06", "2018/06/06"]], "label": "tag_371", "edgetotals": {"transaction": 0, "story": 0, "social": 0, "listing": 0}, "tag_listing": [["[7469,7785]", "2018/06/06", "2018/06/06"]], "date": "2018/05/30", "avg_totals": {"listing": 0, "story": 0, "transaction": 0, "social": 0}, "kcore": 0, "type": "tag", "id": "7785", "cumu_totals": {"listing": 0, "story": 0, "transaction": 0, "social": 0}}, {"nodemeta": ["listing"], "stats": {}, "name": "english", "tags": [], "spells": [["2018/06/06", "2018/06/06"]], "label": "tag_368", "edgetotals": {"transaction": 0, "story": 0, "social": 0, "listing": 0}, "tag_listing": [["[7469,7782]", "2018/06/06", "2018/06/06"]], "date": "2018/05/30", "avg_totals": {"listing": 0, "story": 0, "transaction": 0, "social": 0}, "kcore": 0, "type": "tag", "id": "7782", "cumu_totals": {"listing": 0, "story": 0, "transaction": 0, "social": 0}}, {"nodemeta": ["listing"], "stats": {}, "name": "writing", "tags": [], "spells": [["2018/06/06", "2018/06/06"]], "label": "tag_369", "edgetotals": {"transaction": 0, "story": 0, "social": 0, "listing": 0}, "tag_listing": [["[7469,7783]", "2018/06/06", "2018/06/06"]], "date": "2018/05/30", "avg_totals": {"listing": 0, "story": 0, "transaction": 0, "social": 0}, "kcore": 0, "type": "tag", "id": "7783", "cumu_totals": {"listing": 0, "story": 0, "transaction": 0, "social": 0}}, {"nodemeta": ["listing"], "stats": {}, "name": "translation", "tags": [], "spells": [["2018/06/06", "2018/06/06"]], "label": "tag_366", "edgetotals": {"transaction": 0, "story": 0, "social": 0, "listing": 0}, "tag_listing": [["[7469,7780]", "2018/06/06", "2018/06/06"]], "date": "2018/05/30", "avg_totals": {"listing": 0, "story": 0, "transaction": 0, "social": 0}, "kcore": 0, "type": "tag", "id": "7780", "cumu_totals": {"listing": 0, "story": 0, "transaction": 0, "social": 0}}, {"nodemeta": ["listing"], "stats": {}, "name": "croatian", "tags": [], "spells": [["2018/06/06", "2018/06/06"]], "label": "tag_367", "edgetotals": {"transaction": 0, "story": 0, "social": 0, "listing": 0}, "tag_listing": [["[7469,7781]", "2018/06/06", "2018/06/06"]], "date": "2018/05/30", "avg_totals": {"listing": 0, "story": 0, "transaction": 0, "social": 0}, "kcore": 0, "type": "tag", "id": "7781", "cumu_totals": {"listing": 0, "story": 0, "transaction": 0, "social": 0}}, {"nodemeta": ["story", "story", "story"], "stats": {"7798": [["tag_story", "2018/06/12"]], "story": {"rcreate_story": [], "rtag_story": [], "create_story": [["[37,7434]", "2018/06/12", "2018/06/12"]], "tag_story": [["[7434,7798]", "2018/06/12", "2018/06/12"], ["[7434,7789]", "2018/06/12", "2018/06/12"]]}, "2018/06/12": {"story": {"tag_story": [2, 0]}}, "7789": [["tag_story", "2018/06/12"]]}, "title": "Santacoin - Commonfare powers Crypto Rituals at Santarcangelo Festival", "spells": [["2018/06/12", "2018/06/12"], ["2018/06/12", "2018/06/12"], ["2018/06/12", "2018/06/12"]], "tag_story": [["[7434,7789]", "2018/06/12", "2018/06/12"], ["[7434,7798]", "2018/06/12", "2018/06/12"]], "label": "story_168", "tags": ["santarcangelo", "santacoin"], "edgetotals": {"transaction": 0, "story": 2.0, "social": 0, "listing": 0}, "date": "2018/05/30", "avg_totals": {"listing": 0.0, "story": 4.0, "transaction": 0.0, "social": 0.0}, "kcore": 1, "type": "story", "id": "7434", "create_story": [["[37,7434]", "2018/06/12", "2018/06/12"]], "cumu_totals": {"listing": 0.0, "story": 1.0, "transaction": 0.0, "social": 0.0}}, {"nodemeta": ["story", "story", "story"], "comment_story": [], "edgetotals": {"transaction": 0, "story": 2.0, "social": 0, "listing": 0}, "tags": ["invasione", "italia", "fuga", "migrazione", "informazione"], "spells": [["2018/06/11", "2018/06/11"], ["2018/06/11", "2018/06/11"], ["2018/06/11", "2018/06/11"], ["2018/06/11", "2018/06/11"], ["2018/06/11", "2018/06/11"], ["2018/06/11", "2018/06/11"], ["2018/06/20", "2018/06/20"]], "title": "Piuttosto che dell'invasione, dovremmo preoccuparci della fuga!", "tag_story": [["[7432,7791]", "2018/06/11", "2018/06/11"], ["[7432,7792]", "2018/06/11", "2018/06/11"], ["[7432,7793]", "2018/06/11", "2018/06/11"], ["[7432,7794]", "2018/06/11", "2018/06/11"], ["[7432,7797]", "2018/06/11", "2018/06/11"]], "label": "story_165", "avg_totals": {"listing": 0.0, "story": 4.0, "transaction": 0.0, "social": 0.0}, "date": "2018/05/30", "stats": {"story": {"rcreate_story": [], "rtag_story": [], "create_story": [["[20,7432]", "2018/06/11", "2018/06/11"]], "tag_story": [["[7432,7791]", "2018/06/11", "2018/06/11"], ["[7432,7793]", "2018/06/11", "2018/06/11"], ["[7432,7792]", "2018/06/11", "2018/06/11"], ["[7432,7794]", "2018/06/11", "2018/06/11"], ["[7432,7797]", "2018/06/11", "2018/06/11"]]}, "2018/06/11": {"story": {"tag_story": [5, 0]}}, "7791": [["tag_story", "2018/06/11"]], "7793": [["tag_story", "2018/06/11"]], "7792": [["tag_story", "2018/06/11"]], "7794": [["tag_story", "2018/06/11"]], "7797": [["tag_story", "2018/06/11"]]}, "kcore": 1, "type": "story", "id": "7432", "create_story": [["[20,7432]", "2018/06/11", "2018/06/11"]], "cumu_totals": {"listing": 0.0, "story": 1.0, "transaction": 0.0, "social": 0.0}}, {"nodemeta": ["story", "story", "story"], "stats": {"7801": [["tag_story", "2018/06/11"]], "7800": [["tag_story", "2018/06/11"]], "story": {"rcreate_story": [], "rtag_story": [], "create_story": [["[20,7433]", "2018/06/11", "2018/06/11"]], "tag_story": [["[7433,7801]", "2018/06/11", "2018/06/11"], ["[7433,7800]", "2018/06/11", "2018/06/11"], ["[7433,7802]", "2018/06/11", "2018/06/11"], ["[7433,7875]", "2018/06/11", "2018/06/11"]]}, "7802": [["tag_story", "2018/06/11"]], "2018/06/11": {"story": {"tag_story": [4, 0]}}, "7875": [["tag_story", "2018/06/11"]]}, "title": "We can change things, starting from the stories we tell", "spells": [["2018/06/11", "2018/06/11"], ["2018/06/11", "2018/06/11"], ["2018/06/11", "2018/06/11"], ["2018/06/11", "2018/06/11"], ["2018/06/11", "2018/06/11"]], "tag_story": [["[7433,7800]", "2018/06/11", "2018/06/11"], ["[7433,7801]", "2018/06/11", "2018/06/11"], ["[7433,7802]", "2018/06/11", "2018/06/11"], ["[7433,7875]", "2018/06/11", "2018/06/11"]], "label": "story_166", "tags": ["storytelling", "howto", "tutorial", "how to write..."], "edgetotals": {"transaction": 0, "story": 2.0, "social": 0, "listing": 0}, "date": "2018/05/30", "avg_totals": {"listing": 0.0, "story": 4.0, "transaction": 0.0, "social": 0.0}, "kcore": 1, "type": "story", "id": "7433", "create_story": [["[20,7433]", "2018/06/11", "2018/06/11"]], "cumu_totals": {"listing": 0.0, "story": 1.0, "transaction": 0.0, "social": 0.0}}], "tagcount": [["writing", 1], ["tutorial", 1], ["translator", 1], ["translation", 1], ["storytelling", 1], ["santarcangelo", 1], ["santacoin", 1], ["prevo\u0111enje", 1], ["prevoditelj", 1], ["migrazione", 1], ["italia", 1], ["invasione", 1], ["informazione", 1], ["hrvatski jezik", 1], ["howto", 1], ["how to write...", 1], ["fuga", 1], ["english", 1], ["engleski jezik", 1], ["croatian", 1]]}